draw_date,winning_numbers,bonus_numbers,jackpot_amount
2026-08-13,5 14 18 23 27,,N/A
2026-08-12,15 21 30 32 40,,N/A
2026-08-11,3 11 14 20 38,,N/A
2026-08-10,11 18 31 32 38,,N/A
2026-08-09,16 22 27 35 40,,N/A
2026-08-08,2 7 9 13 26,,N/A
2026-08-07,5 11 17 36 39,,N/A
2026-08-06,6 18 22 28 32,,N/A
2026-08-05,11 12 20 29 39,,N/A
2026-08-04,2 8 29 33 36,,N/A
2026-08-03,1 7 22 27 33,,N/A
2026-08-02,15 19 20 27 32,,N/A
2026-08-01,6 14 16 23 37,,N/A
2026-07-31,8 16 19 38 39,,N/A
2026-07-30,5 22 31 40 42,,N/A
2026-07-29,5 22 25 26 33,,N/A
2026-07-28,4 16 36 40 41,,N/A
2026-07-27,15 25 29 36 42,,N/A
2026-07-26,11 14 16 25 37,,N/A
2026-07-25,4 8 21 35 42,,N/A
2026-07-24,1 8 15 28 37,,N/A
2026-07-23,3 16 24 32 36,,N/A
2026-07-22,4 12 13 31 32,,N/A
2026-07-21,13 14 16 19 42,,N/A
2026-07-20,13 17 21 29 41,,N/A
2026-07-19,2 3 21 36 40,,N/A
2026-07-18,4 11 12 32 42,,N/A
2026-07-17,1 13 17 34 39,,N/A
2026-07-16,6 24 32 35 41,,N/A
2026-07-15,14 20 26 35 42,,N/A
2026-07-14,3 6 10 24 38,,N/A
2026-07-13,2 5 7 16 38,,N/A
2026-07-12,4 15 26 30 31,,N/A
2026-07-11,14 18 22 34 39,,N/A
2026-07-10,1 19 22 35 42,,N/A
2026-07-09,8 15 22 30 33,,N/A
2026-07-08,7 10 11 38 39,,N/A
2026-07-07,1 11 30 32 41,,N/A
2026-07-06,6 7 13 21 31,,N/A
2026-07-05,8 15 17 20 30,,N/A
2026-07-04,6 8 15 20 28,,N/A
2026-07-03,5 6 14 30 39,,N/A
2026-07-02,3 8 21 24 42,,N/A
2026-07-01,22 24 26 27 29,,N/A
2026-06-30,1 11 22 27 28,,N/A
2026-06-29,4 25 30 35 37,,N/A
2026-06-28,10 18 31 36 41,,N/A
2026-06-27,12 22 26 28 42,,N/A
2026-06-26,7 11 16 24 25,,N/A
2026-06-25,19 21 29 35 38,,N/A
2026-06-24,13 20 26 39 41,,N/A
2026-06-23,3 5 34 36 40,,N/A
2026-06-22,5 20 34 41 42,,N/A
2026-06-21,4 7 15 28 42,,N/A
2026-06-20,16 20 25 28 42,,N/A
2026-06-19,12 14 19 26 28,,N/A
2026-06-18,5 6 7 16 40,,N/A
2026-06-17,4 8 26 27 40,,N/A
2026-06-16,7 14 15 36 40,,N/A
2026-06-15,13 15 18 23 31,,N/A
2026-06-14,10 12 13 16 41,,N/A
2026-06-13,4 6 7 29 31,,N/A
2026-06-12,1 5 27 33 35,,N/A
2026-06-11,21 22 25 29 38,,N/A
2026-06-10,5 10 19 26 39,,N/A
2026-06-09,2 10 17 39 42,,N/A
2026-06-08,1 2 10 23 27,,N/A
2026-06-07,5 7 8 10 25,,N/A
2026-06-06,3 4 19 35 42,,N/A
2026-06-05,5 9 12 23 29,,N/A
2026-06-04,1 4 5 6 9,,N/A
2026-06-03,11 24 27 41 42,,N/A
2026-06-02,4 8 12 15 28,,N/A
2026-06-01,3 10 28 32 33,,N/A
2026-05-31,1 4 14 19 27,,N/A
2026-05-30,2 8 21 31 36,,N/A
2026-05-29,9 27 28 29 30,,N/A
2026-05-28,13 20 21 35 40,,N/A
2026-05-27,3 11 22 27 36,,N/A
2026-05-26,1 5 7 20 32,,N/A
2026-05-25,9 12 20 21 29,,N/A
2026-05-24,5 10 28 33 40,,N/A
2026-05-23,6 19 30 35 38,,N/A
2026-05-22,12 27 28 37 42,,N/A
2026-05-21,8 17 21 28 39,,N/A
2026-05-20,9 10 19 20 30,,N/A
2026-05-19,2 19 28 36 38,,N/A
2026-05-18,7 21 22 24 37,,N/A
2026-05-17,13 30 32 37 42,,N/A
2026-05-16,7 21 29 34 40,,N/A
2026-05-15,14 20 28 40 42,,N/A
2026-05-14,9 16 17 35 38,,N/A
2026-05-13,3 18 21 25 38,,N/A
2026-05-12,9 23 28 34 40,,N/A
2026-05-11,7 9 11 32 42,,N/A
2026-05-10,12 19 22 34 41,,N/A
2026-05-09,1 20 24 39 42,,N/A
2026-05-08,9 18 35 38 41,,N/A
2026-05-07,15 17 26 36 38,,N/A
2026-05-06,10 16 21 27 37,,N/A
2026-05-05,5 24 34 36 38,,N/A
2026-05-04,1 6 12 31 32,,N/A
2026-05-03,5 9 18 21 28,,N/A
2026-05-02,7 23 30 33 39,,N/A
2026-05-01,1 9 16 21 34,,N/A
2026-04-30,11 22 33 37 40,,N/A
2026-04-29,3 23 27 34 35,,N/A
2026-04-28,1 14 15 39 41,,N/A
2026-04-27,10 17 19 22 23,,N/A
2026-04-26,1 11 13 23 25,,N/A
2026-04-25,2 17 23 26 28,,N/A
2026-04-24,14 15 24 30 35,,N/A
2026-04-23,12 15 17 19 34,,N/A
2026-04-22,2 3 27 32 42,,N/A
2026-04-21,8 11 17 19 39,,N/A
2026-04-20,16 27 29 34 40,,N/A
2026-04-19,11 14 16 22 39,,N/A
2026-04-18,4 6 20 36 37,,N/A
2026-04-17,4 6 10 19 32,,N/A
2026-04-16,1 18 20 30 41,,N/A
2026-04-15,4 6 14 21 27,,N/A
2026-04-14,21 23 29 30 31,,N/A
2026-04-13,7 8 13 18 20,,N/A
2026-04-12,2 13 19 21 40,,N/A
2026-04-11,3 5 9 15 17,,N/A
2026-04-10,3 4 15 27 33,,N/A
2026-04-09,3 13 15 36 38,,N/A
2026-04-08,5 8 23 27 34,,N/A
2026-04-07,14 21 28 31 39,,N/A
2026-04-06,14 21 22 27 34,,N/A
2026-04-05,1 23 27 28 33,,N/A
2026-04-04,3 4 10 12 14,,N/A
2026-04-03,2 14 26 34 41,,N/A
2026-04-02,20 22 24 37 38,,N/A
2026-04-01,4 9 11 15 22,,N/A
2026-03-31,2 3 28 30 34,,N/A
2026-03-30,9 25 29 35 41,,N/A
2026-03-29,7 18 19 26 36,,N/A
2026-03-28,6 12 20 30 42,,N/A
2026-03-27,6 9 20 27 39,,N/A
2026-03-26,14 21 22 27 31,,N/A
2026-03-25,1 8 20 28 39,,N/A
2026-03-24,6 12 14 24 31,,N/A
2026-03-23,11 23 28 29 39,,N/A
2026-03-22,2 16 20 22 41,,N/A
2026-03-21,8 15 26 36 38,,N/A
2026-03-20,5 18 21 32 34,,N/A
2026-03-19,9 18 19 24 30,,N/A
2026-03-18,6 7 33 39 41,,N/A
2026-03-17,1 3 24 33 38,,N/A
2026-03-16,1 10 19 21 34,,N/A
2026-03-15,4 6 14 20 39,,N/A
2026-03-14,7 20 31 35 37,,N/A
2026-03-13,7 8 11 20 39,,N/A
2026-03-12,10 27 35 38 39,,N/A
2026-03-11,5 11 16 24 34,,N/A
2026-03-10,8 10 11 14 15,,N/A
2026-03-09,5 29 32 34 37,,N/A
2026-03-08,3 4 8 13 31,,N/A
2026-03-07,2 24 30 31 36,,N/A
2026-03-06,9 10 15 22 35,,N/A
2026-03-05,4 10 25 31 42,,N/A
2026-03-04,3 6 15 30 35,,N/A
2026-03-03,11 15 19 23 34,,N/A
2026-03-02,7 27 30 33 38,,N/A
2026-03-01,26 30 31 41 42,,N/A
2026-02-28,4 14 18 37 39,,N/A
2026-02-27,9 11 12 27 39,,N/A
2026-02-26,15 22 24 32 38,,N/A
2026-02-25,3 5 15 19 25,,N/A
2026-02-24,4 26 30 31 42,,N/A
2026-02-23,4 9 26 34 42,,N/A
2026-02-22,4 16 24 29 33,,N/A
2026-02-21,5 12 16 27 36,,N/A
2026-02-20,9 16 23 34 36,,N/A
2026-02-19,3 14 20 29 30,,N/A
2026-02-18,1 8 16 28 39,,N/A
2026-02-17,5 30 31 33 35,,N/A
2026-02-16,4 13 16 23 27,,N/A
2026-02-15,3 4 5 16 28,,N/A
2026-02-14,3 7 21 23 31,,N/A
2026-02-13,3 6 10 15 39,,N/A
2026-02-12,4 13 31 35 37,,N/A
2026-02-11,1 9 22 25 42,,N/A
2026-02-10,3 18 27 31 39,,N/A
2026-02-09,6 8 24 32 37,,N/A
2026-02-08,8 13 27 38 42,,N/A
2026-02-07,19 23 25 34 36,,N/A
2026-02-06,3 5 16 22 30,,N/A
2026-02-05,14 16 21 24 30,,N/A
2026-02-04,6 14 23 30 36,,N/A
2026-02-03,4 15 29 41 42,,N/A
2026-02-02,2 9 13 19 21,,N/A
2026-02-01,7 10 21 25 28,,N/A
2026-01-31,10 14 24 31 40,,N/A
2026-01-30,3 9 30 35 37,,N/A
2026-01-29,9 28 36 38 40,,N/A
2026-01-28,7 12 18 20 26,,N/A
2026-01-27,1 3 7 21 27,,N/A
2026-01-26,9 12 25 36 40,,N/A
2026-01-25,4 8 11 36 40,,N/A
2026-01-24,8 23 30 37 39,,N/A
2026-01-23,12 21 31 32 41,,N/A
2026-01-22,6 20 23 34 42,,N/A
2026-01-21,5 12 17 21 25,,N/A
2026-01-20,3 11 17 39 40,,N/A
2026-01-19,6 7 15 33 39,,N/A
2026-01-18,7 10 14 30 32,,N/A
2026-01-17,11 25 27 28 31,,N/A
2026-01-16,2 18 28 35 40,,N/A
2026-01-15,4 8 19 25 41,,N/A
2026-01-14,10 12 14 17 24,,N/A
2026-01-13,4 9 18 29 34,,N/A
2026-01-12,8 14 22 24 37,,N/A
2026-01-11,6 22 24 34 42,,N/A
2026-01-10,3 8 20 28 33,,N/A
2026-01-09,15 18 31 33 40,,N/A
2026-01-08,2 15 16 30 40,,N/A
2026-01-07,7 18 20 25 26,,N/A
2026-01-06,1 16 27 31 39,,N/A
2026-01-05,12 27 38 39 40,,N/A
2026-01-04,4 13 24 35 36,,N/A
2026-01-03,2 9 20 32 39,,N/A
2026-01-02,1 17 21 29 34,,N/A
2026-01-01,4 11 19 24 33,,N/A
2025-12-31,13 23 25 27 40,,N/A
2025-12-30,3 6 12 14 23,,N/A
2025-12-29,9 19 25 33 36,,N/A
2025-12-28,6 25 27 40 41,,N/A
2025-12-27,7 9 20 22 25,,N/A
2025-12-26,2 9 12 36 37,,N/A
2025-12-25,2 5 16 21 41,,N/A
2025-12-24,20 22 24 31 40,,N/A
2025-12-23,3 27 35 38 39,,N/A
2025-12-22,18 19 35 38 40,,N/A
2025-12-21,13 33 35 37 40,,N/A
2025-12-20,6 13 23 29 33,,N/A
2025-12-19,6 10 12 18 28,,N/A
2025-12-18,10 12 38 39 40,,N/A
2025-12-17,7 12 13 26 30,,N/A
2025-12-16,8 22 23 28 35,,N/A
2025-12-15,21 22 27 36 38,,N/A
2025-12-14,14 18 19 20 22,,N/A
2025-12-13,5 7 26 32 34,,N/A
2025-12-12,16 24 25 41 42,,N/A
2025-12-11,3 6 9 34 42,,N/A
2025-12-10,5 7 12 30 35,,N/A
2025-12-09,1 6 18 23 25,,N/A
2025-12-08,8 9 21 33 37,,N/A
2025-12-07,3 10 15 27 30,,N/A
2025-12-06,3 11 14 16 23,,N/A
2025-12-05,12 24 25 31 41,,N/A
2025-12-04,7 12 17 19 36,,N/A
2025-12-03,3 24 25 27 36,,N/A
2025-12-02,7 16 23 35 41,,N/A
2025-12-01,4 5 28 29 31,,N/A
2025-11-30,11 18 26 29 41,,N/A
2025-11-29,3 7 13 22 35,,N/A
2025-11-28,5 13 18 23 39,,N/A
2025-11-27,2 5 11 12 30,,N/A
2025-11-26,7 12 22 28 39,,N/A
2025-11-25,5 7 25 26 40,,N/A
2025-11-24,2 17 21 23 35,,N/A
2025-11-23,7 17 21 22 42,,N/A
2025-11-22,15 35 36 39 41,,N/A
2025-11-21,3 5 17 30 36,,N/A
2025-11-20,4 13 16 32 34,,N/A
2025-11-19,3 10 12 24 26,,N/A
2025-11-18,1 6 9 28 37,,N/A
2025-11-17,7 8 18 38 40,,N/A
2025-11-16,2 16 29 32 35,,N/A
2025-11-15,5 19 21 33 37,,N/A
2025-11-14,10 11 24 32 37,,N/A
2025-11-13,7 12 17 18 35,,N/A
2025-11-12,12 18 28 35 37,,N/A
2025-11-11,1 16 27 33 40,,N/A
2025-11-10,1 14 18 31 39,,N/A
2025-11-09,4 10 16 20 30,,N/A
2025-11-08,13 14 16 26 33,,N/A
2025-11-07,11 20 23 33 39,,N/A
2025-11-06,2 20 25 30 32,,N/A
2025-11-05,4 15 22 26 38,,N/A
2025-11-04,15 23 35 36 40,,N/A
2025-11-03,3 13 18 29 32,,N/A
2025-11-02,12 14 19 38 41,,N/A
2025-11-01,5 31 34 36 41,,N/A
2025-10-31,9 13 29 33 35,,N/A
2025-10-30,13 21 24 28 32,,N/A
2025-10-29,5 23 24 28 37,,N/A
2025-10-28,24 25 31 35 42,,N/A
2025-10-27,2 7 15 23 33,,N/A
2025-10-26,7 20 32 41 42,,N/A
2025-10-25,7 14 31 37 42,,N/A
2025-10-24,2 3 29 30 38,,N/A
2025-10-23,27 28 30 31 37,,N/A
2025-10-22,4 14 18 27 32,,N/A
2025-10-21,2 19 35 36 41,,N/A
2025-10-20,3 13 14 37 40,,N/A
2025-10-19,2 6 21 30 35,,N/A
2025-10-18,4 17 22 37 38,,N/A
2025-10-17,11 22 27 28 36,,N/A
2025-10-16,4 18 23 30 33,,N/A
2025-10-15,14 24 25 30 41,,N/A
2025-10-14,3 21 22 25 32,,N/A
2025-10-13,5 23 24 29 40,,N/A
2025-10-12,10 12 15 16 35,,N/A
2025-10-11,10 14 24 29 39,,N/A
2025-10-10,16 18 24 28 32,,N/A
2025-10-09,1 12 27 32 37,,N/A
2025-10-08,11 14 19 25 41,,N/A
2025-10-07,3 13 18 19 34,,N/A
2025-10-06,13 15 23 29 32,,N/A
2025-10-05,2 8 23 26 32,,N/A
2025-10-04,4 12 35 40 41,,N/A
2025-10-03,12 16 26 27 38,,N/A
2025-10-02,20 21 27 36 39,,N/A
2025-10-01,5 10 12 28 36,,N/A
2025-09-30,1 3 5 16 38,,N/A
2025-09-29,3 9 13 19 29,,N/A
2025-09-28,2 36 38 40 41,,N/A
2025-09-27,12 21 23 37 38,,N/A
2025-09-26,12 15 22 39 41,,N/A
2025-09-25,8 11 19 31 39,,N/A
2025-09-24,6 11 20 21 30,,N/A
2025-09-23,4 5 17 23 28,,N/A
2025-09-22,2 23 30 33 40,,N/A
2025-09-21,21 23 28 30 40,,N/A
2025-09-20,1 7 35 38 41,,N/A
2025-09-19,11 18 20 34 38,,N/A
2025-09-18,7 26 32 36 39,,N/A
2025-09-17,22 23 29 32 40,,N/A
2025-09-16,3 11 14 21 22,,N/A
2025-09-15,3 5 9 12 40,,N/A
2025-09-14,1 6 12 37 40,,N/A
2025-09-13,15 24 26 28 32,,N/A
2025-09-12,1 9 11 27 33,,N/A
2025-09-11,2 21 29 32 41,,N/A
2025-09-10,3 5 19 26 30,,N/A
2025-09-09,7 12 16 31 40,,N/A
2025-09-08,6 30 33 35 39,,N/A
2025-09-07,8 13 17 20 31,,N/A
2025-09-06,3 4 9 10 30,,N/A
2025-09-05,5 6 10 37 41,,N/A
2025-09-04,3 7 13 20 24,,N/A
2025-09-03,17 24 26 33 41,,N/A
2025-09-02,11 22 31 33 40,,N/A
2025-09-01,1 17 19 24 31,,N/A
2025-08-31,1 20 31 36 41,,N/A
2025-08-30,5 18 29 40 42,,N/A
2025-08-29,2 16 17 21 39,,N/A
2025-08-28,3 9 22 25 30,,N/A
2025-08-27,11 20 32 34 39,,N/A
2025-08-26,4 8 11 31 39,,N/A
2025-08-25,16 26 33 36 39,,N/A
2025-08-24,5 8 9 19 24,,N/A
2025-08-23,10 20 25 30 31,,N/A
2025-08-22,3 22 26 28 42,,N/A
2025-08-21,4 9 13 30 41,,N/A
2025-08-20,20 27 30 36 40,,N/A
2025-08-19,1 22 28 35 40,,N/A
2025-08-18,8 14 18 25 38,,N/A
2025-08-17,17 18 19 27 38,,N/A
2025-08-16,1 6 11 14 23,,N/A
2025-08-15,13 19 24 29 36,,N/A
2025-08-14,4 25 30 34 35,,N/A
2025-08-13,12 23 35 36 37,,N/A
2025-08-12,13 19 23 34 38,,N/A
2025-08-11,3 11 22 25 34,,N/A
2025-08-10,3 9 29 38 40,,N/A
2025-08-09,4 16 36 39 42,,N/A
2025-08-08,11 12 17 31 34,,N/A
2025-08-07,19 27 30 38 41,,N/A
2025-08-06,13 21 24 26 38,,N/A
2025-08-05,2 4 8 21 32,,N/A
2025-08-04,1 18 27 34 41,,N/A
2025-08-03,4 10 27 28 39,,N/A
2025-08-02,9 17 28 29 30,,N/A
2025-08-01,7 14 18 22 38,,N/A
2025-07-31,6 12 25 34 36,,N/A
2025-07-30,7 15 16 17 23,,N/A
2025-07-29,4 16 20 24 33,,N/A
2025-07-28,8 18 21 32 34,,N/A
2025-07-27,14 15 25 31 33,,N/A
2025-07-26,3 12 14 19 38,,N/A
2025-07-25,6 10 21 24 26,,N/A
2025-07-24,8 9 11 18 38,,N/A
2025-07-23,5 29 32 33 40,,N/A
2025-07-22,5 23 31 32 36,,N/A
2025-07-21,3 11 22 29 35,,N/A
2025-07-20,6 18 22 33 42,,N/A
2025-07-19,4 9 28 36 38,,N/A
2025-07-18,12 25 32 34 35,,N/A
2025-07-17,1 7 15 22 41,,N/A
2025-07-16,11 13 16 18 34,,N/A
2025-07-15,10 14 18 28 37,,N/A
2025-07-14,16 18 21 26 30,,N/A
2025-07-13,15 26 27 35 41,,N/A
2025-07-12,9 10 12 19 29,,N/A
2025-07-11,8 15 23 35 41,,N/A
2025-07-10,1 3 21 34 40,,N/A
2025-07-09,3 12 19 34 40,,N/A
2025-07-08,6 10 21 23 25,,N/A
2025-07-07,15 18 19 28 35,,N/A
2025-07-06,7 19 28 38 42,,N/A
2025-07-05,2 15 16 26 29,,N/A
2025-07-04,11 12 17 25 29,,N/A
2025-07-03,6 13 21 23 39,,N/A
2025-07-02,1 5 11 12 27,,N/A
2025-07-01,9 11 13 28 40,,N/A
2025-06-30,7 8 17 22 39,,N/A
2025-06-29,13 19 28 35 41,,N/A
2025-06-28,1 9 12 13 26,,N/A
2025-06-27,21 26 28 32 35,,N/A
2025-06-26,4 12 14 30 36,,N/A
2025-06-25,6 15 16 25 41,,N/A
2025-06-24,3 21 28 29 39,,N/A
2025-06-23,4 8 17 27 40,,N/A
2025-06-22,14 17 23 28 32,,N/A
2025-06-21,10 29 34 38 39,,N/A
2025-06-20,20 23 24 27 37,,N/A
2025-06-19,3 6 10 29 36,,N/A
2025-06-18,20 35 37 38 42,,N/A
2025-06-17,1 7 29 35 39,,N/A
2025-06-16,14 22 24 28 35,,N/A
2025-06-15,5 32 34 35 42,,N/A
2025-06-14,9 20 25 34 39,,N/A
2025-06-13,9 21 32 33 40,,N/A
2025-06-12,2 12 19 27 33,,N/A
2025-06-11,9 13 18 20 34,,N/A
2025-06-10,9 10 30 33 34,,N/A
2025-06-09,4 9 14 27 41,,N/A
2025-06-08,1 11 24 25 39,,N/A
2025-06-07,7 22 24 32 40,,N/A
2025-06-06,1 6 11 12 17,,N/A
2025-06-05,13 26 29 30 36,,N/A
2025-06-04,4 12 18 32 33,,N/A
2025-06-03,2 7 8 18 22,,N/A
2025-06-02,3 14 29 36 38,,N/A
2025-06-01,3 4 18 24 27,,N/A
2025-05-31,13 22 25 27 32,,N/A
2025-05-30,14 18 29 32 40,,N/A
2025-05-29,5 7 10 28 30,,N/A
2025-05-28,5 23 27 37 42,,N/A
2025-05-27,15 17 20 29 39,,N/A
2025-05-26,8 11 12 16 35,,N/A
2025-05-25,15 17 21 31 38,,N/A
2025-05-24,1 12 14 31 32,,N/A
2025-05-23,5 12 13 26 27,,N/A
2025-05-22,4 7 8 12 38,,N/A
2025-05-21,3 4 10 12 23,,N/A
2025-05-20,5 11 15 30 32,,N/A
2025-05-19,24 30 35 37 38,,N/A
2025-05-18,3 16 19 34 38,,N/A
2025-05-17,5 7 10 20 21,,N/A
2025-05-16,6 8 14 17 41,,N/A
2025-05-15,5 8 10 36 37,,N/A
2025-05-14,7 9 10 23 38,,N/A
2025-05-13,8 23 24 36 41,,N/A
2025-05-12,4 10 16 22 30,,N/A
2025-05-11,2 13 18 28 31,,N/A
2025-05-10,12 13 24 27 28,,N/A
2025-05-09,2 14 15 24 36,,N/A
2025-05-08,1 9 11 22 28,,N/A
2025-05-07,10 15 34 38 42,,N/A
2025-05-06,5 7 17 19 35,,N/A
2025-05-05,6 17 25 31 37,,N/A
2025-05-04,7 14 20 33 34,,N/A
2025-05-03,1 9 10 25 38,,N/A
2025-05-02,8 17 33 39 42,,N/A
2025-05-01,1 6 11 35 37,,N/A
2025-04-30,5 14 21 31 42,,N/A
2025-04-29,6 16 19 31 38,,N/A
2025-04-28,3 21 23 40 42,,N/A
2025-04-27,15 24 33 38 42,,N/A
2025-04-26,4 7 20 37 40,,N/A
2025-04-25,9 10 17 27 38,,N/A
2025-04-24,4 7 13 14 37,,N/A
2025-04-23,7 9 11 14 31,,N/A
2025-04-22,10 14 16 23 37,,N/A
2025-04-21,1 5 13 23 41,,N/A
2025-04-20,16 20 22 24 41,,N/A
2025-04-19,4 19 21 37 41,,N/A
2025-04-18,3 18 22 35 40,,N/A
2025-04-17,2 20 24 26 28,,N/A
2025-04-16,23 27 33 34 42,,N/A
2025-04-15,3 4 14 17 30,,N/A
2025-04-14,14 16 38 39 41,,N/A
2025-04-13,3 13 38 40 42,,N/A
2025-04-12,4 11 22 37 38,,N/A
2025-04-11,3 4 8 18 42,,N/A
2025-04-10,17 18 30 32 38,,N/A
2025-04-09,3 8 18 35 42,,N/A
2025-04-08,7 15 18 29 40,,N/A
2025-04-07,6 20 24 25 32,,N/A
2025-04-06,2 8 11 15 31,,N/A
2025-04-05,2 15 18 29 30,,N/A
2025-04-04,11 20 21 38 40,,N/A
2025-04-03,7 18 29 31 41,,N/A
2025-04-02,4 24 27 37 41,,N/A
2025-04-01,16 21 22 24 33,,N/A
2025-03-31,7 10 25 33 41,,N/A
2025-03-30,6 10 12 17 24,,N/A
2025-03-29,15 18 27 32 33,,N/A
2025-03-28,10 21 24 31 38,,N/A
2025-03-27,21 25 26 36 37,,N/A
2025-03-26,10 11 12 14 34,,N/A
2025-03-25,3 5 8 18 31,,N/A
2025-03-24,3 7 27 38 39,,N/A
2025-03-23,2 5 8 11 36,,N/A
2025-03-22,10 11 25 26 33,,N/A
2025-03-21,1 8 14 29 41,,N/A
2025-03-20,6 10 11 24 30,,N/A
2025-03-19,8 16 17 28 38,,N/A
2025-03-18,3 6 7 18 38,,N/A
2025-03-17,15 16 19 31 41,,N/A
2025-03-16,18 23 26 38 41,,N/A
2025-03-15,6 18 24 32 39,,N/A
2025-03-14,11 21 23 29 35,,N/A
2025-03-13,21 25 29 33 40,,N/A
2025-03-12,7 8 17 24 40,,N/A
2025-03-11,1 3 6 7 25,,N/A
2025-03-10,1 4 12 14 19,,N/A
2025-03-09,18 28 33 36 37,,N/A
2025-03-08,2 3 20 25 42,,N/A
2025-03-07,4 16 21 30 33,,N/A
2025-03-06,1 3 5 6 19,,N/A
2025-03-05,2 12 16 29 30,,N/A
2025-03-04,19 23 28 30 41,,N/A
2025-03-03,8 12 17 18 27,,N/A
2025-03-02,3 6 22 28 37,,N/A
2025-03-01,19 20 31 35 38,,N/A
2025-02-28,4 11 33 34 40,,N/A
2025-02-27,8 13 14 36 39,,N/A
2025-02-26,22 26 30 36 37,,N/A
2025-02-25,19 21 23 28 32,,N/A
2025-02-24,7 10 24 35 42,,N/A
2025-02-23,15 18 19 25 40,,N/A
2025-02-22,11 18 26 38 39,,N/A
2025-02-21,3 4 5 15 30,,N/A
2025-02-20,2 13 31 39 41,,N/A
2025-02-19,15 18 34 36 41,,N/A
2025-02-18,9 16 27 33 35,,N/A
2025-02-17,1 2 17 20 39,,N/A
2025-02-16,7 10 25 28 29,,N/A
2025-02-15,9 15 18 23 25,,N/A
2025-02-14,6 11 18 38 40,,N/A
2025-02-13,2 11 13 19 36,,N/A
2025-02-12,2 11 16 29 32,,N/A
2025-02-11,10 19 26 28 36,,N/A
2025-02-10,9 21 27 28 35,,N/A
2025-02-09,12 20 22 29 42,,N/A
2025-02-08,16 20 28 30 36,,N/A
2025-02-07,8 11 21 33 42,,N/A
2025-02-06,8 11 14 39 41,,N/A
2025-02-05,4 14 15 40 41,,N/A
2025-02-04,2 3 13 30 37,,N/A
2025-02-03,4 22 25 26 27,,N/A
2025-02-02,8 9 22 23 32,,N/A
2025-02-01,12 17 26 27 36,,N/A
2025-01-31,2 25 28 32 39,,N/A
2025-01-30,21 22 37 40 41,,N/A
2025-01-29,12 15 23 25 36,,N/A
2025-01-28,3 4 19 27 42,,N/A
2025-01-27,2 9 20 22 42,,N/A
2025-01-26,7 9 29 30 41,,N/A
2025-01-25,4 19 24 32 36,,N/A
2025-01-24,3 6 9 12 23,,N/A
2025-01-23,7 8 24 27 30,,N/A
2025-01-22,1 3 7 17 40,,N/A
2025-01-21,3 11 37 39 42,,N/A
2025-01-20,8 27 31 33 42,,N/A
2025-01-19,11 29 31 37 41,,N/A
2025-01-18,3 4 17 22 31,,N/A
2025-01-17,2 12 13 17 21,,N/A
2025-01-16,7 18 30 32 33,,N/A
2025-01-15,27 28 29 34 38,,N/A
2025-01-14,2 13 14 19 40,,N/A
2025-01-13,3 23 26 30 38,,N/A
2025-01-12,3 6 19 23 29,,N/A
2025-01-11,14 29 37 40 41,,N/A
2025-01-10,1 9 26 28 30,,N/A
2025-01-09,4 19 20 21 38,,N/A
2025-01-08,3 4 11 20 22,,N/A
2025-01-07,4 6 11 26 32,,N/A
2025-01-06,8 23 26 32 35,,N/A
2025-01-05,1 24 25 31 34,,N/A
2025-01-04,4 9 10 18 20,,N/A
2025-01-03,11 13 30 34 36,,N/A
2025-01-02,1 24 30 32 33,,N/A
2025-01-01,2 6 16 21 35,,N/A
2024-12-31,12 16 18 21 41,,N/A
2024-12-30,5 7 23 31 32,,N/A
2024-12-29,1 5 15 29 34,,N/A
2024-12-28,1 6 8 22 42,,N/A
2024-12-27,15 16 18 22 34,,N/A
2024-12-26,3 22 25 26 40,,N/A
2024-12-25,9 14 22 29 40,,N/A
2024-12-24,7 10 11 15 40,,N/A
2024-12-23,7 12 13 18 31,,N/A
2024-12-22,6 13 17 25 27,,N/A
2024-12-21,6 12 14 21 33,,N/A
2024-12-20,12 17 20 22 32,,N/A
2024-12-19,15 17 35 40 41,,N/A
2024-12-18,1 14 20 29 32,,N/A
2024-12-17,5 12 18 25 29,,N/A
2024-12-16,4 16 22 26 30,,N/A
2024-12-15,4 8 17 21 29,,N/A
2024-12-14,12 14 23 24 39,,N/A
2024-12-13,7 9 15 20 34,,N/A
2024-12-12,10 15 25 33 34,,N/A
2024-12-11,3 5 8 19 26,,N/A
2024-12-10,3 9 12 21 42,,N/A
2024-12-09,7 18 28 31 33,,N/A
2024-12-08,1 27 28 38 42,,N/A
2024-12-07,6 8 18 20 24,,N/A
2024-12-06,5 12 14 32 36,,N/A
2024-12-05,21 29 36 37 38,,N/A
2024-12-04,14 18 20 32 33,,N/A
2024-12-03,8 10 25 39 42,,N/A
2024-12-02,10 19 23 33 34,,N/A
2024-12-01,11 22 30 35 36,,N/A
2024-11-30,7 10 14 22 32,,N/A
2024-11-29,1 17 23 24 33,,N/A
2024-11-28,10 11 20 23 29,,N/A
2024-11-27,3 31 35 37 42,,N/A
2024-11-26,10 12 14 16 27,,N/A
2024-11-25,10 16 17 22 27,,N/A
2024-11-24,5 13 16 24 29,,N/A
2024-11-23,3 4 9 15 21,,N/A
2024-11-22,4 9 23 25 37,,N/A
2024-11-21,4 10 22 30 34,,N/A
2024-11-20,2 5 10 16 30,,N/A
2024-11-19,8 10 28 31 37,,N/A
2024-11-18,13 21 35 38 41,,N/A
2024-11-17,17 24 27 35 41,,N/A
2024-11-16,6 9 20 38 41,,N/A
2024-11-15,3 8 13 24 40,,N/A
2024-11-14,12 20 21 28 35,,N/A
2024-11-13,23 27 34 38 41,,N/A
2024-11-12,8 12 14 19 32,,N/A
2024-11-11,5 6 9 26 35,,N/A
2024-11-10,9 10 12 22 42,,N/A
2024-11-09,3 10 11 13 21,,N/A
2024-11-08,14 19 25 30 41,,N/A
2024-11-07,4 19 21 28 32,,N/A
2024-11-06,10 14 16 38 39,,N/A
2024-11-05,1 15 16 20 39,,N/A
2024-11-04,5 9 12 18 30,,N/A
2024-11-03,4 5 13 23 40,,N/A
2024-11-02,2 17 19 29 40,,N/A
2024-11-01,7 22 31 41 42,,N/A
2024-10-31,6 9 15 18 30,,N/A
2024-10-30,2 12 14 28 40,,N/A
2024-10-29,3 4 13 22 39,,N/A
2024-10-28,3 4 14 18 25,,N/A
2024-10-27,12 29 33 35 37,,N/A
2024-10-26,2 7 12 19 42,,N/A
2024-10-25,1 17 20 22 23,,N/A
2024-10-24,5 9 11 26 35,,N/A
2024-10-23,11 13 34 36 38,,N/A
2024-10-22,10 11 34 35 38,,N/A
2024-10-21,11 12 13 14 23,,N/A
2024-10-20,11 13 14 40 42,,N/A
2024-10-19,5 6 15 29 41,,N/A
2024-10-18,2 24 32 36 41,,N/A
2024-10-17,12 14 19 20 21,,N/A
2024-10-16,15 31 38 39 42,,N/A
2024-10-15,7 9 10 11 36,,N/A
2024-10-14,4 11 31 35 42,,N/A
2024-10-13,1 3 24 25 38,,N/A
2024-10-12,3 12 15 23 31,,N/A
2024-10-11,13 20 28 37 41,,N/A
2024-10-10,23 27 33 38 40,,N/A
2024-10-09,10 23 25 27 35,,N/A
2024-10-08,1 7 8 13 15,,N/A
2024-10-07,15 17 26 29 40,,N/A
2024-10-06,18 19 21 28 36,,N/A
2024-10-05,12 19 26 36 40,,N/A
2024-10-04,1 7 12 29 40,,N/A
2024-10-03,8 23 28 31 42,,N/A
2024-10-02,1 3 14 20 27,,N/A
2024-10-01,1 12 18 21 23,,N/A
2024-09-30,20 27 32 39 40,,N/A
2024-09-29,9 15 31 38 41,,N/A
2024-09-28,13 24 32 36 38,,N/A
2024-09-27,6 8 11 20 21,,N/A
2024-09-26,8 20 24 25 40,,N/A
2024-09-25,19 21 23 29 38,,N/A
2024-09-24,1 3 29 35 42,,N/A
2024-09-23,1 8 10 16 28,,N/A
2024-09-22,4 6 9 23 35,,N/A
2024-09-21,6 18 19 22 42,,N/A
2024-09-20,1 21 23 28 40,,N/A
2024-09-19,6 15 32 36 40,,N/A
2024-09-18,4 5 22 24 40,,N/A
2024-09-17,11 14 27 30 37,,N/A
2024-09-16,4 8 10 17 42,,N/A
2024-09-15,8 10 17 40 42,,N/A
2024-09-14,6 15 16 24 42,,N/A
2024-09-13,3 15 34 37 39,,N/A
2024-09-12,14 18 34 39 41,,N/A
2024-09-11,2 13 21 32 39,,N/A
2024-09-10,2 5 8 23 27,,N/A
2024-09-09,2 17 22 37 40,,N/A
2024-09-08,3 5 19 34 37,,N/A
2024-09-07,2 5 10 16 33,,N/A
2024-09-06,9 18 20 25 28,,N/A
2024-09-05,8 12 27 35 41,,N/A
2024-09-04,8 13 18 31 35,,N/A
2024-09-03,1 3 10 22 25,,N/A
2024-09-02,4 10 12 14 27,,N/A
2024-09-01,6 8 34 35 38,,N/A
2024-08-31,5 11 21 24 34,,N/A
2024-08-30,1 11 34 38 42,,N/A
2024-08-29,14 15 18 24 35,,N/A
2024-08-28,3 14 18 20 25,,N/A
2024-08-27,5 17 18 20 22,,N/A
2024-08-26,3 14 29 33 35,,N/A
2024-08-25,2 3 17 24 30,,N/A
2024-08-24,1 3 13 30 35,,N/A
2024-08-23,5 23 25 30 33,,N/A
2024-08-22,2 3 12 17 34,,N/A
2024-08-21,4 9 15 19 40,,N/A
2024-08-20,2 16 19 27 37,,N/A
2024-08-19,14 17 25 29 38,,N/A
2024-08-18,1 5 7 13 35,,N/A
2024-08-17,1 2 14 21 22,,N/A
2024-08-16,10 18 19 36 40,,N/A
2024-08-15,4 10 12 29 36,,N/A
2024-08-14,6 20 21 29 35,,N/A
2024-08-13,1 5 33 38 42,,N/A
2024-08-12,6 10 30 31 34,,N/A
2024-08-11,5 16 17 21 37,,N/A
2024-08-10,1 14 24 27 42,,N/A
2024-08-09,4 6 19 31 37,,N/A
2024-08-08,11 17 20 31 42,,N/A
2024-08-07,13 19 29 30 42,,N/A
2024-08-06,15 23 24 32 37,,N/A
2024-08-05,3 9 23 34 42,,N/A
2024-08-04,5 11 21 26 40,,N/A
2024-08-03,9 10 18 22 27,,N/A
2024-08-02,8 27 32 33 34,,N/A
2024-08-01,1 3 8 39 41,,N/A
2024-07-31,6 9 20 21 33,,N/A
2024-07-30,5 24 26 28 30,,N/A
2024-07-29,11 16 18 19 28,,N/A
2024-07-28,4 19 27 28 37,,N/A
2024-07-27,8 14 15 25 26,,N/A
2024-07-26,1 2 19 31 35,,N/A
2024-07-25,11 16 19 24 37,,N/A
2024-07-24,6 10 27 36 38,,N/A
2024-07-23,7 19 21 26 39,,N/A
2024-07-22,4 14 20 24 27,,N/A
2024-07-21,11 20 24 30 41,,N/A
2024-07-20,9 32 34 35 38,,N/A
2024-07-19,4 5 10 31 34,,N/A
2024-07-18,8 10 17 36 37,,N/A
2024-07-17,1 6 11 29 31,,N/A
2024-07-16,7 12 15 20 37,,N/A
2024-07-15,3 5 33 34 40,,N/A
2024-07-14,2 4 12 15 31,,N/A
2024-07-13,14 20 22 35 41,,N/A
2024-07-12,10 21 23 24 28,,N/A
2024-07-11,1 2 25 34 39,,N/A
2024-07-10,5 12 17 23 38,,N/A
2024-07-09,11 13 21 23 35,,N/A
2024-07-08,18 21 26 32 33,,N/A
2024-07-07,12 25 27 33 39,,N/A
2024-07-06,10 23 26 36 38,,N/A
2024-07-05,25 27 28 36 37,,N/A
2024-07-04,7 12 15 31 35,,N/A
2024-07-03,10 27 32 40 42,,N/A
2024-07-02,6 10 18 41 42,,N/A
2024-07-01,6 10 19 24 27,,N/A
2024-06-30,2 17 20 24 42,,N/A
2024-06-29,3 4 6 37 42,,N/A
2024-06-28,6 23 25 28 30,,N/A
2024-06-27,1 12 19 29 40,,N/A
2024-06-26,1 8 22 24 35,,N/A
2024-06-25,5 6 8 30 41,,N/A
2024-06-24,6 23 27 28 39,,N/A
2024-06-23,10 29 32 37 42,,N/A
2024-06-22,10 12 13 29 30,,N/A
2024-06-21,5 27 30 37 38,,N/A
2024-06-20,4 18 23 26 38,,N/A
2024-06-19,2 6 22 24 27,,N/A
2024-06-18,3 17 26 27 39,,N/A
2024-06-17,11 14 19 22 42,,N/A
2024-06-16,4 7 24 26 28,,N/A
2024-06-15,1 9 15 20 42,,N/A
2024-06-14,1 7 12 18 30,,N/A
2024-06-13,6 11 30 32 41,,N/A
2024-06-12,5 22 26 32 38,,N/A
2024-06-11,6 10 16 21 31,,N/A
2024-06-10,13 17 22 32 36,,N/A
2024-06-09,6 22 28 30 36,,N/A
2024-06-08,1 3 6 26 41,,N/A
2024-06-07,10 17 28 37 39,,N/A
2024-06-06,14 15 24 31 42,,N/A
2024-06-05,4 7 22 37 39,,N/A
2024-06-04,13 16 18 33 37,,N/A
2024-06-03,3 11 13 30 34,,N/A
2024-06-02,13 19 20 27 41,,N/A
2024-06-01,1 22 34 36 40,,N/A
2024-05-31,5 16 18 37 42,,N/A
2024-05-30,1 6 9 10 31,,N/A
2024-05-29,13 18 29 32 42,,N/A
2024-05-28,10 16 25 29 42,,N/A
2024-05-27,4 6 14 19 34,,N/A
2024-05-26,3 9 11 24 25,,N/A
2024-05-25,5 6 18 19 28,,N/A
2024-05-24,9 10 25 31 35,,N/A
2024-05-23,8 14 16 20 22,,N/A
2024-05-22,1 2 7 17 35,,N/A
2024-05-21,3 7 21 31 33,,N/A
2024-05-20,2 7 37 38 39,,N/A
2024-05-19,11 13 16 18 28,,N/A
2024-05-18,12 16 21 22 23,,N/A
2024-05-17,7 10 19 22 35,,N/A
2024-05-16,14 17 25 31 42,,N/A
2024-05-15,14 32 34 36 38,,N/A
2024-05-14,9 12 17 35 38,,N/A
2024-05-13,8 22 23 35 42,,N/A
2024-05-12,6 7 17 24 37,,N/A
2024-05-11,8 10 12 15 18,,N/A
2024-05-10,3 18 19 30 38,,N/A
2024-05-09,2 9 29 33 34,,N/A
2024-05-08,4 10 13 14 18,,N/A
2024-05-07,21 27 29 32 38,,N/A
2024-05-06,8 11 15 20 41,,N/A
2024-05-05,1 4 10 21 24,,N/A
2024-05-04,1 6 13 14 39,,N/A
2024-05-03,3 6 17 22 28,,N/A
2024-05-02,1 29 34 36 40,,N/A
2024-05-01,21 30 31 37 38,,N/A
2024-04-30,7 10 33 37 39,,N/A
2024-04-29,14 19 23 24 32,,N/A
2024-04-28,17 22 24 27 35,,N/A
2024-04-27,8 31 34 37 41,,N/A
2024-04-26,4 11 18 20 41,,N/A
2024-04-25,9 11 17 26 37,,N/A
2024-04-24,4 20 29 33 41,,N/A
2024-04-23,10 14 17 20 40,,N/A
2024-04-22,10 25 26 37 38,,N/A
2024-04-21,1 4 8 15 21,,N/A
2024-04-20,4 18 21 24 30,,N/A
2024-04-19,4 5 13 36 41,,N/A
2024-04-18,14 29 38 40 42,,N/A
2024-04-17,7 16 18 22 41,,N/A
2024-04-16,4 12 25 29 38,,N/A
2024-04-15,3 6 16 30 34,,N/A
2024-04-14,3 17 20 28 30,,N/A
2024-04-13,18 20 25 37 41,,N/A
2024-04-12,12 18 21 29 33,,N/A
2024-04-11,5 22 32 35 37,,N/A
2024-04-10,3 9 16 20 39,,N/A
2024-04-09,9 17 20 21 22,,N/A
2024-04-08,3 9 11 17 34,,N/A
2024-04-07,3 7 8 10 20,,N/A
2024-04-06,10 17 23 24 30,,N/A
2024-04-05,14 15 19 30 32,,N/A
2024-04-04,6 22 24 35 41,,N/A
2024-04-03,18 22 26 35 36,,N/A
2024-04-02,4 15 16 32 34,,N/A
2024-04-01,3 15 16 26 37,,N/A
2024-03-31,5 17 26 33 41,,N/A
2024-03-30,16 22 31 36 42,,N/A
2024-03-29,8 29 32 36 41,,N/A
2024-03-28,15 18 25 30 41,,N/A
2024-03-27,1 18 29 33 39,,N/A
2024-03-26,8 13 21 24 42,,N/A
2024-03-25,10 20 23 27 34,,N/A
2024-03-24,8 26 38 39 41,,N/A
2024-03-23,3 6 9 19 38,,N/A
2024-03-22,10 11 29 31 37,,N/A
2024-03-21,6 8 28 31 37,,N/A
2024-03-20,18 20 22 23 25,,N/A
2024-03-19,5 11 28 34 35,,N/A
2024-03-18,4 9 21 35 42,,N/A
2024-03-17,1 5 11 18 25,,N/A
2024-03-16,13 15 17 28 36,,N/A
2024-03-15,6 22 24 36 42,,N/A
2024-03-14,5 9 16 18 40,,N/A
2024-03-13,3 9 10 23 29,,N/A
2024-03-12,1 2 15 30 31,,N/A
2024-03-11,10 27 31 35 39,,N/A
2024-03-10,6 12 24 31 42,,N/A
2024-03-09,1 9 10 11 31,,N/A
2024-03-08,5 7 21 30 33,,N/A
2024-03-07,7 12 17 20 41,,N/A
2024-03-06,6 17 18 26 35,,N/A
2024-03-05,3 13 15 30 39,,N/A
2024-03-04,10 17 23 34 35,,N/A
2024-03-03,7 17 20 30 33,,N/A
2024-03-02,7 21 24 28 33,,N/A
2024-03-01,10 19 23 31 32,,N/A
2024-02-29,5 27 37 38 39,,N/A
2024-02-28,16 24 34 36 41,,N/A
2024-02-27,4 7 11 19 29,,N/A
2024-02-26,7 12 19 39 40,,N/A
2024-02-25,16 24 25 30 33,,N/A
2024-02-24,1 4 11 19 37,,N/A
2024-02-23,8 10 20 32 39,,N/A
2024-02-22,1 32 38 39 41,,N/A
2024-02-21,1 6 22 29 37,,N/A
2024-02-20,1 4 5 30 31,,N/A
2024-02-19,2 7 19 38 40,,N/A
2024-02-18,15 26 28 33 42,,N/A
2024-02-17,2 22 30 38 42,,N/A
2024-02-16,2 12 14 15 31,,N/A
2024-02-15,7 22 29 32 40,,N/A
2024-02-14,3 14 18 27 31,,N/A
2024-02-13,1 23 25 32 36,,N/A
2024-02-12,4 10 16 21 40,,N/A
2024-02-11,2 21 28 35 39,,N/A
2024-02-10,1 24 26 27 38,,N/A
2024-02-09,5 23 25 28 29,,N/A
2024-02-08,9 10 21 37 39,,N/A
2024-02-07,3 17 21 22 34,,N/A
2024-02-06,11 25 36 41 42,,N/A
2024-02-05,13 15 34 41 42,,N/A
2024-02-04,17 24 34 37 41,,N/A
2024-02-03,13 17 28 32 39,,N/A
2024-02-02,4 8 36 39 40,,N/A
2024-02-01,3 7 25 29 38,,N/A
2024-01-31,3 4 8 20 22,,N/A
2024-01-30,6 10 18 30 41,,N/A
2024-01-29,18 19 27 29 37,,N/A
2024-01-28,12 16 30 33 38,,N/A
2024-01-27,6 8 20 35 40,,N/A
2024-01-26,7 10 18 20 22,,N/A
2024-01-25,1 13 20 23 32,,N/A
2024-01-24,3 8 16 21 23,,N/A
2024-01-23,6 9 17 26 34,,N/A
2024-01-22,10 11 18 21 32,,N/A
2024-01-21,5 6 23 38 39,,N/A
2024-01-20,16 17 21 22 29,,N/A
2024-01-19,6 13 15 22 37,,N/A
2024-01-18,5 6 13 40 42,,N/A
2024-01-17,3 11 24 31 35,,N/A
2024-01-16,19 24 30 33 38,,N/A
2024-01-15,17 21 23 24 37,,N/A
2024-01-14,4 18 29 38 39,,N/A
2024-01-13,9 20 30 33 40,,N/A
2024-01-12,5 15 16 30 36,,N/A
2024-01-11,6 13 19 38 42,,N/A
2024-01-10,19 23 27 31 38,,N/A
2024-01-09,8 12 15 19 30,,N/A
2024-01-08,2 17 22 23 35,,N/A
2024-01-07,1 13 17 23 38,,N/A
2024-01-06,13 25 28 39 41,,N/A
2024-01-05,1 3 17 32 38,,N/A
2024-01-04,1 16 21 31 33,,N/A
2024-01-03,2 24 26 27 41,,N/A
2024-01-02,11 21 25 34 38,,N/A
2024-01-01,7 19 27 36 39,,N/A
2023-12-31,17 18 29 34 41,,N/A
2023-12-30,22 27 32 34 41,,N/A
2023-12-29,16 22 27 33 38,,N/A
2023-12-28,1 17 21 37 39,,N/A
2023-12-27,5 15 20 23 24,,N/A
2023-12-26,6 24 35 39 40,,N/A
2023-12-25,2 8 10 36 40,,N/A
2023-12-24,6 18 35 39 42,,N/A
2023-12-23,11 25 33 34 42,,N/A
2023-12-22,7 33 34 36 39,,N/A
2023-12-21,1 11 19 25 34,,N/A
2023-12-20,10 12 16 30 40,,N/A
2023-12-19,4 8 10 36 42,,N/A
2023-12-18,14 28 32 39 40,,N/A
2023-12-17,9 12 15 24 38,,N/A
2023-12-16,12 16 25 26 28,,N/A
2023-12-15,8 11 14 31 40,,N/A
2023-12-14,9 19 22 32 42,,N/A
2023-12-13,7 9 29 36 42,,N/A
2023-12-12,8 26 27 28 29,,N/A
2023-12-11,9 11 12 28 31,,N/A
2023-12-10,16 19 32 34 41,,N/A
2023-12-09,14 24 28 29 31,,N/A
2023-12-08,2 18 19 22 42,,N/A
2023-12-07,4 11 15 39 41,,N/A
2023-12-06,2 4 26 29 40,,N/A
2023-12-05,13 15 20 26 35,,N/A
2023-12-04,11 18 32 33 38,,N/A
2023-12-03,1 5 21 22 32,,N/A
2023-12-02,4 7 28 38 42,,N/A
2023-12-01,3 10 14 21 22,,N/A
2023-11-30,1 8 35 36 41,,N/A
2023-11-29,7 12 14 16 33,,N/A
2023-11-28,6 19 29 32 38,,N/A
2023-11-27,5 19 20 26 30,,N/A
2023-11-26,5 7 9 32 41,,N/A
2023-11-25,8 11 12 25 30,,N/A
2023-11-24,5 23 26 36 40,,N/A
2023-11-23,8 12 16 21 33,,N/A
2023-11-22,14 18 22 24 28,,N/A
2023-11-21,9 12 17 31 39,,N/A
2023-11-20,12 14 34 39 40,,N/A
2023-11-19,4 6 14 27 40,,N/A
2023-11-18,6 9 17 20 34,,N/A
2023-11-17,15 18 22 30 31,,N/A
2023-11-16,6 13 14 15 29,,N/A
2023-11-15,3 16 19 20 27,,N/A
2023-11-14,2 4 22 26 41,,N/A
2023-11-13,3 4 9 20 37,,N/A
2023-11-12,4 21 30 36 40,,N/A
2023-11-11,9 10 21 28 34,,N/A
2023-11-10,3 17 21 35 37,,N/A
2023-11-09,19 23 28 38 40,,N/A
2023-11-08,8 11 19 33 39,,N/A
2023-11-07,16 17 24 29 35,,N/A
2023-11-06,6 14 35 37 38,,N/A
2023-11-05,16 23 28 33 41,,N/A
2023-11-04,1 3 26 39 40,,N/A
2023-11-03,10 18 19 20 23,,N/A
2023-11-02,1 2 8 12 31,,N/A
2023-11-01,8 10 14 19 20,,N/A
2023-10-31,14 22 30 33 36,,N/A
2023-10-30,3 5 21 23 42,,N/A
2023-10-29,2 12 17 18 37,,N/A
2023-10-28,28 29 31 36 39,,N/A
2023-10-27,13 20 24 26 38,,N/A
2023-10-26,4 5 14 15 34,,N/A
2023-10-25,2 11 14 17 40,,N/A
2023-10-24,24 26 31 35 36,,N/A
2023-10-23,1 8 24 26 35,,N/A
2023-10-22,13 22 25 30 37,,N/A
2023-10-21,4 9 18 33 40,,N/A
2023-10-20,12 22 25 28 38,,N/A
2023-10-19,4 10 12 25 30,,N/A
2023-10-18,3 13 17 23 33,,N/A
2023-10-17,3 5 23 28 34,,N/A
2023-10-16,1 11 12 16 34,,N/A
2023-10-15,11 24 26 33 38,,N/A
2023-10-14,4 7 15 23 32,,N/A
2023-10-13,27 28 30 34 40,,N/A
2023-10-12,7 15 17 20 24,,N/A
2023-10-11,4 7 10 16 21,,N/A
2023-10-10,2 12 19 28 33,,N/A
2023-10-09,12 13 18 38 42,,N/A
2023-10-08,13 20 23 25 32,,N/A
2023-10-07,11 21 23 32 40,,N/A
2023-10-06,1 2 10 17 37,,N/A
2023-10-05,1 17 18 20 38,,N/A
2023-10-04,14 21 30 37 39,,N/A
2023-10-03,5 13 17 23 41,,N/A
2023-10-02,3 12 19 25 28,,N/A
2023-10-01,4 11 13 35 40,,N/A
2023-09-30,7 16 20 30 35,,N/A
2023-09-29,2 4 29 35 38,,N/A
2023-09-28,4 7 16 26 28,,N/A
2023-09-27,27 29 36 37 39,,N/A
2023-09-26,13 15 16 20 42,,N/A
2023-09-25,5 17 28 31 36,,N/A
2023-09-24,5 12 25 30 39,,N/A
2023-09-23,3 6 8 21 29,,N/A
2023-09-22,5 17 24 25 33,,N/A
2023-09-21,6 7 14 38 39,,N/A
2023-09-20,2 3 17 34 35,,N/A
2023-09-19,9 13 20 26 32,,N/A
2023-09-18,8 12 14 25 29,,N/A
2023-09-17,28 29 34 37 41,,N/A
2023-09-16,4 8 18 22 25,,N/A
2023-09-15,5 14 30 39 41,,N/A
2023-09-14,10 25 34 35 38,,N/A
2023-09-13,2 8 16 31 33,,N/A
2023-09-12,6 13 14 17 18,,N/A
2023-09-11,8 16 17 29 41,,N/A
2023-09-10,5 13 24 25 31,,N/A
2023-09-09,1 14 16 38 41,,N/A
2023-09-08,2 4 14 28 33,,N/A
2023-09-07,3 8 11 35 42,,N/A
2023-09-06,4 14 39 41 42,,N/A
2023-09-05,3 5 14 21 25,,N/A
2023-09-04,1 7 13 23 29,,N/A
2023-09-03,5 6 7 11 27,,N/A
2023-09-02,12 19 20 30 32,,N/A
2023-09-01,13 17 18 27 33,,N/A
2023-08-31,20 25 32 39 41,,N/A
2023-08-30,2 8 31 33 36,,N/A
2023-08-29,6 15 21 25 36,,N/A
2023-08-28,2 11 22 24 31,,N/A
2023-08-27,9 10 17 30 37,,N/A
2023-08-26,1 5 12 18 26,,N/A
2023-08-25,3 11 23 24 33,,N/A
2023-08-24,2 9 10 32 37,,N/A
2023-08-23,1 18 19 32 35,,N/A
2023-08-22,9 12 14 17 42,,N/A
2023-08-21,1 24 28 30 37,,N/A
2023-08-20,2 6 13 15 32,,N/A
2023-08-19,7 14 21 29 41,,N/A
2023-08-18,19 23 24 29 31,,N/A
2023-08-17,2 7 8 31 34,,N/A
2023-08-16,4 8 18 26 36,,N/A
2023-08-15,14 16 31 35 41,,N/A
2023-08-14,3 14 20 25 34,,N/A
2023-08-13,2 6 11 27 42,,N/A
2023-08-12,1 9 11 23 27,,N/A
2023-08-11,8 16 19 32 41,,N/A
2023-08-10,2 13 21 23 27,,N/A
2023-08-09,11 16 23 31 32,,N/A
2023-08-08,18 29 32 34 41,,N/A
2023-08-07,5 6 19 35 42,,N/A
2023-08-06,6 11 13 26 28,,N/A
2023-08-05,12 15 22 31 42,,N/A
2023-08-04,1 8 13 32 40,,N/A
2023-08-03,1 13 21 22 40,,N/A
2023-08-02,9 11 14 20 38,,N/A
2023-08-01,9 21 32 34 37,,N/A
2023-07-31,11 13 24 34 41,,N/A
2023-07-30,1 2 16 38 40,,N/A
2023-07-29,4 11 20 25 34,,N/A
2023-07-28,2 13 19 20 30,,N/A
2023-07-27,13 24 29 34 38,,N/A
2023-07-26,18 20 22 35 42,,N/A
2023-07-25,10 21 26 33 34,,N/A
2023-07-24,1 15 19 23 32,,N/A
2023-07-23,13 17 18 33 35,,N/A
2023-07-22,9 19 23 26 40,,N/A
2023-07-21,14 25 30 31 42,,N/A
2023-07-20,1 5 27 36 40,,N/A
2023-07-19,4 5 17 25 31,,N/A
2023-07-18,6 8 21 31 35,,N/A
2023-07-17,12 18 21 29 32,,N/A
2023-07-16,3 23 31 36 41,,N/A
2023-07-15,4 7 24 25 35,,N/A
2023-07-14,1 10 24 34 41,,N/A
2023-07-13,9 12 23 35 42,,N/A
2023-07-12,9 22 27 32 35,,N/A
2023-07-11,1 6 21 23 27,,N/A
2023-07-10,3 8 17 24 37,,N/A
2023-07-09,4 17 23 28 38,,N/A
2023-07-08,18 25 28 35 39,,N/A
2023-07-07,5 7 13 18 42,,N/A
2023-07-06,7 12 15 21 26,,N/A
2023-07-05,16 21 29 31 42,,N/A
2023-07-04,18 21 32 34 36,,N/A
2023-07-03,11 20 23 28 40,,N/A
2023-07-02,2 11 16 25 42,,N/A
2023-07-01,2 9 34 36 41,,N/A
2023-06-30,10 12 26 36 41,,N/A
2023-06-29,7 8 11 25 42,,N/A
2023-06-28,18 23 25 27 29,,N/A
2023-06-27,2 8 16 19 21,,N/A
2023-06-26,21 22 30 35 37,,N/A
2023-06-25,9 14 24 27 42,,N/A
2023-06-24,6 20 26 31 34,,N/A
2023-06-23,24 26 30 40 42,,N/A
2023-06-22,18 19 20 33 41,,N/A
2023-06-21,11 18 26 34 39,,N/A
2023-06-20,4 8 10 22 37,,N/A
2023-06-19,11 16 29 31 32,,N/A
2023-06-18,29 30 32 38 40,,N/A
2023-06-17,6 14 29 33 38,,N/A
2023-06-16,10 12 21 36 40,,N/A
2023-06-15,2 13 29 31 35,,N/A
2023-06-14,18 23 29 30 40,,N/A
2023-06-13,9 10 19 31 33,,N/A
2023-06-12,5 10 22 30 33,,N/A
2023-06-11,7 29 35 39 41,,N/A
2023-06-10,11 20 24 38 40,,N/A
2023-06-09,6 14 20 21 39,,N/A
2023-06-08,3 7 13 16 41,,N/A
2023-06-07,1 3 8 22 40,,N/A
2023-06-06,2 12 19 31 42,,N/A
2023-06-05,3 16 26 33 40,,N/A
2023-06-04,2 3 22 26 39,,N/A
2023-06-03,3 12 19 20 42,,N/A
2023-06-02,1 27 28 34 36,,N/A
2023-06-01,8 20 35 39 42,,N/A
2023-05-31,3 13 29 36 42,,N/A
2023-05-30,4 14 17 18 40,,N/A
2023-05-29,1 7 16 22 26,,N/A
2023-05-28,6 8 11 33 34,,N/A
2023-05-27,1 9 27 32 38,,N/A
2023-05-26,2 9 30 31 42,,N/A
2023-05-25,4 8 22 37 39,,N/A
2023-05-24,5 10 12 24 39,,N/A
2023-05-23,2 13 16 41 42,,N/A
2023-05-22,19 22 23 26 42,,N/A
2023-05-21,3 18 20 25 42,,N/A
2023-05-20,2 8 12 16 20,,N/A
2023-05-19,3 21 25 30 31,,N/A
2023-05-18,2 10 19 20 23,,N/A
2023-05-17,4 23 26 27 36,,N/A
2023-05-16,12 28 30 32 35,,N/A
2023-05-15,8 14 38 39 42,,N/A
2023-05-14,7 9 13 20 41,,N/A
2023-05-13,6 13 20 36 38,,N/A
2023-05-12,2 9 10 22 41,,N/A
2023-05-11,5 12 17 29 40,,N/A
2023-05-10,8 10 15 23 29,,N/A
2023-05-09,1 3 8 28 40,,N/A
2023-05-08,5 21 23 31 42,,N/A
2023-05-07,18 26 32 37 38,,N/A
2023-05-06,4 10 11 29 38,,N/A
2023-05-05,6 9 26 34 41,,N/A
2023-05-04,3 15 24 35 38,,N/A
2023-05-03,1 2 12 29 30,,N/A
2023-05-02,11 13 17 29 38,,N/A
2023-05-01,8 24 31 34 41,,N/A
2023-04-30,18 20 23 25 33,,N/A
2023-04-29,4 5 14 15 17,,N/A
2023-04-28,1 12 17 31 39,,N/A
2023-04-27,11 14 16 25 31,,N/A
2023-04-26,10 30 35 40 41,,N/A
2023-04-25,15 17 18 37 38,,N/A
2023-04-24,3 13 20 22 38,,N/A
2023-04-23,15 20 29 36 39,,N/A
2023-04-22,17 23 31 36 40,,N/A
2023-04-21,11 17 21 38 42,,N/A
2023-04-20,5 7 25 27 28,,N/A
2023-04-19,1 7 11 20 40,,N/A
2023-04-18,11 15 29 30 40,,N/A
2023-04-17,2 13 18 29 40,,N/A
2023-04-16,4 14 23 33 34,,N/A
2023-04-15,19 20 35 39 40,,N/A
2023-04-14,18 26 33 36 39,,N/A
2023-04-13,2 5 20 21 30,,N/A
2023-04-12,10 13 25 29 35,,N/A
2023-04-11,5 7 22 34 35,,N/A
2023-04-10,7 8 9 36 38,,N/A
2023-04-09,6 24 28 32 33,,N/A
2023-04-08,1 7 8 15 17,,N/A
2023-04-07,1 19 28 31 37,,N/A
2023-04-06,2 25 30 31 36,,N/A
2023-04-05,2 3 25 28 30,,N/A
2023-04-04,4 6 17 32 39,,N/A
2023-04-03,13 14 22 32 36,,N/A
2023-04-02,2 7 24 37 40,,N/A
2023-04-01,8 21 27 36 40,,N/A
2023-03-31,21 30 31 32 36,,N/A
2023-03-30,4 18 31 36 40,,N/A
2023-03-29,12 24 29 36 40,,N/A
2023-03-28,18 26 27 36 41,,N/A
2023-03-27,5 8 18 21 37,,N/A
2023-03-26,8 10 17 19 32,,N/A
2023-03-25,1 9 23 29 36,,N/A
2023-03-24,10 11 18 19 24,,N/A
2023-03-23,4 14 25 33 41,,N/A
2023-03-22,14 16 18 32 33,,N/A
2023-03-21,1 9 15 37 41,,N/A
2023-03-20,29 32 33 37 40,,N/A
2023-03-19,5 8 22 26 41,,N/A
2023-03-18,15 19 21 22 27,,N/A
2023-03-17,5 10 18 21 32,,N/A
2023-03-16,5 21 34 36 40,,N/A
2023-03-15,10 21 33 38 42,,N/A
2023-03-14,9 18 20 27 34,,N/A
2023-03-13,13 15 37 40 42,,N/A
2023-03-12,1 8 16 22 31,,N/A
2023-03-11,4 5 9 11 31,,N/A
2023-03-10,2 22 26 35 41,,N/A
2023-03-09,2 15 25 28 32,,N/A
2023-03-08,9 24 29 39 40,,N/A
2023-03-07,1 4 6 7 36,,N/A
2023-03-06,9 18 29 30 42,,N/A
2023-03-05,22 26 34 35 40,,N/A
2023-03-04,1 4 18 36 42,,N/A
2023-03-03,22 28 32 38 40,,N/A
2023-03-02,16 24 31 36 38,,N/A
2023-03-01,3 10 13 15 28,,N/A
2023-02-28,5 10 14 16 30,,N/A
2023-02-27,7 16 19 36 41,,N/A
2023-02-26,9 12 34 38 39,,N/A
2023-02-25,10 12 22 24 41,,N/A
2023-02-24,2 16 23 29 41,,N/A
2023-02-23,1 4 20 21 40,,N/A
2023-02-22,15 19 25 30 42,,N/A
2023-02-21,5 28 34 37 40,,N/A
2023-02-20,2 23 25 27 41,,N/A
2023-02-19,1 7 13 24 41,,N/A
2023-02-18,3 25 26 31 36,,N/A
2023-02-17,7 12 16 23 33,,N/A
2023-02-16,2 11 14 36 41,,N/A
2023-02-15,2 9 11 14 39,,N/A
2023-02-14,2 13 18 25 37,,N/A
2023-02-13,1 6 10 13 35,,N/A
2023-02-12,1 3 6 7 13,,N/A
2023-02-11,5 30 34 40 41,,N/A
2023-02-10,15 16 20 38 42,,N/A
2023-02-09,12 13 19 28 41,,N/A
2023-02-08,5 10 12 15 40,,N/A
2023-02-07,2 7 11 12 30,,N/A
2023-02-06,2 3 6 19 20,,N/A
2023-02-05,2 27 28 33 39,,N/A
2023-02-04,6 12 16 24 31,,N/A
2023-02-03,7 23 31 36 41,,N/A
2023-02-02,5 15 29 32 41,,N/A
2023-02-01,12 14 15 29 42,,N/A
2023-01-31,11 19 23 24 32,,N/A
2023-01-30,10 12 23 29 34,,N/A
2023-01-29,4 12 17 24 41,,N/A
2023-01-28,9 14 17 25 34,,N/A
2023-01-27,8 14 19 24 30,,N/A
2023-01-26,2 4 6 12 27,,N/A
2023-01-25,27 36 37 40 41,,N/A
2023-01-24,2 23 27 34 35,,N/A
2023-01-23,5 8 9 17 35,,N/A
2023-01-22,8 9 14 29 39,,N/A
2023-01-21,2 12 13 20 21,,N/A
2023-01-20,4 19 22 32 40,,N/A
2023-01-19,1 16 17 22 33,,N/A
2023-01-18,12 18 24 30 42,,N/A
2023-01-17,4 19 20 22 38,,N/A
2023-01-16,3 6 22 29 31,,N/A
2023-01-15,7 22 34 40 41,,N/A
2023-01-14,7 9 14 24 37,,N/A
2023-01-13,5 12 16 22 30,,N/A
2023-01-12,1 6 9 15 28,,N/A
2023-01-11,7 18 23 36 39,,N/A
2023-01-10,11 17 18 21 32,,N/A
2023-01-09,16 18 20 28 31,,N/A
2023-01-08,1 2 4 22 27,,N/A
2023-01-07,2 10 28 32 34,,N/A
2023-01-06,3 5 8 36 37,,N/A
2023-01-05,12 13 17 30 31,,N/A
2023-01-04,1 19 22 37 38,,N/A
2023-01-03,1 13 24 32 38,,N/A
2023-01-02,6 13 15 21 29,,N/A
2023-01-01,11 16 28 36 41,,N/A
2022-12-31,6 29 34 39 41,,N/A
2022-12-30,4 14 28 32 40,,N/A
2022-12-29,21 22 23 25 27,,N/A
2022-12-28,13 23 27 28 36,,N/A
2022-12-27,5 18 24 32 34,,N/A
2022-12-26,1 8 19 25 42,,N/A
2022-12-25,20 21 23 32 35,,N/A
2022-12-24,11 29 36 37 38,,N/A
2022-12-23,5 6 12 18 30,,N/A
2022-12-22,2 5 15 19 27,,N/A
2022-12-21,2 22 23 31 39,,N/A
2022-12-20,11 17 28 34 39,,N/A
2022-12-19,17 20 26 27 38,,N/A
2022-12-18,1 17 19 24 32,,N/A
2022-12-17,3 8 28 29 32,,N/A
2022-12-16,4 31 37 38 39,,N/A
2022-12-15,3 13 21 26 32,,N/A
2022-12-14,3 6 16 22 40,,N/A
2022-12-13,13 18 26 27 41,,N/A
2022-12-12,4 8 21 30 42,,N/A
2022-12-11,10 12 14 15 41,,N/A
2022-12-10,6 7 23 24 33,,N/A
2022-12-09,2 8 9 25 28,,N/A
2022-12-08,11 25 35 40 42,,N/A
2022-12-07,1 20 29 34 40,,N/A
2022-12-06,14 15 21 25 38,,N/A
2022-12-05,4 13 18 28 35,,N/A
2022-12-04,10 21 22 28 33,,N/A
2022-12-03,7 10 14 26 36,,N/A
2022-12-02,9 11 23 33 36,,N/A
2022-12-01,5 16 23 26 28,,N/A
2022-11-30,1 4 19 21 34,,N/A
2022-11-29,3 4 8 9 11,,N/A
2022-11-28,7 8 15 17 30,,N/A
2022-11-27,9 14 26 32 34,,N/A
2022-11-26,17 22 30 31 41,,N/A
2022-11-25,8 9 27 40 42,,N/A
2022-11-24,2 22 27 32 40,,N/A
2022-11-23,1 4 13 29 33,,N/A
2022-11-22,3 5 26 41 42,,N/A
2022-11-21,1 2 18 23 36,,N/A
2022-11-20,23 25 30 37 40,,N/A
2022-11-19,8 9 11 29 41,,N/A
2022-11-18,1 7 26 34 39,,N/A
2022-11-17,10 15 17 33 37,,N/A
2022-11-16,3 23 31 35 36,,N/A
2022-11-15,6 10 35 37 39,,N/A
2022-11-14,6 10 14 25 40,,N/A
2022-11-13,8 15 25 28 30,,N/A
2022-11-12,2 23 28 29 42,,N/A
2022-11-11,4 9 13 18 29,,N/A
2022-11-10,6 17 23 26 37,,N/A
2022-11-09,8 16 18 27 36,,N/A
2022-11-08,3 6 30 37 38,,N/A
2022-11-07,3 14 23 38 40,,N/A
2022-11-06,3 18 35 36 37,,N/A
2022-11-05,4 5 22 26 29,,N/A
2022-11-04,1 18 34 35 38,,N/A
2022-11-03,4 22 23 25 38,,N/A
2022-11-02,3 19 22 33 36,,N/A
2022-11-01,22 23 25 28 34,,N/A
2022-10-31,19 24 25 30 39,,N/A
2022-10-30,8 22 31 37 38,,N/A
2022-10-29,5 12 15 16 30,,N/A
2022-10-28,6 12 15 25 41,,N/A
2022-10-27,6 7 11 39 40,,N/A
2022-10-26,14 15 27 34 35,,N/A
2022-10-25,5 7 28 33 37,,N/A
2022-10-24,8 21 30 36 40,,N/A
2022-10-23,4 13 15 20 37,,N/A
2022-10-22,2 3 23 25 28,,N/A
2022-10-21,1 21 26 32 41,,N/A
2022-10-20,10 17 29 32 36,,N/A
2022-10-19,9 13 16 19 21,,N/A
2022-10-18,15 23 25 36 41,,N/A
2022-10-17,17 23 25 28 32,,N/A
2022-10-16,2 20 24 31 35,,N/A
2022-10-15,12 16 25 27 33,,N/A
2022-10-14,3 20 30 33 42,,N/A
2022-10-13,4 11 17 30 34,,N/A
2022-10-12,6 13 19 34 42,,N/A
2022-10-11,2 11 18 23 34,,N/A
2022-10-10,11 19 22 29 30,,N/A
2022-10-09,1 3 19 34 36,,N/A
2022-10-08,15 20 22 28 37,,N/A
2022-10-07,3 9 16 22 39,,N/A
2022-10-06,4 6 27 31 41,,N/A
2022-10-05,7 10 29 31 37,,N/A
2022-10-04,1 12 17 28 38,,N/A
2022-10-03,2 6 28 34 35,,N/A
2022-10-02,6 14 29 35 39,,N/A
2022-10-01,6 18 21 23 39,,N/A
2022-09-30,5 19 28 33 38,,N/A
2022-09-29,14 18 24 32 34,,N/A
2022-09-28,1 7 11 15 28,,N/A
2022-09-27,3 12 14 17 24,,N/A
2022-09-26,11 18 30 38 41,,N/A
2022-09-25,7 9 26 35 41,,N/A
2022-09-24,14 21 32 38 42,,N/A
2022-09-23,3 17 24 33 41,,N/A
2022-09-22,6 11 14 16 36,,N/A
2022-09-21,1 25 29 39 41,,N/A
2022-09-20,17 22 29 34 36,,N/A
2022-09-19,1 7 17 22 40,,N/A
2022-09-18,2 18 26 32 39,,N/A
2022-09-17,6 11 14 29 35,,N/A
2022-09-16,3 4 19 23 26,,N/A
2022-09-15,2 4 11 15 33,,N/A
2022-09-14,7 17 20 22 41,,N/A
2022-09-13,2 10 11 32 37,,N/A
2022-09-12,12 30 31 36 37,,N/A
2022-09-11,14 21 23 28 39,,N/A
2022-09-10,9 22 24 25 26,,N/A
2022-09-09,4 11 22 28 41,,N/A
2022-09-08,8 9 13 31 36,,N/A
2022-09-07,9 10 15 24 25,,N/A
2022-09-06,1 8 15 18 29,,N/A
2022-09-05,5 15 17 19 41,,N/A
2022-09-04,1 20 32 35 41,,N/A
2022-09-03,13 20 25 33 35,,N/A
2022-09-02,7 13 30 36 41,,N/A
2022-09-01,4 11 18 29 42,,N/A
2022-08-31,9 10 16 17 30,,N/A
2022-08-30,9 16 29 33 40,,N/A
2022-08-29,1 7 10 20 27,,N/A
2022-08-28,1 17 24 29 31,,N/A
2022-08-27,3 13 25 26 35,,N/A
2022-08-26,5 21 29 31 38,,N/A
2022-08-25,2 14 16 29 34,,N/A
2022-08-24,15 16 30 33 41,,N/A
2022-08-23,16 35 36 37 39,,N/A
2022-08-22,4 18 21 22 32,,N/A
2022-08-21,11 20 22 28 35,,N/A
2022-08-20,4 13 18 21 22,,N/A
2022-08-19,2 16 28 31 33,,N/A
2022-08-18,1 5 33 34 36,,N/A
2022-08-17,8 18 30 35 37,,N/A
2022-08-16,15 24 29 31 39,,N/A
2022-08-15,8 9 14 19 26,,N/A
2022-08-14,3 16 21 36 40,,N/A
2022-08-13,1 2 13 22 30,,N/A
2022-08-12,1 2 7 10 34,,N/A
2022-08-11,4 5 18 30 35,,N/A
2022-08-10,1 6 20 29 39,,N/A
2022-08-09,3 25 26 27 41,,N/A
2022-08-08,12 13 15 21 30,,N/A
2022-08-07,1 7 19 29 42,,N/A
2022-08-06,7 17 23 28 29,,N/A
2022-08-05,3 4 7 11 20,,N/A
2022-08-04,1 12 20 26 35,,N/A
2022-08-03,7 20 30 32 39,,N/A
2022-08-02,3 9 16 26 38,,N/A
2022-08-01,3 7 17 36 38,,N/A
2022-07-31,7 27 28 35 41,,N/A
2022-07-30,4 14 17 29 35,,N/A
2022-07-29,15 16 20 29 40,,N/A
2022-07-28,9 10 15 28 36,,N/A
2022-07-27,8 14 17 28 37,,N/A
2022-07-26,9 16 24 26 36,,N/A
2022-07-25,5 9 14 23 35,,N/A
2022-07-24,4 18 19 27 37,,N/A
2022-07-23,5 6 10 18 22,,N/A
2022-07-22,3 14 22 28 30,,N/A
2022-07-21,25 26 27 31 38,,N/A
2022-07-20,1 5 38 40 41,,N/A
2022-07-19,3 4 21 34 36,,N/A
2022-07-18,1 10 21 37 38,,N/A
2022-07-17,7 20 23 27 34,,N/A
2022-07-16,7 10 17 27 42,,N/A
2022-07-15,6 13 23 35 36,,N/A
2022-07-14,3 13 20 22 25,,N/A
2022-07-13,17 18 24 27 35,,N/A
2022-07-12,4 8 14 19 29,,N/A
2022-07-11,6 7 17 19 38,,N/A
2022-07-10,14 28 35 39 40,,N/A
2022-07-09,12 21 24 25 36,,N/A
2022-07-08,17 24 27 28 38,,N/A
2022-07-07,1 11 14 20 28,,N/A
2022-07-06,3 18 24 29 36,,N/A
2022-07-05,7 11 13 15 41,,N/A
2022-07-04,5 6 32 37 39,,N/A
2022-07-03,8 13 19 28 35,,N/A
2022-07-02,2 4 7 11 40,,N/A
2022-07-01,3 17 24 28 35,,N/A
2022-06-30,4 5 25 27 40,,N/A
2022-06-29,1 3 13 32 38,,N/A
2022-06-28,8 17 26 29 38,,N/A
2022-06-27,6 11 14 24 36,,N/A
2022-06-26,12 19 21 31 33,,N/A
2022-06-25,11 32 33 35 36,,N/A
2022-06-24,1 2 12 16 20,,N/A
2022-06-23,1 3 10 27 28,,N/A
2022-06-22,8 24 27 31 38,,N/A
2022-06-21,2 5 23 40 42,,N/A
2022-06-20,6 11 14 36 42,,N/A
2022-06-19,3 8 12 21 34,,N/A
2022-06-18,4 5 15 19 33,,N/A
2022-06-17,10 22 31 33 35,,N/A
2022-06-16,9 14 17 19 24,,N/A
2022-06-15,2 7 10 15 39,,N/A
2022-06-14,20 26 31 35 36,,N/A
2022-06-13,2 10 28 38 40,,N/A
2022-06-12,3 8 13 17 37,,N/A
2022-06-11,6 11 25 26 27,,N/A
2022-06-10,3 17 22 34 41,,N/A
2022-06-09,2 7 21 24 32,,N/A
2022-06-08,3 4 16 23 31,,N/A
2022-06-07,11 18 19 32 39,,N/A
2022-06-06,1 7 10 12 20,,N/A
2022-06-05,5 25 28 31 37,,N/A
2022-06-04,14 15 17 18 32,,N/A
2022-06-03,4 15 32 34 36,,N/A
2022-06-02,2 3 14 19 33,,N/A
2022-06-01,4 11 13 24 34,,N/A
2022-05-31,2 6 29 33 34,,N/A
2022-05-30,15 29 39 40 41,,N/A
2022-05-29,3 9 15 20 21,,N/A
2022-05-28,1 8 23 30 38,,N/A
2022-05-27,3 21 26 29 41,,N/A
2022-05-26,3 19 22 33 34,,N/A
2022-05-25,6 11 26 28 38,,N/A
2022-05-24,4 6 8 30 42,,N/A
2022-05-23,1 14 35 38 39,,N/A
2022-05-22,6 8 22 24 37,,N/A
2022-05-21,5 7 8 15 26,,N/A
2022-05-20,10 28 30 31 34,,N/A
2022-05-19,2 12 15 17 26,,N/A
2022-05-18,20 32 33 38 42,,N/A
2022-05-17,8 11 19 29 41,,N/A
2022-05-16,3 9 18 20 37,,N/A
2022-05-15,3 8 9 30 38,,N/A
2022-05-14,2 10 18 28 34,,N/A
2022-05-13,5 15 18 21 39,,N/A
2022-05-12,7 8 10 12 28,,N/A
2022-05-11,9 25 26 32 42,,N/A
2022-05-10,5 30 31 34 36,,N/A
2022-05-09,6 10 16 20 23,,N/A
2022-05-08,9 11 20 31 36,,N/A
2022-05-07,19 29 33 39 40,,N/A
2022-05-06,1 20 22 36 41,,N/A
2022-05-05,9 24 25 33 37,,N/A
2022-05-04,7 12 31 32 42,,N/A
2022-05-03,2 16 18 19 42,,N/A
2022-05-02,14 17 18 24 35,,N/A
2022-05-01,3 8 10 21 22,,N/A
2022-04-30,21 31 32 33 39,,N/A
2022-04-29,3 9 12 18 34,,N/A
2022-04-28,17 22 26 36 41,,N/A
2022-04-27,12 13 27 37 40,,N/A
2022-04-26,6 12 14 21 36,,N/A
2022-04-25,11 21 23 27 37,,N/A
2022-04-24,19 25 27 32 34,,N/A
2022-04-23,3 10 16 33 34,,N/A
2022-04-22,5 15 31 39 40,,N/A
2022-04-21,3 12 19 24 26,,N/A
2022-04-20,4 9 26 30 37,,N/A
2022-04-19,15 27 31 34 37,,N/A
2022-04-18,14 18 26 31 32,,N/A
2022-04-17,7 10 14 26 34,,N/A
2022-04-16,1 4 5 6 37,,N/A
2022-04-15,1 13 14 29 32,,N/A
2022-04-14,7 19 25 37 42,,N/A
2022-04-13,5 7 8 24 28,,N/A
2022-04-12,13 23 33 34 40,,N/A
2022-04-11,8 27 32 34 36,,N/A
2022-04-10,3 12 16 29 36,,N/A
2022-04-09,8 19 21 22 24,,N/A
2022-04-08,2 6 8 16 42,,N/A
2022-04-07,6 16 21 25 40,,N/A
2022-04-06,2 22 23 26 38,,N/A
2022-04-05,9 10 23 30 31,,N/A
2022-04-04,3 11 15 24 26,,N/A
2022-04-03,8 14 16 22 42,,N/A
2022-04-02,9 20 30 32 36,,N/A
2022-04-01,2 3 5 18 39,,N/A
2022-03-31,15 20 25 30 31,,N/A
2022-03-30,6 12 18 29 30,,N/A
2022-03-29,1 6 9 27 29,,N/A
2022-03-28,2 23 31 34 38,,N/A
2022-03-27,20 32 34 39 42,,N/A
2022-03-26,18 20 23 36 42,,N/A
2022-03-25,22 23 31 40 41,,N/A
2022-03-24,1 16 33 36 42,,N/A
2022-03-23,14 19 24 26 27,,N/A
2022-03-22,4 7 8 9 35,,N/A
2022-03-21,4 6 7 15 28,,N/A
2022-03-20,11 16 23 30 38,,N/A
2022-03-19,8 13 24 26 41,,N/A
2022-03-18,4 8 15 35 40,,N/A
2022-03-17,13 14 29 32 39,,N/A
2022-03-16,1 4 20 31 38,,N/A
2022-03-15,17 21 24 29 39,,N/A
2022-03-14,5 17 28 37 41,,N/A
2022-03-13,4 6 21 26 33,,N/A
2022-03-12,4 6 13 19 35,,N/A
2022-03-11,10 20 29 30 31,,N/A
2022-03-10,5 6 19 29 35,,N/A
2022-03-09,1 10 22 34 37,,N/A
2022-03-08,3 6 9 25 40,,N/A
2022-03-07,3 5 11 20 22,,N/A
2022-03-06,1 5 6 33 40,,N/A
2022-03-05,1 11 23 25 29,,N/A
2022-03-04,10 21 29 33 36,,N/A
2022-03-03,1 19 23 40 42,,N/A
2022-03-02,11 18 22 29 33,,N/A
2022-03-01,14 15 17 25 40,,N/A
2022-02-28,6 14 25 28 42,,N/A
2022-02-27,1 5 9 26 39,,N/A
2022-02-26,3 5 6 22 24,,N/A
2022-02-25,10 24 29 31 42,,N/A
2022-02-24,5 20 24 28 42,,N/A
2022-02-23,2 6 16 34 41,,N/A
2022-02-22,6 16 17 32 35,,N/A
2022-02-21,1 4 10 22 26,,N/A
2022-02-20,11 16 21 30 40,,N/A
2022-02-19,1 8 19 25 41,,N/A
2022-02-18,6 14 20 36 42,,N/A
2022-02-17,4 14 29 38 40,,N/A
2022-02-16,9 18 30 36 38,,N/A
2022-02-15,1 7 13 21 27,,N/A
2022-02-14,23 27 33 35 37,,N/A
2022-02-13,1 4 11 12 19,,N/A
2022-02-12,3 5 8 23 34,,N/A
2022-02-11,9 20 29 32 37,,N/A
2022-02-10,1 5 15 25 29,,N/A
2022-02-09,1 2 15 27 29,,N/A
2022-02-08,1 13 16 31 42,,N/A
2022-02-07,16 17 23 29 32,,N/A
2022-02-06,11 25 28 34 38,,N/A
2022-02-05,6 15 18 19 38,,N/A
2022-02-04,15 21 28 31 39,,N/A
2022-02-03,18 27 31 34 40,,N/A
2022-02-02,8 15 16 21 26,,N/A
2022-02-01,4 22 23 31 42,,N/A
2022-01-31,3 17 26 32 41,,N/A
2022-01-30,3 29 30 31 36,,N/A
2022-01-29,6 16 17 27 35,,N/A
2022-01-28,4 11 27 36 39,,N/A
2022-01-27,3 5 10 25 40,,N/A
2022-01-26,2 3 24 30 37,,N/A
2022-01-25,16 22 23 24 26,,N/A
2022-01-24,14 16 34 36 39,,N/A
2022-01-23,7 15 29 40 42,,N/A
2022-01-22,3 4 7 10 25,,N/A
2022-01-21,3 13 22 28 35,,N/A
2022-01-20,13 15 24 30 41,,N/A
2022-01-19,21 24 32 37 39,,N/A
2022-01-18,18 26 36 37 41,,N/A
2022-01-17,8 18 19 21 29,,N/A
2022-01-16,9 13 19 32 33,,N/A
2022-01-15,4 12 30 31 33,,N/A
2022-01-14,2 3 22 39 42,,N/A
2022-01-13,1 9 15 23 24,,N/A
2022-01-12,13 23 29 31 35,,N/A
2022-01-11,4 8 16 21 27,,N/A
2022-01-10,10 23 25 34 40,,N/A
2022-01-09,3 5 26 33 35,,N/A
2022-01-08,1 9 15 23 42,,N/A
2022-01-07,11 19 20 22 42,,N/A
2022-01-06,4 15 16 24 34,,N/A
2022-01-05,2 5 14 16 23,,N/A
2022-01-04,20 29 34 36 41,,N/A
2022-01-03,1 3 11 16 39,,N/A
2022-01-02,11 15 17 19 20,,N/A
2022-01-01,16 18 20 24 41,,N/A
2021-12-31,15 20 24 26 38,,N/A
2021-12-30,19 29 32 37 40,,N/A
2021-12-29,4 7 10 16 39,,N/A
2021-12-28,10 23 24 37 41,,N/A
2021-12-27,13 20 23 26 37,,N/A
2021-12-26,25 26 29 32 33,,N/A
2021-12-25,8 21 30 33 34,,N/A
2021-12-24,1 6 25 32 37,,N/A
2021-12-23,5 10 14 21 37,,N/A
2021-12-22,23 24 28 40 42,,N/A
2021-12-21,6 16 21 30 39,,N/A
2021-12-20,13 19 32 33 35,,N/A
2021-12-19,1 4 9 21 29,,N/A
2021-12-18,4 12 17 21 41,,N/A
2021-12-17,7 10 29 36 42,,N/A
2021-12-16,2 4 6 10 13,,N/A
2021-12-15,2 8 13 21 40,,N/A
2021-12-14,13 27 31 37 39,,N/A
2021-12-13,16 19 20 34 42,,N/A
2021-12-12,4 9 18 21 23,,N/A
2021-12-11,11 19 29 30 34,,N/A
2021-12-10,4 13 26 39 42,,N/A
2021-12-09,10 12 18 23 39,,N/A
2021-12-08,7 24 31 35 42,,N/A
2021-12-07,5 8 13 24 35,,N/A
2021-12-06,2 14 19 26 31,,N/A
2021-12-05,5 6 27 32 37,,N/A
2021-12-04,11 13 14 31 35,,N/A
2021-12-03,8 12 28 37 38,,N/A
2021-12-02,15 18 21 32 34,,N/A
2021-12-01,12 15 25 38 40,,N/A
2021-11-30,6 18 25 34 39,,N/A
2021-11-29,2 19 20 24 28,,N/A
2021-11-28,5 15 26 27 37,,N/A
2021-11-27,9 10 32 34 39,,N/A
2021-11-26,8 19 34 36 40,,N/A
2021-11-25,6 16 21 24 31,,N/A
2021-11-24,1 2 4 18 42,,N/A
2021-11-23,10 13 16 32 41,,N/A
2021-11-22,10 13 16 22 41,,N/A
2021-11-21,17 25 29 33 34,,N/A
2021-11-20,9 10 26 33 42,,N/A
2021-11-19,3 12 15 26 30,,N/A
2021-11-18,13 31 35 39 41,,N/A
2021-11-17,1 29 34 39 42,,N/A
2021-11-16,7 20 24 30 40,,N/A
2021-11-15,5 9 23 34 35,,N/A
2021-11-14,1 4 16 17 28,,N/A
2021-11-13,2 6 12 22 25,,N/A
2021-11-12,9 19 27 33 38,,N/A
2021-11-11,7 15 25 38 39,,N/A
2021-11-10,17 18 35 41 42,,N/A
2021-11-09,12 17 19 23 31,,N/A
2021-11-08,1 6 7 18 32,,N/A
2021-11-07,1 12 13 19 30,,N/A
2021-11-06,3 5 8 25 31,,N/A
2021-11-05,8 13 29 32 34,,N/A
2021-11-04,2 16 25 37 38,,N/A
2021-11-03,4 23 28 33 41,,N/A
2021-11-02,19 21 28 38 41,,N/A
2021-11-01,5 13 29 34 40,,N/A
2021-10-31,13 17 19 20 34,,N/A
2021-10-30,4 13 18 33 34,,N/A
2021-10-29,20 29 31 32 35,,N/A
2021-10-28,3 19 28 35 42,,N/A
2021-10-27,4 13 15 30 42,,N/A
2021-10-26,3 13 22 24 42,,N/A
2021-10-25,9 16 17 21 23,,N/A
2021-10-24,9 10 23 30 35,,N/A
2021-10-23,3 7 15 38 42,,N/A
2021-10-22,12 15 18 34 41,,N/A
2021-10-21,7 16 19 26 33,,N/A
2021-10-20,4 8 31 38 40,,N/A
2021-10-19,4 10 13 22 33,,N/A
2021-10-18,5 14 15 21 26,,N/A
2021-10-17,12 21 32 37 41,,N/A
2021-10-16,11 12 18 25 26,,N/A
2021-10-15,10 14 16 23 26,,N/A
2021-10-14,2 11 12 33 42,,N/A
2021-10-13,11 26 30 38 41,,N/A
2021-10-12,13 19 31 35 40,,N/A
2021-10-11,3 7 14 27 38,,N/A
2021-10-10,1 2 16 17 36,,N/A
2021-10-09,2 23 31 37 39,,N/A
2021-10-08,7 8 26 35 36,,N/A
2021-10-07,6 10 14 20 26,,N/A
2021-10-06,2 5 8 27 34,,N/A
2021-10-05,2 6 11 30 35,,N/A
2021-10-04,4 8 15 23 31,,N/A
2021-10-03,4 14 27 33 42,,N/A
2021-10-02,10 18 30 31 38,,N/A
2021-10-01,4 11 20 28 41,,N/A
2021-09-30,5 8 22 32 33,,N/A
2021-09-29,2 10 25 33 35,,N/A
2021-09-28,17 20 28 31 38,,N/A
2021-09-27,14 21 26 35 41,,N/A
2021-09-26,5 15 26 38 39,,N/A
2021-09-25,7 11 12 23 29,,N/A
2021-09-24,13 20 23 27 34,,N/A
2021-09-23,9 14 21 24 42,,N/A
2021-09-22,7 9 16 20 30,,N/A
2021-09-21,8 11 16 24 25,,N/A
2021-09-20,9 19 25 35 41,,N/A
2021-09-19,13 14 15 21 35,,N/A
2021-09-18,11 22 25 31 32,,N/A
2021-09-17,7 11 30 36 40,,N/A
2021-09-16,1 11 27 29 40,,N/A
2021-09-15,13 17 18 27 31,,N/A
2021-09-14,6 10 29 37 41,,N/A
2021-09-13,6 17 23 27 33,,N/A
2021-09-12,2 4 11 15 38,,N/A
2021-09-11,19 20 22 34 42,,N/A
2021-09-10,23 25 27 34 37,,N/A
2021-09-09,3 7 8 16 25,,N/A
2021-09-08,1 4 12 18 23,,N/A
2021-09-07,3 8 21 39 40,,N/A
2021-09-06,2 8 14 20 23,,N/A
2021-09-05,13 28 30 32 41,,N/A
2021-09-04,1 11 25 27 28,,N/A
2021-09-03,18 19 21 31 32,,N/A
2021-09-02,1 22 24 37 40,,N/A
2021-09-01,17 24 25 26 31,,N/A
2021-08-31,10 19 25 30 39,,N/A
2021-08-30,21 25 31 34 35,,N/A
2021-08-29,4 28 29 33 35,,N/A
2021-08-28,3 7 23 40 42,,N/A
2021-08-27,8 15 22 30 41,,N/A
2021-08-26,7 21 35 37 41,,N/A
2021-08-25,4 5 10 21 39,,N/A
2021-08-24,27 32 33 40 41,,N/A
2021-08-23,8 18 23 29 40,,N/A
2021-08-22,7 15 16 30 41,,N/A
2021-08-21,2 14 27 35 38,,N/A
2021-08-20,6 9 19 22 33,,N/A
2021-08-19,2 13 14 18 28,,N/A
2021-08-18,7 28 32 36 40,,N/A
2021-08-17,5 8 27 34 40,,N/A
2021-08-16,1 10 23 26 31,,N/A
2021-08-15,12 22 28 34 41,,N/A
2021-08-14,7 16 17 24 35,,N/A
2021-08-13,11 14 16 17 41,,N/A
2021-08-12,4 6 21 34 42,,N/A
2021-08-11,8 14 16 20 28,,N/A
2021-08-10,4 11 31 35 38,,N/A
2021-08-09,1 11 15 25 29,,N/A
2021-08-08,6 23 27 31 32,,N/A
2021-08-07,3 29 35 36 38,,N/A
2021-08-06,1 11 26 31 41,,N/A
2021-08-05,5 6 11 18 37,,N/A
2021-08-04,10 14 15 23 28,,N/A
2021-08-03,3 8 26 28 39,,N/A
2021-08-02,6 9 12 34 37,,N/A
2021-08-01,3 5 13 15 29,,N/A
2021-07-31,16 21 30 33 40,,N/A
2021-07-30,22 24 25 28 37,,N/A
2021-07-29,10 11 26 30 40,,N/A
2021-07-28,22 25 27 34 42,,N/A
2021-07-27,15 16 22 23 34,,N/A
2021-07-26,1 3 5 20 23,,N/A
2021-07-25,5 18 21 26 41,,N/A
2021-07-24,9 21 26 29 40,,N/A
2021-07-23,8 14 23 31 34,,N/A
2021-07-22,8 24 31 32 40,,N/A
2021-07-21,2 9 13 23 31,,N/A
2021-07-20,21 24 26 35 42,,N/A
2021-07-19,2 6 21 26 41,,N/A
2021-07-18,1 15 21 27 31,,N/A
2021-07-17,6 10 18 26 40,,N/A
2021-07-16,9 18 22 30 37,,N/A
2021-07-15,2 14 17 29 30,,N/A
2021-07-14,8 9 13 24 27,,N/A
2021-07-13,5 11 14 21 34,,N/A
2021-07-12,4 10 24 25 28,,N/A
2021-07-11,16 17 21 25 27,,N/A
2021-07-10,13 14 26 40 41,,N/A
2021-07-09,9 18 27 30 38,,N/A
2021-07-08,2 8 16 27 41,,N/A
2021-07-07,5 17 29 31 41,,N/A
2021-07-06,2 14 21 29 38,,N/A
2021-07-05,10 27 29 41 42,,N/A
2021-07-04,9 18 28 34 36,,N/A
2021-07-03,4 14 16 19 22,,N/A
2021-07-02,6 16 17 24 33,,N/A
2021-07-01,8 13 15 21 24,,N/A
2021-06-30,9 15 23 27 34,,N/A
2021-06-29,4 11 12 25 37,,N/A
2021-06-28,1 14 28 39 40,,N/A
2021-06-27,2 8 32 39 41,,N/A
2021-06-26,5 9 25 27 30,,N/A
2021-06-25,3 16 21 40 41,,N/A
2021-06-24,4 6 16 23 33,,N/A
2021-06-23,11 13 28 34 39,,N/A
2021-06-22,1 7 33 41 42,,N/A
2021-06-21,15 27 32 33 41,,N/A
2021-06-20,10 18 21 28 30,,N/A
2021-06-19,5 11 18 35 37,,N/A
2021-06-18,2 15 27 38 41,,N/A
2021-06-17,12 31 34 36 41,,N/A
2021-06-16,5 33 35 40 42,,N/A
2021-06-15,7 9 10 21 29,,N/A
2021-06-14,13 20 22 32 40,,N/A
2021-06-13,3 13 16 22 29,,N/A
2021-06-12,4 18 22 23 24,,N/A
2021-06-11,22 27 28 31 40,,N/A
2021-06-10,2 11 12 38 41,,N/A
2021-06-09,18 20 31 39 42,,N/A
2021-06-08,5 9 11 15 38,,N/A
2021-06-07,8 16 20 25 37,,N/A
2021-06-06,3 4 19 37 38,,N/A
2021-06-05,10 15 18 28 30,,N/A
2021-06-04,2 27 36 37 39,,N/A
2021-06-03,7 20 24 32 38,,N/A
2021-06-02,7 13 15 28 34,,N/A
2021-06-01,19 20 30 31 39,,N/A
2021-05-31,1 4 8 37 41,,N/A
2021-05-30,3 9 20 35 40,,N/A
2021-05-29,4 6 32 37 41,,N/A
2021-05-28,5 16 26 40 42,,N/A
2021-05-27,6 11 15 33 37,,N/A
2021-05-26,19 25 28 30 41,,N/A
2021-05-25,4 10 21 29 35,,N/A
2021-05-24,5 15 16 20 40,,N/A
2021-05-23,2 4 8 12 41,,N/A
2021-05-22,12 28 29 34 41,,N/A
2021-05-21,2 7 11 18 20,,N/A
2021-05-20,5 6 12 21 32,,N/A
2021-05-19,9 11 31 33 41,,N/A
2021-05-18,3 4 25 29 32,,N/A
2021-05-17,18 27 33 37 41,,N/A
2021-05-16,14 31 32 33 38,,N/A
2021-05-15,6 12 29 38 42,,N/A
2021-05-14,11 12 13 23 37,,N/A
2021-05-13,2 8 15 31 38,,N/A
2021-05-12,9 17 19 23 33,,N/A
2021-05-11,3 6 9 12 33,,N/A
2021-05-10,3 17 19 29 32,,N/A
2021-05-09,4 11 22 34 36,,N/A
2021-05-08,10 14 23 36 41,,N/A
2021-05-07,1 5 30 34 36,,N/A
2021-05-06,3 13 15 33 42,,N/A
2021-05-05,2 10 20 30 40,,N/A
2021-05-04,14 35 36 37 38,,N/A
2021-05-03,5 8 14 22 35,,N/A
2021-05-02,4 11 25 30 31,,N/A
2021-05-01,4 7 22 31 34,,N/A
2021-04-30,4 15 35 40 41,,N/A
2021-04-29,4 11 21 27 28,,N/A
2021-04-28,1 14 16 17 19,,N/A
2021-04-27,1 13 23 25 38,,N/A
2021-04-26,1 15 17 41 42,,N/A
2021-04-25,4 8 26 31 37,,N/A
2021-04-24,10 14 17 23 25,,N/A
2021-04-23,17 21 29 31 35,,N/A
2021-04-22,19 26 37 38 40,,N/A
2021-04-21,9 21 33 35 40,,N/A
2021-04-20,9 10 13 36 42,,N/A
2021-04-19,2 23 26 30 38,,N/A
2021-04-18,2 6 15 16 32,,N/A
2021-04-17,11 13 22 35 39,,N/A
2021-04-16,12 14 19 25 28,,N/A
2021-04-15,23 25 27 33 41,,N/A
2021-04-14,15 21 24 28 34,,N/A
2021-04-13,3 19 24 34 42,,N/A
2021-04-12,2 14 31 37 42,,N/A
2021-04-11,11 29 35 37 40,,N/A
2021-04-10,1 3 12 36 37,,N/A
2021-04-09,5 7 15 28 33,,N/A
2021-04-08,2 3 4 32 37,,N/A
2021-04-07,3 4 14 37 42,,N/A
2021-04-06,5 15 21 22 24,,N/A
2021-04-05,5 11 12 28 35,,N/A
2021-04-04,11 31 33 34 39,,N/A
2021-04-03,2 6 11 15 29,,N/A
2021-04-02,5 7 18 22 40,,N/A
2021-04-01,7 21 26 29 38,,N/A
2021-03-31,6 8 19 23 30,,N/A
2021-03-30,4 12 13 30 34,,N/A
2021-03-29,9 12 20 23 31,,N/A
2021-03-28,1 23 24 38 42,,N/A
2021-03-27,11 16 20 25 36,,N/A
2021-03-26,8 10 27 32 35,,N/A
2021-03-25,3 23 25 40 41,,N/A
2021-03-24,4 16 20 33 40,,N/A
2021-03-23,8 21 33 34 37,,N/A
2021-03-22,5 11 17 26 28,,N/A
2021-03-21,1 6 11 15 19,,N/A
2021-03-20,2 6 9 24 39,,N/A
2021-03-19,7 10 25 37 41,,N/A
2021-03-18,6 12 25 28 37,,N/A
2021-03-17,9 11 27 31 38,,N/A
2021-03-16,14 16 21 31 32,,N/A
2021-03-15,12 17 23 30 37,,N/A
2021-03-14,20 27 30 37 38,,N/A
2021-03-13,2 3 4 19 24,,N/A
2021-03-12,1 13 18 27 29,,N/A
2021-03-11,4 7 16 22 33,,N/A
2021-03-10,3 12 17 24 25,,N/A
2021-03-09,9 11 18 32 42,,N/A
2021-03-08,11 19 29 35 38,,N/A
2021-03-07,4 10 22 24 40,,N/A
2021-03-06,7 19 27 33 36,,N/A
2021-03-05,1 4 9 11 21,,N/A
2021-03-04,1 4 12 13 41,,N/A
2021-03-03,1 8 10 28 35,,N/A
2021-03-02,14 28 30 33 36,,N/A
2021-03-01,9 12 14 30 38,,N/A
2021-02-28,5 20 22 27 36,,N/A
2021-02-27,9 18 28 34 35,,N/A
2021-02-26,14 23 25 29 33,,N/A
2021-02-25,14 19 27 38 40,,N/A
2021-02-24,9 14 15 35 41,,N/A
2021-02-23,3 8 15 20 41,,N/A
2021-02-22,4 8 9 11 36,,N/A
2021-02-21,10 15 21 32 33,,N/A
2021-02-20,5 6 11 29 36,,N/A
2021-02-19,2 3 4 26 34,,N/A
2021-02-18,2 26 34 41 42,,N/A
2021-02-17,2 21 32 35 36,,N/A
2021-02-16,6 7 14 18 34,,N/A
2021-02-15,3 14 24 31 40,,N/A
2021-02-14,12 16 29 39 41,,N/A
2021-02-13,1 16 23 28 29,,N/A
2021-02-12,1 17 23 32 34,,N/A
2021-02-11,4 8 33 36 41,,N/A
2021-02-10,11 15 21 28 40,,N/A
2021-02-09,2 10 22 25 26,,N/A
2021-02-08,6 11 30 33 34,,N/A
2021-02-07,4 11 16 20 24,,N/A
2021-02-06,2 22 26 28 34,,N/A
2021-02-05,6 10 21 28 42,,N/A
2021-02-04,18 24 26 39 40,,N/A
2021-02-03,7 14 16 36 40,,N/A
2021-02-02,2 19 21 29 30,,N/A
2021-02-01,1 9 10 18 39,,N/A
2021-01-31,2 11 13 22 33,,N/A
2021-01-30,19 20 32 41 42,,N/A
2021-01-29,6 11 24 28 30,,N/A
2021-01-28,3 9 26 33 41,,N/A
2021-01-27,10 18 23 27 30,,N/A
2021-01-26,3 19 24 25 41,,N/A
2021-01-25,8 20 22 33 40,,N/A
2021-01-24,3 4 14 16 38,,N/A
2021-01-23,1 12 22 27 42,,N/A
2021-01-22,21 29 30 32 39,,N/A
2021-01-21,10 14 21 22 33,,N/A
2021-01-20,6 9 18 32 34,,N/A
2021-01-19,31 33 37 38 42,,N/A
2021-01-18,17 22 30 38 42,,N/A
2021-01-17,11 19 24 27 29,,N/A
2021-01-16,7 22 29 31 37,,N/A
2021-01-15,5 19 31 34 42,,N/A
2021-01-14,4 13 14 26 29,,N/A
2021-01-13,15 29 32 34 42,,N/A
2021-01-12,3 17 24 32 33,,N/A
2021-01-11,7 10 19 26 36,,N/A
2021-01-10,10 14 29 38 39,,N/A
2021-01-09,14 17 24 25 26,,N/A
2021-01-08,10 11 21 28 32,,N/A
2021-01-07,3 17 18 25 35,,N/A
2021-01-06,1 16 24 28 36,,N/A
2021-01-05,17 19 26 28 30,,N/A
2021-01-04,13 15 27 28 34,,N/A
2021-01-03,16 22 29 30 36,,N/A
2021-01-02,17 20 28 39 41,,N/A
2021-01-01,15 19 22 39 41,,N/A
2020-12-31,6 11 21 24 34,,N/A
2020-12-30,3 11 23 29 42,,N/A
2020-12-29,8 19 30 33 37,,N/A
2020-12-28,12 15 17 33 41,,N/A
2020-12-27,9 25 28 30 31,,N/A
2020-12-26,4 9 19 20 22,,N/A
2020-12-25,27 29 33 38 39,,N/A
2020-12-24,5 19 21 34 42,,N/A
2020-12-23,6 18 30 37 38,,N/A
2020-12-22,6 22 24 25 27,,N/A
2020-12-21,7 13 16 26 31,,N/A
2020-12-20,19 30 34 39 40,,N/A
2020-12-19,17 18 31 37 38,,N/A
2020-12-18,1 5 12 25 39,,N/A
2020-12-17,2 16 31 33 39,,N/A
2020-12-16,13 25 29 32 40,,N/A
2020-12-15,1 2 7 27 30,,N/A
2020-12-14,2 7 13 20 38,,N/A
2020-12-13,7 10 15 41 42,,N/A
2020-12-12,1 3 5 21 37,,N/A
2020-12-11,1 11 16 18 27,,N/A
2020-12-10,13 18 21 31 34,,N/A
2020-12-09,2 7 27 32 41,,N/A
2020-12-08,8 12 31 35 37,,N/A
2020-12-07,2 14 22 27 30,,N/A
2020-12-06,11 13 14 32 41,,N/A
2020-12-05,1 2 6 11 35,,N/A
2020-12-04,11 16 27 29 32,,N/A
2020-12-03,11 14 21 34 38,,N/A
2020-12-02,4 6 24 35 37,,N/A
2020-12-01,3 11 19 21 27,,N/A
2020-11-30,2 9 15 27 39,,N/A
2020-11-29,18 20 33 34 39,,N/A
2020-11-28,3 27 30 33 38,,N/A
2020-11-27,15 19 33 35 41,,N/A
2020-11-26,1 8 22 27 36,,N/A
2020-11-25,2 9 19 39 41,,N/A
2020-11-24,5 6 11 13 31,,N/A
2020-11-23,1 7 29 34 40,,N/A
2020-11-22,10 25 32 34 40,,N/A
2020-11-21,13 15 19 32 40,,N/A
2020-11-20,3 12 26 30 40,,N/A
2020-11-19,11 15 28 29 34,,N/A
2020-11-18,6 16 20 30 42,,N/A
2020-11-17,2 7 8 16 33,,N/A
2020-11-16,16 20 21 28 30,,N/A
2020-11-15,1 5 12 32 37,,N/A
2020-11-14,7 18 21 23 30,,N/A
2020-11-13,3 8 15 17 33,,N/A
2020-11-12,1 13 15 19 32,,N/A
2020-11-11,7 16 17 23 37,,N/A
2020-11-10,5 17 19 38 41,,N/A
2020-11-09,1 2 12 21 32,,N/A
2020-11-08,4 7 9 37 39,,N/A
2020-11-07,8 10 14 21 35,,N/A
2020-11-06,5 15 20 24 30,,N/A
2020-11-05,1 3 17 19 27,,N/A
2020-11-04,1 4 7 15 25,,N/A
2020-11-03,3 17 28 40 42,,N/A
2020-11-02,8 9 33 35 39,,N/A
2020-11-01,5 12 21 25 33,,N/A
2020-10-31,17 24 28 29 35,,N/A
2020-10-30,2 5 14 24 30,,N/A
2020-10-29,12 16 17 19 27,,N/A
2020-10-28,7 18 22 35 37,,N/A
2020-10-27,8 11 21 24 27,,N/A
2020-10-26,1 23 24 32 37,,N/A
2020-10-25,2 5 22 25 31,,N/A
2020-10-24,4 5 6 20 23,,N/A
2020-10-23,10 12 19 35 40,,N/A
2020-10-22,3 5 18 40 42,,N/A
2020-10-21,3 7 15 31 36,,N/A
2020-10-20,26 30 34 35 39,,N/A
2020-10-19,13 17 28 29 32,,N/A
2020-10-18,11 17 21 25 34,,N/A
2020-10-17,10 14 29 30 32,,N/A
2020-10-16,11 12 14 26 28,,N/A
2020-10-15,3 9 20 22 24,,N/A
2020-10-14,6 10 20 24 25,,N/A
2020-10-13,19 30 35 38 39,,N/A
2020-10-12,4 8 17 21 37,,N/A
2020-10-11,5 17 31 36 40,,N/A
2020-10-10,10 12 21 24 41,,N/A
2020-10-09,18 20 24 25 27,,N/A
2020-10-08,2 3 14 36 37,,N/A
2020-10-07,16 17 35 36 40,,N/A
2020-10-06,10 17 23 33 38,,N/A
2020-10-05,10 11 12 16 40,,N/A
2020-10-04,8 14 15 23 30,,N/A
2020-10-03,1 9 13 30 34,,N/A
2020-10-02,5 7 10 31 39,,N/A
2020-10-01,18 19 20 26 29,,N/A
2020-09-30,1 8 10 26 37,,N/A
2020-09-29,8 15 18 21 40,,N/A
2020-09-28,12 20 23 31 40,,N/A
2020-09-27,1 13 17 25 27,,N/A
2020-09-26,2 5 31 32 33,,N/A
2020-09-25,15 18 34 35 37,,N/A
2020-09-24,4 8 17 22 31,,N/A
2020-09-23,23 24 26 32 39,,N/A
2020-09-22,6 22 26 30 37,,N/A
2020-09-21,2 15 23 28 36,,N/A
2020-09-20,24 27 36 37 39,,N/A
2020-09-19,16 22 27 33 36,,N/A
2020-09-18,2 10 22 33 39,,N/A
2020-09-17,7 20 29 35 39,,N/A
2020-09-16,9 28 29 34 37,,N/A
2020-09-15,3 4 7 11 32,,N/A
2020-09-14,10 11 16 28 38,,N/A
2020-09-13,4 6 12 35 42,,N/A
2020-09-12,1 15 17 21 27,,N/A
2020-09-11,4 12 23 29 36,,N/A
2020-09-10,9 19 29 34 40,,N/A
2020-09-09,1 28 29 38 40,,N/A
2020-09-08,7 24 33 36 41,,N/A
2020-09-07,9 15 24 32 39,,N/A
2020-09-06,3 26 28 31 42,,N/A
2020-09-05,8 12 15 33 35,,N/A
2020-09-04,4 6 27 33 36,,N/A
2020-09-03,2 14 30 35 39,,N/A
2020-09-02,7 11 14 28 31,,N/A
2020-09-01,16 17 22 35 39,,N/A
2020-08-31,2 16 17 29 38,,N/A
2020-08-30,7 11 12 32 38,,N/A
2020-08-29,6 14 17 23 38,,N/A
2020-08-26,3 15 21 30 32,,N/A
2020-08-24,12 16 26 28 39,,N/A
2020-08-22,13 20 22 28 33,,N/A
2020-08-19,9 11 26 28 38,,N/A
2020-08-17,1 26 30 37 38,,N/A
2020-08-15,6 19 26 32 33,,N/A
2020-08-12,10 30 32 33 35,,N/A
2020-08-10,11 17 21 30 33,,N/A
2020-08-08,6 32 33 37 38,,N/A
2020-08-05,13 15 22 25 33,,N/A
2020-08-03,5 6 13 17 38,,N/A
2020-08-01,6 17 18 26 34,,N/A
2020-07-29,4 7 33 36 37,,N/A
2020-07-27,4 9 14 16 35,,N/A
2020-07-25,3 5 24 32 37,,N/A
2020-07-22,11 26 32 33 38,,N/A
2020-07-20,1 3 5 11 33,,N/A
2020-07-18,14 16 22 24 36,,N/A
2020-07-15,11 14 21 25 36,,N/A
2020-07-13,2 7 22 35 38,,N/A
2020-07-11,7 16 18 23 33,,N/A
2020-07-08,11 23 28 30 31,,N/A
2020-07-06,5 17 18 20 36,,N/A
2020-07-04,2 9 17 21 31,,N/A
2020-07-01,18 26 32 33 39,,N/A
2020-06-29,1 12 28 36 39,,N/A
2020-06-27,5 17 30 34 37,,N/A
2020-06-24,2 18 21 31 37,,N/A
2020-06-22,24 25 30 32 36,,N/A
2020-06-20,4 9 22 24 31,,N/A
2020-06-17,7 8 22 23 30,,N/A
2020-06-15,11 17 19 27 29,,N/A
2020-06-13,7 10 21 27 29,,N/A
2020-06-10,6 17 20 28 36,,N/A
2020-06-08,2 8 10 12 13,,N/A
2020-06-06,10 16 20 31 39,,N/A
2020-06-03,12 18 33 36 39,,N/A
2020-06-01,16 31 33 34 35,,N/A
2020-05-30,2 8 12 26 38,,N/A
2020-05-27,17 21 29 37 38,,N/A
2020-05-25,3 7 13 16 21,,N/A
2020-05-23,8 17 27 38 39,,N/A
2020-05-20,6 8 13 22 33,,N/A
2020-05-18,2 4 20 28 29,,N/A
2020-05-16,9 14 15 38 39,,N/A
2020-05-13,3 16 23 24 31,,N/A
2020-05-11,3 7 21 38 39,,N/A
2020-05-09,9 18 19 22 29,,N/A
2020-05-06,8 25 27 31 38,,N/A
2020-05-04,1 8 15 21 32,,N/A
2020-05-02,5 8 23 24 34,,N/A
2020-04-29,2 15 24 25 29,,N/A
2020-04-27,3 12 25 27 38,,N/A
2020-04-25,4 7 10 30 37,,N/A
2020-04-22,3 10 12 24 34,,N/A
2020-04-20,17 20 23 24 26,,N/A
2020-04-18,7 12 19 21 26,,N/A
2020-04-15,4 20 31 32 38,,N/A
2020-04-13,1 4 17 30 37,,N/A
2020-04-11,9 18 25 33 35,,N/A
2020-04-08,9 11 18 26 37,,N/A
2020-04-06,2 8 26 33 34,,N/A
2020-04-04,1 3 6 25 39,,N/A
2020-04-01,14 21 27 28 30,,N/A
2020-03-30,5 13 15 16 31,,N/A
2020-03-28,17 20 21 27 39,,N/A
2020-03-25,7 11 16 22 35,,N/A
2020-03-23,1 8 10 12 23,,N/A
2020-03-21,5 7 10 33 36,,N/A
2020-03-18,2 15 16 33 35,,N/A
2020-03-16,2 8 21 33 34,,N/A
2020-03-14,1 15 19 28 38,,N/A
2020-03-11,6 9 22 26 32,,N/A
2020-03-09,8 9 10 30 37,,N/A
2020-03-07,2 5 12 30 31,,N/A
2020-03-04,7 9 17 25 38,,N/A
2020-03-02,3 8 14 28 38,,N/A
2020-02-29,8 9 22 28 29,,N/A
2020-02-26,4 11 18 30 33,,N/A
2020-02-24,5 19 22 28 33,,N/A
2020-02-22,4 10 15 28 30,,N/A
2020-02-19,3 4 17 23 32,,N/A
2020-02-17,9 10 17 22 28,,N/A
2020-02-15,3 6 20 27 31,,N/A
2020-02-12,11 15 18 23 33,,N/A
2020-02-10,5 7 22 28 30,,N/A
2020-02-08,5 8 21 29 39,,N/A
2020-02-05,5 12 25 29 37,,N/A
2020-02-03,1 7 18 27 39,,N/A
2020-02-01,7 11 22 23 37,,N/A
2020-01-29,13 15 27 28 32,,N/A
2020-01-27,4 8 21 26 39,,N/A
2020-01-25,9 19 20 36 37,,N/A
2020-01-22,4 12 13 22 39,,N/A
2020-01-20,9 21 23 35 39,,N/A
2020-01-18,7 17 27 35 38,,N/A
2020-01-15,3 6 8 14 39,,N/A
2020-01-13,12 18 22 24 36,,N/A
2020-01-11,8 12 13 25 32,,N/A
2020-01-08,2 8 9 27 29,,N/A
2020-01-06,1 2 13 23 37,,N/A
2020-01-04,9 10 12 17 23,,N/A
2020-01-01,12 16 24 30 38,,N/A
2019-12-30,1 3 10 11 17,,N/A
2019-12-28,3 4 8 28 32,,N/A
2019-12-25,20 24 33 36 39,,N/A
2019-12-23,13 16 26 27 28,,N/A
2019-12-21,12 13 16 28 30,,N/A
2019-12-18,12 15 21 35 39,,N/A
2019-12-16,11 19 21 31 38,,N/A
2019-12-14,12 15 17 27 39,,N/A
2019-12-11,9 15 24 25 31,,N/A
2019-12-09,8 21 27 31 37,,N/A
2019-12-07,7 8 16 18 24,,N/A
2019-12-04,22 23 25 38 39,,N/A
2019-12-02,11 23 28 35 37,,N/A
2019-11-30,3 6 21 26 32,,N/A
2019-11-27,5 14 23 24 28,,N/A
2019-11-25,23 27 30 32 34,,N/A
2019-11-23,12 13 17 31 38,,N/A
2019-11-20,13 17 22 27 28,,N/A
2019-11-18,3 4 7 25 27,,N/A
2019-11-16,5 11 12 30 31,,N/A
2019-11-13,7 12 18 22 27,,N/A
2019-11-11,1 13 20 31 37,,N/A
2019-11-09,3 5 6 18 28,,N/A
2019-11-06,1 6 8 18 21,,N/A
2019-11-04,1 13 21 23 34,,N/A
2019-11-02,6 8 17 19 23,,N/A
2019-10-30,3 4 18 21 33,,N/A
2019-10-28,9 18 20 24 28,,N/A
2019-10-26,17 22 24 27 34,,N/A
2019-10-23,2 6 11 12 19,,N/A
2019-10-21,6 9 15 20 36,,N/A
2019-10-19,15 25 27 29 35,,N/A
2019-10-16,5 12 14 30 32,,N/A
2019-10-14,2 3 14 27 29,,N/A
2019-10-12,4 19 23 28 36,,N/A
2019-10-09,4 7 11 16 19,,N/A
2019-10-07,12 21 23 28 32,,N/A
2019-10-05,21 27 29 35 36,,N/A
2019-10-02,1 5 21 28 33,,N/A
2019-09-30,1 19 21 26 32,,N/A
2019-09-28,2 16 17 18 36,,N/A
2019-09-25,1 4 14 16 29,,N/A
2019-09-23,10 11 24 30 39,,N/A
2019-09-21,11 12 13 19 28,,N/A
2019-09-18,2 3 4 29 38,,N/A
2019-09-16,3 4 10 14 18,,N/A
2019-09-14,3 5 23 32 38,,N/A
2019-09-11,16 19 29 36 37,,N/A
2019-09-09,2 7 19 34 38,,N/A
2019-09-07,1 11 19 24 36,,N/A
2019-09-04,1 20 23 29 31,,N/A
2019-09-02,13 20 26 33 37,,N/A
2019-08-31,2 4 9 33 35,,N/A
2019-08-28,4 9 13 20 26,,N/A
2019-08-26,5 16 27 38 39,,N/A
2019-08-24,15 21 24 26 29,,N/A
2019-08-21,12 19 21 29 30,,N/A
2019-08-19,1 15 28 30 37,,N/A
2019-08-17,4 7 20 24 34,,N/A
2019-08-14,10 11 12 22 33,,N/A
2019-08-12,23 27 30 36 37,,N/A
2019-08-10,4 12 20 34 38,,N/A
2019-08-07,4 6 7 16 18,,N/A
2019-08-05,10 11 12 30 31,,N/A
2019-08-03,1 7 18 27 38,,N/A
2019-07-31,1 2 5 9 23,,N/A
2019-07-29,6 30 31 35 36,,N/A
2019-07-27,1 4 24 26 35,,N/A
2019-07-24,2 9 22 24 28,,N/A
2019-07-22,12 13 19 23 38,,N/A
2019-07-20,2 3 6 12 13,,N/A
2019-07-17,7 25 32 36 38,,N/A
2019-07-15,1 8 15 25 28,,N/A
2019-07-13,1 11 21 24 38,,N/A
2019-07-10,8 10 27 33 39,,N/A
2019-07-08,4 18 31 33 38,,N/A
2019-07-06,21 30 34 35 36,,N/A
2019-07-03,1 7 15 18 34,,N/A
2019-07-01,6 15 18 21 39,,N/A
2019-06-29,2 20 21 24 32,,N/A
2019-06-26,4 8 9 19 37,,N/A
2019-06-24,7 10 24 26 33,,N/A
2019-06-22,3 8 11 27 33,,N/A
2019-06-19,1 4 13 21 29,,N/A
2019-06-17,5 18 31 32 34,,N/A
2019-06-15,5 11 26 32 36,,N/A
2019-06-12,18 20 22 32 33,,N/A
2019-06-10,24 25 26 33 38,,N/A
2019-06-08,4 26 30 36 39,,N/A
2019-06-05,5 8 21 23 36,,N/A
2019-06-03,3 4 8 11 34,,N/A
2019-06-01,3 9 12 21 25,,N/A
2019-05-29,7 9 19 21 37,,N/A
2019-05-27,5 15 22 26 34,,N/A
2019-05-25,4 6 14 26 34,,N/A
2019-05-22,7 8 9 14 21,,N/A
2019-05-20,9 10 18 25 30,,N/A
2019-05-18,6 16 27 34 36,,N/A
2019-05-15,1 6 23 27 28,,N/A
2019-05-13,10 14 20 33 36,,N/A
2019-05-11,4 11 13 24 28,,N/A
2019-05-08,13 20 26 32 38,,N/A
2019-05-06,2 7 9 24 39,,N/A
2019-05-04,3 5 23 27 37,,N/A
2019-05-01,1 2 4 23 37,,N/A
2019-04-29,14 15 23 32 35,,N/A
2019-04-27,8 21 27 31 39,,N/A
2019-04-24,3 31 32 38 39,,N/A
2019-04-22,2 8 9 30 31,,N/A
2019-04-20,1 2 16 29 36,,N/A
2019-04-17,1 8 24 30 38,,N/A
2019-04-15,5 6 16 23 38,,N/A
2019-04-13,6 20 29 30 32,,N/A
2019-04-10,2 13 22 36 38,,N/A
2019-04-08,11 17 20 23 31,,N/A
2019-04-06,7 8 9 22 26,,N/A
2019-04-03,16 17 26 32 33,,N/A
2019-04-01,5 10 25 26 39,,N/A
2019-03-30,1 3 11 17 32,,N/A
2019-03-27,17 21 26 29 30,,N/A
2019-03-25,6 8 14 21 29,,N/A
2019-03-23,15 18 22 24 31,,N/A
2019-03-20,13 14 15 24 30,,N/A
2019-03-18,7 16 17 23 29,,N/A
2019-03-16,9 11 15 33 36,,N/A
2019-03-13,2 3 16 19 22,,N/A
2019-03-11,3 18 22 23 32,,N/A
2019-03-09,5 8 9 10 13,,N/A
2019-03-06,3 4 12 21 28,,N/A
2019-03-04,4 7 23 27 36,,N/A
2019-03-02,14 20 21 24 39,,N/A
2019-02-27,2 22 24 31 34,,N/A
2019-02-25,6 11 20 22 29,,N/A
2019-02-23,2 15 17 20 33,,N/A
2019-02-20,3 11 13 27 36,,N/A
2019-02-18,6 14 19 29 39,,N/A
2019-02-16,8 10 21 27 37,,N/A
2019-02-13,8 10 36 37 38,,N/A
2019-02-11,1 18 26 27 32,,N/A
2019-02-09,12 15 19 24 26,,N/A
2019-02-06,10 18 22 29 31,,N/A
2019-02-04,5 6 17 30 37,,N/A
2019-02-02,4 6 29 36 38,,N/A
2019-01-30,9 14 36 37 38,,N/A
2019-01-28,3 8 18 27 36,,N/A
2019-01-26,2 8 10 22 33,,N/A
2019-01-23,3 6 27 28 39,,N/A
2019-01-21,10 14 21 22 35,,N/A
2019-01-19,10 15 31 38 39,,N/A
2019-01-16,6 7 15 20 22,,N/A
2019-01-14,3 6 7 14 28,,N/A
2019-01-12,21 24 32 34 35,,N/A
2019-01-09,3 6 16 22 31,,N/A
2019-01-07,6 13 16 23 26,,N/A
2019-01-05,7 19 23 28 29,,N/A
2019-01-02,3 10 17 29 33,,N/A
2018-12-31,1 4 7 10 38,,N/A
2018-12-29,2 11 22 25 31,,N/A
2018-12-26,5 7 14 16 31,,N/A
2018-12-24,14 23 24 31 33,,N/A
2018-12-22,3 20 26 29 39,,N/A
2018-12-19,4 26 28 33 34,,N/A
2018-12-17,17 18 24 25 39,,N/A
2018-12-15,7 13 28 29 36,,N/A
2018-12-12,8 10 13 25 38,,N/A
2018-12-10,2 30 31 32 33,,N/A
2018-12-08,5 13 18 25 39,,N/A
2018-12-05,12 21 22 32 35,,N/A
2018-12-03,4 12 15 21 36,,N/A
2018-12-01,4 17 23 34 35,,N/A
2018-11-28,6 21 23 32 38,,N/A
2018-11-26,1 10 29 38 39,,N/A
2018-11-24,2 8 12 15 25,,N/A
2018-11-21,1 7 8 13 16,,N/A
2018-11-19,8 18 28 37 39,,N/A
2018-11-17,1 2 4 12 16,,N/A
2018-11-14,3 16 19 20 35,,N/A
2018-11-12,13 14 20 23 33,,N/A
2018-11-10,8 14 22 25 30,,N/A
2018-11-07,15 24 32 37 38,,N/A
2018-11-05,11 22 27 30 33,,N/A
2018-11-03,2 6 9 12 19,,N/A
2018-10-31,10 13 28 31 32,,N/A
2018-10-29,3 19 22 29 30,,N/A
2018-10-27,12 18 19 20 25,,N/A
2018-10-24,2 15 31 36 37,,N/A
2018-10-22,1 20 22 24 33,,N/A
2018-10-20,9 21 34 36 39,,N/A
2018-10-17,5 6 7 19 24,,N/A
2018-10-15,12 21 29 33 39,,N/A
2018-10-13,5 21 23 26 33,,N/A
2018-10-10,5 8 16 23 26,,N/A
2018-10-08,12 16 23 25 34,,N/A
2018-10-06,5 20 26 31 32,,N/A
2018-10-03,9 13 16 30 31,,N/A
2018-10-01,7 14 16 23 32,,N/A
2018-09-29,2 9 15 16 25,,N/A
2018-09-26,10 16 22 34 38,,N/A
2018-09-24,5 6 8 15 22,,N/A
2018-09-22,4 6 7 13 33,,N/A
2018-09-19,4 5 15 25 32,,N/A
2018-09-17,4 10 15 34 37,,N/A
2018-09-15,5 9 23 27 36,,N/A
2018-09-12,4 28 33 34 38,,N/A
2018-09-10,2 11 15 16 32,,N/A
2018-09-08,5 11 16 17 18,,N/A
2018-09-05,6 10 19 23 24,,N/A
2018-09-03,12 14 21 25 27,,N/A
2018-09-01,1 6 7 23 33,,N/A
2018-08-29,18 22 27 30 31,,N/A
2018-08-27,15 17 20 32 34,,N/A
2018-08-25,6 15 20 27 32,,N/A
2018-08-22,6 7 25 38 39,,N/A
2018-08-20,6 14 15 25 34,,N/A
2018-08-18,4 5 9 36 39,,N/A
2018-08-15,2 8 12 23 25,,N/A
2018-08-13,1 3 6 8 35,,N/A
2018-08-11,3 16 18 23 31,,N/A
2018-08-08,17 21 22 26 32,,N/A
2018-08-06,2 9 17 27 37,,N/A
2018-08-04,1 16 18 27 36,,N/A
2018-08-01,13 14 20 33 35,,N/A
2018-07-30,4 9 10 35 36,,N/A
2018-07-28,9 11 19 20 29,,N/A
2018-07-25,1 4 13 24 30,,N/A
2018-07-23,7 9 13 18 35,,N/A
2018-07-21,4 12 21 22 38,,N/A
2018-07-18,5 11 24 28 39,,N/A
2018-07-16,2 5 10 24 26,,N/A
2018-07-14,17 21 24 25 37,,N/A
2018-07-11,1 3 23 34 39,,N/A
2018-07-09,8 9 21 23 30,,N/A
2018-07-07,5 9 31 32 36,,N/A
2018-07-04,18 20 24 25 36,,N/A
2018-07-02,15 17 29 34 36,,N/A
2018-06-30,2 11 27 34 37,,N/A
2018-06-27,20 24 30 32 37,,N/A
2018-06-25,3 9 22 28 32,,N/A
2018-06-23,3 20 25 28 29,,N/A
2018-06-20,1 9 20 26 39,,N/A
2018-06-18,10 20 30 31 39,,N/A
2018-06-16,11 26 32 34 35,,N/A
2018-06-13,4 6 7 24 28,,N/A
2018-06-11,1 5 12 20 31,,N/A
2018-06-09,2 4 9 10 15,,N/A
2018-06-06,1 11 14 23 38,,N/A
2018-06-04,13 22 31 32 35,,N/A
2018-06-02,2 14 26 29 36,,N/A
2018-05-30,5 8 12 31 34,,N/A
2018-05-28,12 14 25 27 33,,N/A
2018-05-26,6 9 13 23 37,,N/A
2018-05-23,10 14 23 26 36,,N/A
2018-05-21,6 13 16 32 35,,N/A
2018-05-19,4 5 6 10 21,,N/A
2018-05-16,1 7 10 18 36,,N/A
2018-05-14,4 7 9 15 22,,N/A
2018-05-12,4 9 20 24 39,,N/A
2018-05-09,15 30 32 36 38,,N/A
2018-05-07,4 5 13 30 35,,N/A
2018-05-05,5 14 17 19 20,,N/A
2018-05-02,1 2 11 29 33,,N/A
2018-04-30,4 18 21 33 35,,N/A
2018-04-28,10 20 23 24 39,,N/A
2018-04-25,1 3 10 21 26,,N/A
2018-04-23,9 10 19 25 32,,N/A
2018-04-21,8 10 14 15 34,,N/A
2018-04-18,26 28 31 36 38,,N/A
2018-04-16,7 13 15 29 33,,N/A
2018-04-14,12 16 30 32 33,,N/A
2018-04-11,5 10 11 25 28,,N/A
2018-04-09,14 17 18 24 34,,N/A
2018-04-07,7 11 14 20 31,,N/A
2018-04-04,3 5 17 29 34,,N/A
2018-04-02,1 12 17 22 33,,N/A
2018-03-31,1 19 20 22 34,,N/A
2018-03-28,4 10 14 37 39,,N/A
2018-03-26,2 3 35 36 38,,N/A
2018-03-24,3 13 27 32 39,,N/A
2018-03-21,1 10 18 22 25,,N/A
2018-03-19,6 10 13 24 33,,N/A
2018-03-17,13 14 15 18 38,,N/A
2018-03-14,7 16 26 27 32,,N/A
2018-03-12,3 7 13 22 28,,N/A
2018-03-10,8 14 19 28 39,,N/A
2018-03-07,8 12 16 34 39,,N/A
2018-03-05,4 16 21 32 39,,N/A
2018-03-03,2 5 8 17 30,,N/A
2018-02-28,3 5 32 33 39,,N/A
2018-02-26,19 28 30 31 37,,N/A
2018-02-24,1 5 14 26 30,,N/A
2018-02-21,17 18 22 25 26,,N/A
2018-02-19,2 15 17 30 37,,N/A
2018-02-17,15 19 24 33 35,,N/A
2018-02-14,16 19 20 33 35,,N/A
2018-02-12,6 16 18 28 31,,N/A
2018-02-10,16 22 26 35 39,,N/A
2018-02-07,6 8 10 21 26,,N/A
2018-02-05,3 6 18 27 32,,N/A
2018-02-03,13 19 21 35 39,,N/A
2018-01-31,4 12 14 35 37,,N/A
2018-01-29,6 11 16 19 33,,N/A
2018-01-27,3 25 26 32 35,,N/A
2018-01-24,4 12 15 24 28,,N/A
2018-01-22,3 11 15 25 33,,N/A
2018-01-20,2 9 14 19 25,,N/A
2018-01-17,6 20 29 37 39,,N/A
2018-01-15,17 28 30 31 35,,N/A
2018-01-13,7 18 20 22 35,,N/A
2018-01-10,10 24 28 34 39,,N/A
2018-01-08,4 18 21 24 36,,N/A
2018-01-06,7 17 21 26 30,,N/A
2018-01-03,2 13 26 32 33,,N/A
2018-01-01,5 13 26 36 37,,N/A
2017-12-30,1 13 19 30 37,,N/A
2017-12-27,4 5 12 17 22,,N/A
2017-12-25,2 7 28 30 39,,N/A
2017-12-23,1 15 26 27 32,,N/A
2017-12-20,13 22 25 30 38,,N/A
2017-12-18,7 18 28 36 38,,N/A
2017-12-16,3 12 16 30 37,,N/A
2017-12-13,4 14 29 31 33,,N/A
2017-12-11,2 4 9 35 39,,N/A
2017-12-09,3 10 20 24 39,,N/A
2017-12-06,2 9 10 11 39,,N/A
2017-12-04,3 5 32 35 38,,N/A
2017-12-02,2 4 15 23 33,,N/A
2017-11-29,7 8 20 37 38,,N/A
2017-11-27,1 10 17 24 35,,N/A
2017-11-25,3 4 6 16 32,,N/A
2017-11-22,3 5 25 26 30,,N/A
2017-11-20,10 11 21 33 34,,N/A
2017-11-18,26 29 31 32 37,,N/A
2017-11-15,1 26 29 32 38,,N/A
2017-11-13,2 4 17 32 38,,N/A
2017-11-11,18 21 32 35 38,,N/A
2017-11-08,3 9 10 14 35,,N/A
2017-11-06,8 10 16 23 34,,N/A
2017-11-04,2 11 13 16 37,,N/A
2017-11-01,4 8 22 27 28,,N/A
2017-10-30,3 4 19 22 23,,N/A
2017-10-28,8 20 28 32 34,,N/A
2017-10-25,4 9 13 14 21,,N/A
2017-10-23,8 15 24 36 38,,N/A
2017-10-21,3 10 22 25 32,,N/A
2017-10-18,5 6 12 34 38,,N/A
2017-10-16,16 28 35 36 38,,N/A
2017-10-14,1 16 19 21 36,,N/A
2017-10-11,10 11 12 15 22,,N/A
2017-10-09,13 15 28 29 35,,N/A
2017-10-07,1 16 17 19 34,,N/A
2017-10-04,22 29 34 36 37,,N/A
2017-10-02,2 15 16 35 38,,N/A
2017-09-30,8 11 29 30 32,,N/A
2017-09-27,4 9 12 18 28,,N/A
2017-09-25,4 17 23 27 28,,N/A
2017-09-23,2 4 12 15 31,,N/A
2017-09-20,2 3 4 8 10,,N/A
2017-09-18,5 11 21 27 36,,N/A
2017-09-16,2 7 13 14 33,,N/A
2017-09-13,4 6 13 32 34,,N/A
2017-09-11,6 13 14 23 33,,N/A
2017-09-09,8 15 17 25 29,,N/A
2017-09-06,1 19 33 35 37,,N/A
2017-09-04,5 6 27 36 39,,N/A
2017-09-02,4 5 11 12 15,,N/A
2017-08-30,7 8 14 31 39,,N/A
2017-08-28,9 21 26 34 38,,N/A
2017-08-26,3 10 22 24 26,,N/A
2017-08-23,2 22 33 35 37,,N/A
2017-08-21,6 14 18 20 27,,N/A
2017-08-19,2 4 10 18 27,,N/A
2017-08-16,7 11 12 28 31,,N/A
2017-08-14,5 15 28 32 34,,N/A
2017-08-12,4 18 21 31 36,,N/A
2017-08-09,8 11 13 15 26,,N/A
2017-08-07,2 3 6 23 24,,N/A
2017-08-05,2 14 19 29 38,,N/A
2017-08-02,5 13 22 24 32,,N/A
2017-07-31,11 12 13 15 17,,N/A
2017-07-29,17 20 21 28 29,,N/A
2017-07-26,1 6 19 30 33,,N/A
2017-07-24,1 12 14 16 17,,N/A
2017-07-22,6 11 18 22 33,,N/A
2017-07-19,10 13 14 27 38,,N/A
2017-07-17,2 4 9 15 27,,N/A
2017-07-15,3 18 21 22 39,,N/A
2017-07-12,10 12 16 20 28,,N/A
2017-07-10,12 14 18 36 37,,N/A
2017-07-08,10 16 19 28 34,,N/A
2017-07-05,2 4 12 24 28,,N/A
2017-07-03,6 16 27 30 31,,N/A
2017-07-01,1 17 20 21 32,,N/A
2017-06-28,6 22 32 34 37,,N/A
2017-06-26,9 14 20 30 39,,N/A
2017-06-24,10 25 31 32 35,,N/A
2017-06-21,15 16 19 22 30,,N/A
2017-06-19,8 12 18 19 24,,N/A
2017-06-17,2 13 28 31 38,,N/A
2017-06-14,1 11 12 25 31,,N/A
2017-06-12,12 15 23 27 35,,N/A
2017-06-10,5 19 24 31 35,,N/A
2017-06-07,11 12 21 28 34,,N/A
2017-06-05,9 13 17 21 35,,N/A
2017-06-03,7 17 24 30 39,,N/A
2017-05-31,12 13 26 27 37,,N/A
2017-05-29,2 9 11 16 17,,N/A
2017-05-27,4 14 28 31 32,,N/A
2017-05-24,7 14 22 26 32,,N/A
2017-05-22,13 19 21 22 29,,N/A
2017-05-20,6 7 8 10 18,,N/A
2017-05-17,14 26 28 34 37,,N/A
2017-05-15,8 26 27 32 37,,N/A
2017-05-13,1 7 14 36 39,,N/A
2017-05-10,27 29 30 31 38,,N/A
2017-05-08,6 8 9 11 38,,N/A
2017-05-06,2 6 15 27 37,,N/A
2017-05-03,14 31 33 35 37,,N/A
2017-05-01,9 14 17 18 35,,N/A
2017-04-29,6 19 23 26 28,,N/A
2017-04-26,11 22 23 25 36,,N/A
2017-04-24,4 7 11 23 24,,N/A
2017-04-22,2 10 13 26 36,,N/A
2017-04-19,4 14 19 21 36,,N/A
2017-04-17,12 23 25 26 31,,N/A
2017-04-15,12 16 18 24 36,,N/A
2017-04-12,3 10 14 37 39,,N/A
2017-04-10,1 3 7 21 25,,N/A
2017-04-08,2 24 32 33 35,,N/A
2017-04-05,3 9 10 20 27,,N/A
2017-04-03,9 15 20 26 27,,N/A
2017-04-01,13 22 24 25 32,,N/A
2017-03-29,4 10 14 18 32,,N/A
2017-03-27,1 16 27 37 38,,N/A
2017-03-25,2 24 31 36 37,,N/A
2017-03-22,7 13 16 18 36,,N/A
2017-03-20,12 17 26 28 36,,N/A
2017-03-18,2 9 25 30 33,,N/A
2017-03-15,7 11 22 28 30,,N/A
2017-03-13,4 19 32 34 39,,N/A
2017-03-11,8 20 24 26 31,,N/A
2017-03-08,15 19 31 34 35,,N/A
2017-03-06,2 8 10 28 36,,N/A
2017-03-04,5 6 7 20 30,,N/A
2017-03-01,4 16 21 32 38,,N/A
2017-02-27,10 12 13 32 33,,N/A
2017-02-25,5 9 27 30 37,,N/A
2017-02-22,10 11 12 15 36,,N/A
2017-02-20,2 4 10 23 25,,N/A
2017-02-18,18 23 24 27 39,,N/A
2017-02-15,1 7 27 28 34,,N/A
2017-02-13,14 17 19 28 39,,N/A
2017-02-11,2 5 14 30 35,,N/A
2017-02-08,4 21 23 25 36,,N/A
2017-02-06,12 18 22 29 37,,N/A
2017-02-04,8 14 16 20 32,,N/A
2017-02-01,19 21 26 31 39,,N/A
2017-01-30,1 11 21 22 32,,N/A
2017-01-28,5 14 18 28 30,,N/A
2017-01-25,3 6 21 24 36,,N/A
2017-01-23,17 21 28 35 37,,N/A
2017-01-21,10 16 29 31 34,,N/A
2017-01-18,4 20 23 33 38,,N/A
2017-01-16,20 23 31 32 39,,N/A
2017-01-14,7 16 21 26 35,,N/A
2017-01-11,6 18 28 33 36,,N/A
2017-01-09,1 5 8 15 30,,N/A
2017-01-07,7 8 21 26 32,,N/A
2017-01-04,1 2 10 24 39,,N/A
2017-01-02,3 8 13 15 39,,N/A
2016-12-31,5 8 11 13 31,,N/A
2016-12-28,3 5 13 18 27,,N/A
2016-12-26,1 13 29 33 36,,N/A
2016-12-24,3 10 24 26 31,,N/A
2016-12-21,11 12 21 27 38,,N/A
2016-12-19,10 15 32 36 38,,N/A
2016-12-17,1 3 10 18 23,,N/A
2016-12-14,4 23 34 35 37,,N/A
2016-12-12,2 28 33 38 39,,N/A
2016-12-10,2 14 22 32 38,,N/A
2016-12-07,2 3 10 17 25,,N/A
2016-12-05,18 31 36 37 39,,N/A
2016-12-03,8 9 11 22 33,,N/A
2016-11-30,11 21 23 25 32,,N/A
2016-11-28,1 14 17 30 34,,N/A
2016-11-26,1 8 9 10 31,,N/A
2016-11-23,1 4 5 16 23,,N/A
2016-11-21,7 8 11 33 35,,N/A
2016-11-19,22 25 28 33 35,,N/A
2016-11-16,3 6 18 26 27,,N/A
2016-11-14,5 7 29 33 36,,N/A
2016-11-12,3 5 14 31 36,,N/A
2016-11-09,6 19 22 27 38,,N/A
2016-11-07,3 13 15 16 23,,N/A
2016-11-05,6 19 32 34 36,,N/A
2016-11-02,1 14 16 19 33,,N/A
2016-10-31,2 17 23 29 34,,N/A
2016-10-29,4 14 23 36 37,,N/A
2016-10-26,5 10 12 22 24,,N/A
2016-10-24,8 17 18 31 34,,N/A
2016-10-22,6 7 23 29 32,,N/A
2016-10-19,4 23 24 35 36,,N/A
2016-10-17,2 22 28 30 35,,N/A
2016-10-15,2 6 15 28 37,,N/A
2016-10-12,3 9 13 14 17,,N/A
2016-10-10,3 12 15 28 35,,N/A
2016-10-08,5 11 19 25 28,,N/A
2016-10-05,1 2 16 19 27,,N/A
2016-10-03,5 8 26 29 32,,N/A
2016-10-01,12 13 23 32 34,,N/A
2016-09-28,7 11 23 26 37,,N/A
2016-09-26,5 15 17 18 23,,N/A
2016-09-24,3 11 15 18 25,,N/A
2016-09-21,14 15 17 26 32,,N/A
2016-09-19,17 19 22 37 39,,N/A
2016-09-17,10 13 14 24 36,,N/A
2016-09-14,4 16 23 26 35,,N/A
2016-09-12,2 10 23 31 37,,N/A
2016-09-10,7 9 25 32 33,,N/A
2016-09-07,9 13 15 24 38,,N/A
2016-09-05,6 11 12 29 33,,N/A
2016-09-03,6 7 27 32 38,,N/A
2016-08-31,13 14 21 27 29,,N/A
2016-08-29,1 3 7 24 30,,N/A
2016-08-27,4 7 19 21 26,,N/A
2016-08-24,8 12 13 19 37,,N/A
2016-08-22,8 10 17 20 35,,N/A
2016-08-20,22 28 30 32 39,,N/A
2016-08-17,1 6 8 25 26,,N/A
2016-08-15,2 28 33 34 36,,N/A
2016-08-13,1 4 10 28 32,,N/A
2016-08-10,3 12 18 30 38,,N/A
2016-08-08,2 7 9 33 39,,N/A
2016-08-06,3 4 11 17 28,,N/A
2016-08-03,2 3 6 16 18,,N/A
2016-08-01,16 17 25 29 38,,N/A
2016-07-30,2 20 22 28 35,,N/A
2016-07-27,4 12 14 33 37,,N/A
2016-07-25,3 21 23 24 29,,N/A
2016-07-23,6 24 25 26 29,,N/A
2016-07-20,5 19 20 23 28,,N/A
2016-07-18,13 16 20 26 30,,N/A
2016-07-16,7 17 22 23 31,,N/A
2016-07-13,14 17 20 31 36,,N/A
2016-07-11,1 4 14 24 31,,N/A
2016-07-09,11 24 26 34 38,,N/A
2016-07-06,18 25 33 35 38,,N/A
2016-07-04,2 5 13 38 39,,N/A
2016-07-02,1 14 21 30 31,,N/A
2016-06-29,10 16 25 29 37,,N/A
2016-06-27,6 20 21 31 37,,N/A
2016-06-25,1 8 12 34 37,,N/A
2016-06-22,3 20 22 23 36,,N/A
2016-06-20,4 13 24 34 38,,N/A
2016-06-18,1 6 8 15 35,,N/A
2016-06-15,11 18 31 37 39,,N/A
2016-06-13,1 8 16 21 28,,N/A
2016-06-11,10 11 19 21 22,,N/A
2016-06-08,9 23 30 32 39,,N/A
2016-06-06,3 34 36 37 39,,N/A
2016-06-04,12 21 28 34 36,,N/A
2016-06-01,3 5 9 14 35,,N/A
2016-05-30,8 14 15 20 38,,N/A
2016-05-28,4 6 22 25 39,,N/A
2016-05-25,1 5 17 29 35,,N/A
2016-05-23,6 10 17 27 31,,N/A
2016-05-21,8 11 24 31 33,,N/A
2016-05-18,6 16 21 32 35,,N/A
2016-05-16,7 11 12 32 34,,N/A
2016-05-14,6 9 23 34 36,,N/A
2016-05-11,1 2 24 33 37,,N/A
2016-05-09,1 5 8 13 17,,N/A
2016-05-07,26 29 32 37 38,,N/A
2016-05-04,2 4 8 16 23,,N/A
2016-05-02,16 21 28 32 38,,N/A
2016-04-30,3 11 17 21 32,,N/A
2016-04-27,1 13 15 33 38,,N/A
2016-04-25,9 10 11 12 23,,N/A
2016-04-23,4 8 10 13 28,,N/A
2016-04-20,18 22 23 30 38,,N/A
2016-04-18,4 27 29 31 35,,N/A
2016-04-16,9 12 14 20 27,,N/A
2016-04-13,4 13 17 22 23,,N/A
2016-04-11,4 14 16 21 29,,N/A
2016-04-09,11 23 25 36 39,,N/A
2016-04-06,3 13 18 27 36,,N/A
2016-04-04,7 11 14 17 36,,N/A
2016-04-02,13 16 20 33 37,,N/A
2016-03-30,4 20 25 30 35,,N/A
2016-03-28,3 12 28 33 38,,N/A
2016-03-26,8 19 21 32 36,,N/A
2016-03-23,8 15 19 34 39,,N/A
2016-03-21,12 17 23 26 38,,N/A
2016-03-19,11 14 19 27 39,,N/A
2016-03-16,6 22 31 37 38,,N/A
2016-03-14,3 26 28 29 32,,N/A
2016-03-12,1 3 22 25 27,,N/A
2016-03-09,15 16 18 20 35,,N/A
2016-03-07,5 20 26 32 37,,N/A
2016-03-05,12 19 24 33 39,,N/A
2016-03-02,15 18 21 23 30,,N/A
2016-02-29,1 7 21 24 27,,N/A
2016-02-27,3 5 14 16 26,,N/A
2016-02-24,12 21 28 32 37,,N/A
2016-02-22,12 18 23 25 35,,N/A
2016-02-20,4 5 10 15 36,,N/A
2016-02-17,6 14 20 28 33,,N/A
2016-02-15,4 13 25 33 39,,N/A
2016-02-13,4 7 13 15 33,,N/A
2016-02-10,5 9 12 22 33,,N/A
2016-02-08,1 8 16 26 37,,N/A
2016-02-06,10 14 17 31 38,,N/A
2016-02-03,2 13 16 22 23,,N/A
2016-02-01,21 26 31 38 39,,N/A
2016-01-30,1 8 11 25 32,,N/A
2016-01-27,15 23 25 33 36,,N/A
2016-01-25,12 14 22 26 34,,N/A
2016-01-23,17 20 31 32 34,,N/A
2016-01-20,7 9 13 20 36,,N/A
2016-01-18,16 22 31 37 39,,N/A
2016-01-16,7 11 13 15 33,,N/A
2016-01-13,16 18 20 21 30,,N/A
2016-01-11,8 15 16 17 34,,N/A
2016-01-09,2 9 24 33 34,,N/A
2016-01-06,11 18 27 35 37,,N/A
2016-01-04,2 11 13 15 23,,N/A
2016-01-02,2 6 9 14 20,,N/A
2015-12-30,26 28 29 30 37,,N/A
2015-12-28,20 29 32 33 38,,N/A
2015-12-26,7 15 18 33 36,,N/A
2015-12-23,8 33 35 36 38,,N/A
2015-12-21,3 7 8 16 19,,N/A
2015-12-19,2 15 22 25 36,,N/A
2015-12-16,3 17 23 28 37,,N/A
2015-12-14,13 26 29 35 39,,N/A
2015-12-12,12 14 24 28 38,,N/A
2015-12-09,9 19 33 36 39,,N/A
2015-12-07,1 6 29 33 34,,N/A
2015-12-05,7 21 26 27 32,,N/A
2015-12-02,2 13 19 20 32,,N/A
2015-11-30,11 20 21 22 33,,N/A
2015-11-28,16 24 26 36 38,,N/A
2015-11-25,1 23 26 28 30,,N/A
2015-11-23,1 3 23 26 39,,N/A
2015-11-21,3 15 22 27 31,,N/A
2015-11-18,13 22 27 31 35,,N/A
2015-11-16,2 3 10 13 38,,N/A
2015-11-14,3 4 24 30 37,,N/A
2015-11-11,1 5 14 16 20,,N/A
2015-11-09,2 6 12 24 36,,N/A
2015-11-07,4 12 13 17 21,,N/A
2015-11-04,13 14 33 35 38,,N/A
2015-11-02,9 13 24 33 34,,N/A
2015-10-31,1 3 5 37 39,,N/A
2015-10-28,1 5 8 16 34,,N/A
2015-10-26,7 11 18 33 37,,N/A
2015-10-24,9 15 17 18 33,,N/A
2015-10-21,5 6 26 28 33,,N/A
2015-10-19,3 16 23 28 35,,N/A
2015-10-17,1 16 25 29 33,,N/A
2015-10-14,19 22 28 33 37,,N/A
2015-10-12,5 8 11 14 17,,N/A
2015-10-10,6 21 26 27 28,,N/A
2015-10-07,13 15 27 31 39,,N/A
2015-10-05,7 10 14 16 36,,N/A
2015-10-03,6 11 14 25 38,,N/A
2015-09-30,3 14 20 24 35,,N/A
2015-09-28,19 20 21 24 29,,N/A
2015-09-26,3 12 15 31 35,,N/A
2015-09-23,6 11 12 27 36,,N/A
2015-09-21,7 8 11 25 28,,N/A
2015-09-19,18 31 34 35 36,,N/A
2015-09-16,4 11 18 20 38,,N/A
2015-09-14,4 5 7 37 38,,N/A
2015-09-12,9 12 26 27 35,,N/A
2015-09-09,10 15 21 22 24,,N/A
2015-09-07,8 15 24 25 26,,N/A
2015-09-05,2 11 15 22 35,,N/A
2015-09-02,12 16 23 27 28,,N/A
2015-08-31,3 8 13 25 34,,N/A
2015-08-29,26 27 31 34 38,,N/A
2015-08-26,2 5 19 20 27,,N/A
2015-08-24,5 12 14 23 34,,N/A
2015-08-22,12 26 27 29 34,,N/A
2015-08-19,5 20 25 26 33,,N/A
2015-08-17,4 9 19 31 37,,N/A
2015-08-15,7 8 21 33 37,,N/A
2015-08-12,9 24 30 32 39,,N/A
2015-08-10,9 21 31 36 38,,N/A
2015-08-08,5 13 18 24 29,,N/A
2015-08-05,13 15 21 28 37,,N/A
2015-08-03,1 12 13 24 33,,N/A
2015-08-01,6 18 26 29 32,,N/A
2015-07-29,13 14 22 26 35,,N/A
2015-07-27,2 6 13 16 20,,N/A
2015-07-25,4 23 26 34 37,,N/A
2015-07-22,10 15 21 25 35,,N/A
2015-07-20,12 15 26 28 34,,N/A
2015-07-18,7 22 26 36 38,,N/A
2015-07-15,5 23 26 31 36,,N/A
2015-07-13,7 12 18 22 34,,N/A
2015-07-11,11 16 26 30 34,,N/A
2015-07-08,5 13 21 24 34,,N/A
2015-07-06,2 3 24 25 35,,N/A
2015-07-04,1 7 28 34 39,,N/A
2015-07-01,4 5 20 25 29,,N/A
2015-06-29,10 16 19 20 36,,N/A
2015-06-27,6 16 23 27 39,,N/A
2015-06-24,11 24 28 33 34,,N/A
2015-06-22,5 14 18 23 25,,N/A
2015-06-20,7 21 23 34 38,,N/A
2015-06-17,3 6 11 17 26,,N/A
2015-06-15,4 8 12 20 34,,N/A
2015-06-13,1 7 9 26 39,,N/A
2015-06-10,1 6 20 30 38,,N/A
2015-06-08,2 8 26 33 39,,N/A
2015-06-06,6 26 27 32 34,,N/A
2015-06-03,1 6 13 16 31,,N/A
2015-06-01,8 10 16 19 27,,N/A
2015-05-30,3 4 14 20 28,,N/A
2015-05-27,3 13 22 29 38,,N/A
2015-05-25,7 12 23 24 38,,N/A
2015-05-23,4 18 26 28 36,,N/A
2015-05-20,14 24 26 37 38,,N/A
2015-05-18,19 26 27 34 37,,N/A
2015-05-16,17 20 21 30 34,,N/A
2015-05-13,10 11 21 29 38,,N/A
2015-05-11,8 16 24 34 35,,N/A
2015-05-09,6 13 23 36 37,,N/A
2015-05-06,4 9 11 27 35,,N/A
2015-05-04,3 6 12 27 36,,N/A
2015-05-02,1 4 19 36 39,,N/A
2015-04-29,10 15 18 19 35,,N/A
2015-04-27,8 18 19 20 27,,N/A
2015-04-25,18 24 29 37 38,,N/A
2015-04-22,1 5 15 17 32,,N/A
2015-04-20,8 18 20 23 36,,N/A
2015-04-18,7 9 23 35 38,,N/A
2015-04-15,2 7 12 18 37,,N/A
2015-04-13,7 29 33 34 36,,N/A
2015-04-11,9 25 26 30 31,,N/A
2015-04-08,5 14 15 22 27,,N/A
2015-04-06,2 10 13 35 36,,N/A
2015-04-04,8 9 15 24 38,,N/A
2015-04-01,17 21 22 29 33,,N/A
2015-03-30,2 6 13 26 34,,N/A
2015-03-28,6 8 13 37 38,,N/A
2015-03-25,3 10 16 29 35,,N/A
2015-03-23,7 9 17 24 28,,N/A
2015-03-21,1 18 28 30 39,,N/A
2015-03-18,3 13 16 20 28,,N/A
2015-03-16,22 31 32 34 35,,N/A
2015-03-14,3 23 25 26 33,,N/A
2015-03-11,5 14 15 21 31,,N/A
2015-03-09,3 9 23 28 38,,N/A
2015-03-07,2 13 23 31 36,,N/A
2015-03-04,6 10 19 23 28,,N/A
2015-03-02,2 7 16 30 33,,N/A
2015-02-28,20 22 27 29 30,,N/A
2015-02-25,6 14 24 30 31,,N/A
2015-02-23,1 19 26 32 39,,N/A
2015-02-21,7 9 11 15 29,,N/A
2015-02-18,14 15 20 22 34,,N/A
2015-02-16,3 7 12 23 35,,N/A
2015-02-14,3 16 19 22 35,,N/A
2015-02-11,2 15 19 32 38,,N/A
2015-02-09,16 17 24 30 36,,N/A
2015-02-07,4 19 20 26 27,,N/A
2015-02-04,2 5 9 22 34,,N/A
2015-02-02,8 19 23 24 30,,N/A
2015-01-31,2 23 26 27 35,,N/A
2015-01-28,5 6 11 17 31,,N/A
2015-01-26,1 5 15 22 26,,N/A
2015-01-24,3 14 29 32 33,,N/A
2015-01-21,4 24 27 30 36,,N/A
2015-01-19,2 7 23 29 34,,N/A
2015-01-17,9 26 28 30 37,,N/A
2015-01-14,2 5 11 14 18,,N/A
2015-01-12,3 8 18 32 39,,N/A
2015-01-10,8 13 14 16 29,,N/A
2015-01-07,14 21 23 24 25,,N/A
2015-01-05,9 14 18 19 29,,N/A
2015-01-03,20 25 28 30 32,,N/A
2014-12-31,9 23 25 27 31,,N/A
2014-12-29,1 2 3 27 32,,N/A
2014-12-27,9 16 20 21 27,,N/A
2014-12-24,2 8 18 19 22,,N/A
2014-12-22,3 5 15 37 38,,N/A
2014-12-20,12 13 24 27 31,,N/A
2014-12-17,8 10 19 29 39,,N/A
2014-12-15,7 8 17 28 36,,N/A
2014-12-13,2 9 10 11 32,,N/A
2014-12-10,1 9 14 22 35,,N/A
2014-12-08,3 9 16 26 36,,N/A
2014-12-06,1 7 24 25 32,,N/A
2014-12-03,17 21 24 36 39,,N/A
2014-12-01,2 9 14 16 18,,N/A
2014-11-29,12 18 20 21 28,,N/A
2014-11-26,10 11 14 17 19,,N/A
2014-11-24,1 18 23 26 32,,N/A
2014-11-22,10 16 30 34 38,,N/A
2014-11-19,12 16 24 31 32,,N/A
2014-11-17,2 9 30 33 38,,N/A
2014-11-15,4 19 23 25 26,,N/A
2014-11-12,6 19 20 34 39,,N/A
2014-11-10,9 16 21 33 37,,N/A
2014-11-08,8 10 12 13 34,,N/A
2014-11-05,13 18 22 30 37,,N/A
2014-11-03,4 28 31 36 37,,N/A
2014-11-01,6 12 17 20 26,,N/A
2014-10-29,21 25 28 29 32,,N/A
2014-10-27,3 4 17 36 38,,N/A
2014-10-25,10 11 17 25 37,,N/A
2014-10-22,2 13 18 29 36,,N/A
2014-10-20,7 10 14 27 37,,N/A
2014-10-18,13 16 19 20 35,,N/A
2014-10-15,16 21 22 28 38,,N/A
2014-10-13,24 25 27 31 33,,N/A
2014-10-11,4 15 22 26 27,,N/A
2014-10-08,4 5 8 27 30,,N/A
2014-10-06,20 21 22 31 34,,N/A
2014-10-04,17 21 22 27 32,,N/A
2014-10-01,5 11 23 38 39,,N/A
2014-09-29,1 13 23 30 35,,N/A
2014-09-27,4 16 19 23 37,,N/A
2014-09-24,4 5 21 32 38,,N/A
2014-09-22,1 3 4 7 18,,N/A
2014-09-20,5 8 17 26 33,,N/A
2014-09-17,9 20 23 27 28,,N/A
2014-09-15,11 26 30 35 37,,N/A
2014-09-13,1 8 16 19 29,,N/A
2014-09-10,17 19 24 35 38,,N/A
2014-09-08,2 20 21 22 30,,N/A
2014-09-06,5 7 15 18 35,,N/A
2014-09-03,2 17 19 23 37,,N/A
2014-09-01,6 17 20 34 36,,N/A
2014-08-30,13 22 28 34 36,,N/A
2014-08-27,26 27 31 32 34,,N/A
2014-08-25,29 32 33 34 35,,N/A
2014-08-23,14 15 20 25 28,,N/A
2014-08-20,14 16 23 35 39,,N/A
2014-08-18,13 14 15 32 39,,N/A
2014-08-16,5 9 19 22 34,,N/A
2014-08-13,8 20 25 32 37,,N/A
2014-08-11,3 14 22 35 38,,N/A
2014-08-09,2 4 10 18 33,,N/A
2014-08-06,18 22 28 32 37,,N/A
2014-08-04,5 7 12 30 37,,N/A
2014-08-02,4 6 13 16 28,,N/A
2014-07-30,1 18 19 31 36,,N/A
2014-07-28,6 19 20 27 33,,N/A
2014-07-26,14 15 29 33 38,,N/A
2014-07-23,3 23 25 27 34,,N/A
2014-07-21,9 17 18 23 27,,N/A
2014-07-19,1 11 27 32 33,,N/A
2014-07-16,6 9 12 15 33,,N/A
2014-07-14,12 14 26 31 37,,N/A
2014-07-12,2 10 21 23 26,,N/A
2014-07-09,9 12 15 19 35,,N/A
2014-07-07,1 6 17 19 35,,N/A
2014-07-05,16 22 24 25 37,,N/A
2014-07-02,2 32 33 35 37,,N/A
2014-06-30,19 23 32 37 38,,N/A
2014-06-28,5 22 25 30 34,,N/A
2014-06-25,17 19 29 38 39,,N/A
2014-06-23,1 6 26 28 33,,N/A
2014-06-21,3 6 11 26 39,,N/A
2014-06-18,12 13 21 22 23,,N/A
2014-06-16,5 23 31 32 35,,N/A
2014-06-14,5 13 15 17 33,,N/A
2014-06-11,17 21 27 30 37,,N/A
2014-06-09,5 8 16 21 31,,N/A
2014-06-07,13 14 27 32 39,,N/A
2014-06-04,24 25 28 31 37,,N/A
2014-06-02,18 23 25 31 32,,N/A
2014-05-31,3 7 17 34 36,,N/A
2014-05-28,5 13 16 23 24,,N/A
2014-05-26,1 3 10 17 26,,N/A
2014-05-24,1 2 11 14 17,,N/A
2014-05-21,10 23 28 35 37,,N/A
2014-05-19,7 9 20 29 31,,N/A
2014-05-17,1 27 28 33 38,,N/A
2014-05-14,3 8 25 29 39,,N/A
2014-05-12,14 15 24 28 38,,N/A
2014-05-10,12 24 26 31 35,,N/A
2014-05-07,12 20 26 29 30,,N/A
2014-05-05,6 23 28 29 35,,N/A
2014-05-03,16 27 30 33 39,,N/A
2014-04-30,10 11 23 32 37,,N/A
2014-04-28,3 4 16 20 24,,N/A
2014-04-26,16 18 24 35 37,,N/A
2014-04-23,7 9 28 32 37,,N/A
2014-04-21,1 28 31 34 35,,N/A
2014-04-19,4 7 28 34 35,,N/A
2014-04-16,1 13 30 35 39,,N/A
2014-04-14,8 17 19 24 31,,N/A
2014-04-12,1 7 19 23 35,,N/A
2014-04-09,7 8 20 23 37,,N/A
2014-04-07,6 9 11 22 24,,N/A
2014-04-05,2 12 17 18 22,,N/A
2014-04-02,3 5 17 21 37,,N/A
2014-03-31,3 26 32 33 36,,N/A
2014-03-29,2 14 15 22 28,,N/A
2014-03-26,2 12 23 31 34,,N/A
2014-03-24,1 3 9 19 25,,N/A
2014-03-22,8 11 14 19 28,,N/A
2014-03-19,15 20 22 27 34,,N/A
2014-03-17,10 18 21 22 34,,N/A
2014-03-15,4 8 13 22 23,,N/A
2014-03-12,1 9 12 23 37,,N/A
2014-03-10,1 7 19 25 28,,N/A
2014-03-08,1 7 18 31 32,,N/A
2014-03-05,1 2 6 34 39,,N/A
2014-03-03,2 4 17 31 39,,N/A
2014-03-01,3 4 6 13 15,,N/A
2014-02-26,8 17 28 33 37,,N/A
2014-02-24,7 12 26 31 35,,N/A
2014-02-22,1 17 22 28 36,,N/A
2014-02-19,16 23 31 34 36,,N/A
2014-02-17,2 9 17 21 36,,N/A
2014-02-15,1 5 12 26 27,,N/A
2014-02-12,5 13 28 32 34,,N/A
2014-02-10,1 11 18 20 31,,N/A
2014-02-08,7 22 30 33 39,,N/A
2014-02-05,20 24 25 30 32,,N/A
2014-02-03,6 14 23 31 39,,N/A
2014-02-01,3 16 24 31 39,,N/A
2014-01-29,1 4 15 18 27,,N/A
2014-01-27,3 6 26 28 30,,N/A
2014-01-25,7 12 18 21 26,,N/A
2014-01-22,3 13 19 24 32,,N/A
2014-01-20,4 12 21 28 37,,N/A
2014-01-18,2 12 13 24 37,,N/A
2014-01-15,14 15 28 36 37,,N/A
2014-01-13,1 7 11 12 15,,N/A
2014-01-11,3 25 31 38 39,,N/A
2014-01-08,3 17 24 36 38,,N/A
2014-01-06,13 15 18 19 27,,N/A
2014-01-04,8 12 17 25 36,,N/A
2014-01-01,1 8 10 33 35,,N/A
2013-12-30,4 9 11 18 26,,N/A
2013-12-28,5 6 13 27 28,,N/A
2013-12-25,4 5 12 14 36,,N/A
2013-12-23,9 13 22 23 30,,N/A
2013-12-21,4 10 18 25 28,,N/A
2013-12-18,4 7 29 30 35,,N/A
2013-12-16,2 8 17 20 31,,N/A
2013-12-14,18 22 24 30 39,,N/A
2013-12-11,1 24 26 37 39,,N/A
2013-12-09,6 8 18 27 30,,N/A
2013-12-07,9 14 35 37 39,,N/A
2013-12-04,3 6 28 30 34,,N/A
2013-12-02,9 12 13 16 39,,N/A
2013-11-30,1 2 4 11 34,,N/A
2013-11-27,3 6 25 28 32,,N/A
2013-11-25,1 2 3 33 38,,N/A
2013-11-23,9 24 31 33 38,,N/A
2013-11-20,12 14 30 32 38,,N/A
2013-11-18,2 10 13 26 38,,N/A
2013-11-16,5 8 13 29 37,,N/A
2013-11-13,2 5 15 21 28,,N/A
2013-11-11,1 7 10 18 27,,N/A
2013-11-09,14 16 21 26 38,,N/A
2013-11-06,2 6 13 27 31,,N/A
2013-11-04,2 8 14 31 34,,N/A
2013-11-02,12 19 22 29 39,,N/A
2013-10-30,5 13 17 32 37,,N/A
2013-10-28,11 19 20 29 31,,N/A
2013-10-26,4 5 6 30 36,,N/A
2013-10-23,11 12 18 22 36,,N/A
2013-10-21,4 15 21 35 37,,N/A
2013-10-19,19 24 25 26 27,,N/A
2013-10-16,3 6 9 14 18,,N/A
2013-10-14,6 31 32 33 38,,N/A
2013-10-12,3 6 9 17 27,,N/A
2013-10-09,3 20 24 28 38,,N/A
2013-10-07,4 5 10 35 38,,N/A
2013-10-05,1 4 8 30 32,,N/A
2013-10-02,11 14 23 34 37,,N/A
2013-09-30,3 7 10 21 27,,N/A
2013-09-28,4 9 13 17 38,,N/A
2013-09-25,1 6 27 29 34,,N/A
2013-09-23,14 27 28 38 39,,N/A
2013-09-21,4 19 25 34 39,,N/A
2013-09-18,11 15 17 29 35,,N/A
2013-09-16,6 7 10 12 17,,N/A
2013-09-14,2 4 31 38 39,,N/A
2013-09-11,8 17 22 23 28,,N/A
2013-09-09,9 13 26 30 33,,N/A
2013-09-07,8 11 26 29 35,,N/A
2013-09-04,5 7 15 22 25,,N/A
2013-09-02,1 8 17 19 34,,N/A
2013-08-31,5 16 25 28 38,,N/A
2013-08-28,4 9 27 33 37,,N/A
2013-08-26,6 7 13 21 24,,N/A
2013-08-24,13 16 33 35 38,,N/A
2013-08-21,6 7 25 35 37,,N/A
2013-08-19,7 13 15 20 35,,N/A
2013-08-17,11 14 15 24 34,,N/A
2013-08-14,10 23 25 27 36,,N/A
2013-08-12,1 6 30 34 39,,N/A
2013-08-10,2 3 6 15 28,,N/A
2013-08-07,3 10 18 20 27,,N/A
2013-08-05,3 10 21 32 34,,N/A
2013-08-03,9 17 20 22 35,,N/A
2013-07-31,3 17 26 27 29,,N/A
2013-07-29,4 14 23 29 38,,N/A
2013-07-27,12 20 22 33 38,,N/A
2013-07-24,2 10 19 21 38,,N/A
2013-07-22,10 20 23 34 35,,N/A
2013-07-20,3 6 13 14 39,,N/A
2013-07-17,5 10 16 23 33,,N/A
2013-07-15,14 15 17 29 30,,N/A
2013-07-13,1 6 11 25 28,,N/A
2013-07-10,13 14 17 30 34,,N/A
2013-07-08,7 11 17 22 26,,N/A
2013-07-06,11 19 26 29 33,,N/A
2013-07-03,15 17 20 35 36,,N/A
2013-07-01,4 8 9 14 21,,N/A
2013-06-29,11 24 26 32 35,,N/A
2013-06-26,7 27 31 36 37,,N/A
2013-06-24,15 24 32 36 38,,N/A
2013-06-22,2 6 8 10 27,,N/A
2013-06-19,16 17 27 35 38,,N/A
2013-06-17,2 3 5 14 15,,N/A
2013-06-15,5 6 13 18 21,,N/A
2013-06-12,10 13 14 19 32,,N/A
2013-06-10,4 26 29 33 36,,N/A
2013-06-08,2 6 25 26 33,,N/A
2013-06-05,11 13 21 28 29,,N/A
2013-06-03,2 3 18 25 36,,N/A
2013-06-01,13 17 20 34 38,,N/A
2013-05-29,1 2 7 10 28,,N/A
2013-05-27,1 7 18 26 35,,N/A
2013-05-25,12 23 25 35 38,,N/A
2013-05-22,11 13 22 23 38,,N/A
2013-05-20,2 12 21 22 33,,N/A
2013-05-18,1 10 13 28 36,,N/A
2013-05-15,1 22 26 33 35,,N/A
2013-05-13,1 3 23 30 39,,N/A
2013-05-11,16 17 18 20 23,,N/A
2013-05-08,4 18 19 23 24,,N/A
2013-05-06,5 10 27 29 35,,N/A
2013-05-04,1 15 18 25 29,,N/A
2013-05-01,3 10 37 38 39,,N/A
2013-04-29,15 20 22 31 37,,N/A
2013-04-27,3 16 20 28 39,,N/A
2013-04-24,4 27 31 33 37,,N/A
2013-04-22,3 22 24 26 36,,N/A
2013-04-20,3 15 27 28 32,,N/A
2013-04-17,7 13 14 28 38,,N/A
2013-04-15,5 7 10 12 31,,N/A
2013-04-13,1 8 14 35 36,,N/A
2013-04-10,1 14 16 23 24,,N/A
2013-04-08,7 8 11 21 22,,N/A
2013-04-06,4 11 19 29 38,,N/A
2013-04-03,4 9 18 29 30,,N/A
2013-04-01,4 5 24 32 33,,N/A
2013-03-30,2 4 20 21 23,,N/A
2013-03-27,2 8 22 35 39,,N/A
2013-03-25,4 10 26 34 35,,N/A
2013-03-23,12 16 18 26 33,,N/A
2013-03-20,3 18 33 36 38,,N/A
2013-03-18,10 12 30 34 37,,N/A
2013-03-16,3 4 9 13 38,,N/A
2013-03-13,3 23 30 35 37,,N/A
2013-03-11,3 10 12 26 27,,N/A
2013-03-09,21 25 27 33 38,,N/A
2013-03-06,9 14 18 27 39,,N/A
2013-03-04,1 12 18 31 32,,N/A
2013-03-02,14 21 23 24 37,,N/A
2013-02-27,1 5 13 21 30,,N/A
2013-02-25,9 12 20 22 37,,N/A
2013-02-23,7 11 17 37 38,,N/A
2013-02-20,6 18 27 35 38,,N/A
2013-02-18,2 10 16 27 28,,N/A
2013-02-16,8 11 16 22 32,,N/A
2013-02-13,14 20 28 29 30,,N/A
2013-02-11,2 5 14 17 32,,N/A
2013-02-09,2 8 28 35 36,,N/A
2013-02-06,7 9 11 12 29,,N/A
2013-02-04,1 12 14 17 19,,N/A
2013-02-02,4 12 13 17 38,,N/A
2013-01-30,5 8 9 27 39,,N/A
2013-01-28,4 7 13 36 38,,N/A
2013-01-26,1 2 3 15 27,,N/A
2013-01-23,10 11 32 34 39,,N/A
2013-01-21,1 4 13 14 22,,N/A
2013-01-19,4 13 14 17 34,,N/A
2013-01-16,2 18 25 27 34,,N/A
2013-01-14,2 19 28 37 39,,N/A
2013-01-12,3 18 22 34 35,,N/A
2013-01-09,1 27 31 38 39,,N/A
2013-01-07,12 14 16 19 30,,N/A
2013-01-05,8 14 23 31 34,,N/A
2013-01-02,12 15 20 23 28,,N/A
2012-12-31,3 6 21 23 28,,N/A
2012-12-29,8 11 14 34 35,,N/A
2012-12-26,3 7 31 32 35,,N/A
2012-12-24,3 8 21 27 29,,N/A
2012-12-22,7 8 10 13 17,,N/A
2012-12-19,3 8 9 26 38,,N/A
2012-12-17,8 10 17 23 35,,N/A
2012-12-15,5 10 25 31 32,,N/A
2012-12-12,4 23 26 28 36,,N/A
2012-12-10,2 3 7 26 27,,N/A
2012-12-08,2 10 12 18 36,,N/A
2012-12-05,2 7 13 16 18,,N/A
2012-12-03,1 8 18 23 24,,N/A
2012-12-01,1 4 8 13 21,,N/A
2012-11-28,3 6 12 21 34,,N/A
2012-11-26,3 15 19 27 38,,N/A
2012-11-24,4 7 13 23 25,,N/A
2012-11-21,4 11 15 26 37,,N/A
2012-11-19,2 11 18 22 37,,N/A
2012-11-17,7 9 11 13 24,,N/A
2012-11-14,14 18 24 32 37,,N/A
2012-11-12,3 4 13 23 25,,N/A
2012-11-10,2 5 34 37 38,,N/A
2012-11-07,2 7 11 22 32,,N/A
2012-11-05,2 7 12 22 32,,N/A
2012-11-03,9 14 16 17 32,,N/A
2012-10-31,1 7 15 16 21,,N/A
2012-10-29,20 27 30 34 38,,N/A
2012-10-27,7 14 16 21 22,,N/A
2012-10-24,9 11 16 25 32,,N/A
2012-10-22,12 13 14 22 23,,N/A
2012-10-20,4 6 10 23 38,,N/A
2012-10-17,5 6 17 27 37,,N/A
2012-10-15,10 22 25 31 39,,N/A
2012-10-13,18 22 28 31 33,,N/A
2012-10-10,3 9 10 17 39,,N/A
2012-10-08,5 7 9 28 33,,N/A
2012-10-06,5 10 16 29 37,,N/A
2012-10-03,20 30 31 32 33,,N/A
2012-10-01,3 9 22 36 37,,N/A
2012-09-29,7 13 17 31 35,,N/A
2012-09-26,9 21 29 34 38,,N/A
2012-09-24,5 7 16 19 28,,N/A
2012-09-22,5 6 7 29 34,,N/A
2012-09-19,12 17 30 31 36,,N/A
2012-09-17,30 31 35 38 39,,N/A
2012-09-15,4 11 13 21 29,,N/A
2012-09-12,5 10 25 27 31,,N/A
2012-09-10,18 27 30 35 38,,N/A
2012-09-08,5 8 15 35 36,,N/A
2012-09-05,13 18 21 27 28,,N/A
2012-09-03,4 17 20 25 37,,N/A
2012-09-01,2 5 9 22 24,,N/A
2012-08-29,9 11 16 20 23,,N/A
2012-08-27,1 4 11 18 31,,N/A
2012-08-25,3 4 11 18 34,,N/A
2012-08-22,5 7 17 25 29,,N/A
2012-08-20,3 6 25 30 35,,N/A
2012-08-18,1 23 33 34 36,,N/A
2012-08-15,11 20 24 27 34,,N/A
2012-08-13,14 15 21 24 27,,N/A
2012-08-11,9 13 23 25 39,,N/A
2012-08-08,5 7 9 26 30,,N/A
2012-08-06,5 9 30 33 34,,N/A
2012-08-04,2 3 20 28 37,,N/A
2012-08-01,15 16 26 36 37,,N/A
2012-07-30,13 16 18 19 22,,N/A
2012-07-28,11 12 32 34 35,,N/A
2012-07-25,8 13 18 23 29,,N/A
2012-07-23,11 12 19 24 34,,N/A
2012-07-21,7 10 25 31 32,,N/A
2012-07-18,5 6 23 26 29,,N/A
2012-07-16,5 7 18 38 39,,N/A
2012-07-14,2 27 28 36 37,,N/A
2012-07-11,17 18 22 27 33,,N/A
2012-07-09,1 9 12 15 25,,N/A
2012-07-07,4 8 17 30 38,,N/A
2012-07-04,4 15 16 19 25,,N/A
2012-07-02,2 14 23 24 29,,N/A
2012-06-30,16 17 26 30 39,,N/A
2012-06-27,15 18 26 29 39,,N/A
2012-06-25,22 29 30 34 35,,N/A
2012-06-23,2 21 22 23 37,,N/A
2012-06-20,4 8 11 18 39,,N/A
2012-06-18,4 7 9 14 21,,N/A
2012-06-16,11 14 20 29 35,,N/A
2012-06-13,7 11 15 22 35,,N/A
2012-06-11,5 21 22 26 37,,N/A
2012-06-09,11 13 19 21 23,,N/A
2012-06-06,3 13 31 34 39,,N/A
2012-06-04,3 4 21 32 35,,N/A
2012-06-02,11 14 23 24 25,,N/A
2012-05-30,5 10 15 34 39,,N/A
2012-05-28,5 10 12 25 26,,N/A
2012-05-26,7 18 23 37 38,,N/A
2012-05-23,10 19 21 31 37,,N/A
2012-05-21,5 20 22 28 36,,N/A
2012-05-19,1 12 14 18 23,,N/A
2012-05-16,14 16 26 33 38,,N/A
2012-05-14,7 11 23 30 37,,N/A
2012-05-12,3 14 21 33 38,,N/A
2012-05-09,14 25 26 30 38,,N/A
2012-05-07,3 5 6 18 31,,N/A
2012-05-05,2 12 13 15 39,,N/A
2012-05-02,1 8 13 24 35,,N/A
2012-04-30,8 17 19 27 28,,N/A
2012-04-28,5 13 17 20 31,,N/A
2012-04-25,16 19 25 30 37,,N/A
2012-04-23,11 13 14 16 30,,N/A
2012-04-21,19 24 25 33 35,,N/A
2012-04-18,6 7 8 14 30,,N/A
2012-04-16,7 35 37 38 39,,N/A
2012-04-14,22 30 34 35 36,,N/A
2012-04-11,2 8 16 19 28,,N/A
2012-04-09,1 9 11 20 25,,N/A
2012-04-07,1 6 12 21 29,,N/A
2012-04-04,7 15 18 19 26,,N/A
2012-04-02,2 10 23 27 28,,N/A
2012-03-31,14 15 27 32 35,,N/A
2012-03-28,4 6 15 19 31,,N/A
2012-03-26,4 7 21 36 39,,N/A
2012-03-24,7 15 25 28 31,,N/A
2012-03-21,4 6 15 22 33,,N/A
2012-03-19,6 7 21 23 38,,N/A
2012-03-17,9 11 12 13 39,,N/A
2012-03-14,5 7 10 21 23,,N/A
2012-03-12,7 32 35 37 39,,N/A
2012-03-10,6 13 18 34 38,,N/A
2012-03-07,5 19 25 29 32,,N/A
2012-03-05,3 8 17 29 34,,N/A
2012-03-03,15 22 34 36 39,,N/A
2012-02-29,9 11 27 38 39,,N/A
2012-02-27,5 6 11 20 21,,N/A
2012-02-25,3 5 27 32 38,,N/A
2012-02-22,3 4 19 20 30,,N/A
2012-02-20,11 12 18 24 37,,N/A
2012-02-18,11 14 16 27 33,,N/A
2012-02-15,9 10 24 25 29,,N/A
2012-02-13,2 16 24 25 32,,N/A
2012-02-11,20 23 34 35 36,,N/A
2012-02-08,16 17 20 34 38,,N/A
2012-02-06,1 16 17 29 31,,N/A
2012-02-04,1 17 20 25 36,,N/A
2012-02-01,17 21 31 32 34,,N/A
2012-01-30,5 20 22 36 37,,N/A
2012-01-28,6 20 24 25 35,,N/A
2012-01-25,16 18 20 26 28,,N/A
2012-01-23,17 23 25 29 38,,N/A
2012-01-21,5 6 22 31 37,,N/A
2012-01-18,2 27 35 36 39,,N/A
2012-01-16,2 5 28 30 32,,N/A
2012-01-14,2 3 12 13 33,,N/A
2012-01-11,8 10 17 24 27,,N/A
2012-01-09,4 6 26 30 33,,N/A
2012-01-07,5 10 17 20 35,,N/A
2012-01-04,9 16 25 26 32,,N/A
2012-01-02,2 9 11 23 38,,N/A
2011-12-31,1 3 6 7 11,,N/A
2011-12-28,9 10 11 23 33,,N/A
2011-12-26,3 8 27 35 38,,N/A
2011-12-24,7 14 24 26 31,,N/A
2011-12-21,17 32 33 36 39,,N/A
2011-12-19,5 11 28 35 39,,N/A
2011-12-17,2 7 10 30 33,,N/A
2011-12-14,15 22 23 26 28,,N/A
2011-12-12,1 19 25 27 36,,N/A
2011-12-10,3 10 25 34 39,,N/A
2011-12-07,2 8 11 30 37,,N/A
2011-12-05,6 11 24 36 37,,N/A
2011-12-03,2 14 17 22 38,,N/A
2011-11-30,10 12 18 24 29,,N/A
2011-11-28,2 4 7 25 32,,N/A
2011-11-26,4 18 22 26 27,,N/A
2011-11-23,4 11 16 19 26,,N/A
2011-11-21,7 16 23 35 36,,N/A
2011-11-19,10 12 25 37 39,,N/A
2011-11-16,9 15 16 18 37,,N/A
2011-11-14,7 8 14 30 32,,N/A
2011-11-12,4 15 16 27 39,,N/A
2011-11-09,7 10 21 31 37,,N/A
2011-11-07,16 32 33 35 38,,N/A
2011-11-05,4 5 7 33 34,,N/A
2011-11-02,1 18 21 35 37,,N/A
2011-10-31,6 16 17 30 33,,N/A
2011-10-29,2 3 17 35 39,,N/A
2011-10-26,13 15 22 28 37,,N/A
2011-10-24,9 14 21 31 36,,N/A
2011-10-22,3 6 21 24 35,,N/A
2011-10-19,5 8 16 29 36,,N/A
2011-10-17,17 24 31 36 37,,N/A
2011-10-15,12 17 26 29 39,,N/A
2011-10-12,2 25 27 30 35,,N/A
2011-10-10,9 12 24 28 31,,N/A
2011-10-08,8 11 25 26 35,,N/A
2011-10-05,3 20 33 34 37,,N/A
2011-10-03,4 9 10 27 35,,N/A
2011-10-01,1 5 19 28 35,,N/A
2011-09-28,14 18 21 23 28,,N/A
2011-09-26,4 12 13 21 27,,N/A
2011-09-24,5 19 26 31 34,,N/A
2011-09-21,2 11 15 17 36,,N/A
2011-09-19,6 7 23 30 36,,N/A
2011-09-17,12 16 19 24 34,,N/A
2011-09-14,5 8 9 13 15,,N/A
2011-09-12,1 7 18 22 37,,N/A
2011-09-10,11 13 26 29 34,,N/A
2011-09-07,9 14 16 18 27,,N/A
2011-09-05,2 3 11 12 15,,N/A
2011-09-03,5 6 7 27 38,,N/A
2011-08-31,2 10 19 21 36,,N/A
2011-08-29,2 6 8 15 26,,N/A
2011-08-27,3 7 9 36 37,,N/A
2011-08-24,1 6 7 36 37,,N/A
2011-08-22,1 5 10 18 33,,N/A
2011-08-20,1 18 25 30 32,,N/A
2011-08-17,13 24 26 27 32,,N/A
2011-08-15,10 13 16 34 39,,N/A
2011-08-13,3 12 28 34 39,,N/A
2011-08-10,1 13 17 23 30,,N/A
2011-08-08,12 14 31 35 37,,N/A
2011-08-06,4 6 13 20 37,,N/A
2011-08-03,4 11 14 16 23,,N/A
2011-08-01,2 30 32 33 35,,N/A
2011-07-30,4 20 23 25 26,,N/A
2011-07-27,4 8 13 27 31,,N/A
2011-07-25,18 24 25 30 39,,N/A
2011-07-23,5 7 11 34 37,,N/A
2011-07-20,2 15 16 28 35,,N/A
2011-07-18,7 15 17 27 38,,N/A
2011-07-16,4 15 23 32 38,,N/A
2011-07-13,2 7 28 38 39,,N/A
2011-07-11,5 16 27 33 38,,N/A
2011-07-09,10 17 25 31 32,,N/A
2011-07-06,1 4 20 37 39,,N/A
2011-07-04,7 26 28 30 37,,N/A
2011-07-02,1 14 27 30 31,,N/A
2011-06-29,10 18 28 36 37,,N/A
2011-06-27,8 9 18 25 35,,N/A
2011-06-25,1 4 16 22 28,,N/A
2011-06-22,7 15 17 23 35,,N/A
2011-06-20,17 26 28 34 37,,N/A
2011-06-18,7 10 14 15 28,,N/A
2011-06-15,2 8 12 21 30,,N/A
2011-06-13,5 7 23 31 32,,N/A
2011-06-11,6 11 12 29 33,,N/A
2011-06-08,7 29 30 32 35,,N/A
2011-06-06,5 6 12 13 33,,N/A
2011-06-04,14 18 19 28 36,,N/A
2011-06-01,4 5 29 37 38,,N/A
2011-05-30,17 21 28 33 34,,N/A
2011-05-28,4 9 13 21 34,,N/A
2011-05-25,8 12 18 19 26,,N/A
2011-05-23,1 13 22 29 36,,N/A
2011-05-21,2 16 35 36 37,,N/A
2011-05-18,3 13 20 22 39,,N/A
2011-05-16,2 22 25 27 32,,N/A
2011-05-14,6 20 21 24 31,,N/A
2011-05-11,1 6 12 14 38,,N/A
2011-05-09,12 16 22 27 30,,N/A
2011-05-07,13 18 29 31 38,,N/A
2011-05-04,2 16 20 35 37,,N/A
2011-05-02,13 16 32 35 39,,N/A
2011-04-30,1 3 11 27 39,,N/A
2011-04-27,12 19 22 24 27,,N/A
2011-04-25,1 7 20 29 31,,N/A
2011-04-23,7 24 27 29 32,,N/A
2011-04-20,12 14 22 31 39,,N/A
2011-04-18,20 24 31 35 36,,N/A
2011-04-16,4 8 11 27 34,,N/A
2011-04-13,1 10 14 32 35,,N/A
2011-04-11,9 10 11 21 29,,N/A
2011-04-09,2 12 13 30 39,,N/A
2011-04-06,2 8 24 26 38,,N/A
2011-04-04,3 4 18 19 25,,N/A
2011-04-02,1 16 33 34 35,,N/A
2011-03-30,3 12 21 22 26,,N/A
2011-03-28,7 8 10 17 36,,N/A
2011-03-26,16 17 25 36 38,,N/A
2011-03-23,3 7 16 31 38,,N/A
2011-03-21,7 13 20 34 37,,N/A
2011-03-19,7 10 21 36 37,,N/A
2011-03-16,5 10 19 26 28,,N/A
2011-03-14,3 17 20 28 34,,N/A
2011-03-12,10 11 23 29 32,,N/A
2011-03-09,1 14 15 17 28,,N/A
2011-03-07,3 15 21 30 38,,N/A
2011-03-05,8 15 24 27 35,,N/A
2011-03-02,2 3 16 20 29,,N/A
2011-02-28,3 8 17 19 31,,N/A
2011-02-26,1 6 14 24 27,,N/A
2011-02-23,6 25 32 36 37,,N/A
2011-02-21,5 6 12 19 33,,N/A
2011-02-19,21 30 32 33 34,,N/A
2011-02-16,1 7 20 37 38,,N/A
2011-02-14,2 11 16 30 36,,N/A
2011-02-12,10 13 25 26 29,,N/A
2011-02-09,6 16 23 33 34,,N/A
2011-02-07,1 9 15 23 33,,N/A
2011-02-05,3 5 6 16 22,,N/A
2011-02-02,5 10 15 17 20,,N/A
2011-01-31,2 3 7 18 24,,N/A
2011-01-29,6 8 9 15 19,,N/A
2011-01-26,11 13 23 24 30,,N/A
2011-01-24,16 19 21 26 27,,N/A
2011-01-22,2 4 28 29 32,,N/A
2011-01-19,4 11 22 35 37,,N/A
2011-01-17,3 9 12 16 30,,N/A
2011-01-15,9 15 31 34 38,,N/A
2011-01-12,6 9 13 23 36,,N/A
2011-01-10,9 23 25 29 31,,N/A
2011-01-08,5 16 17 33 39,,N/A
2011-01-05,14 16 25 31 33,,N/A
2011-01-03,4 5 18 35 39,,N/A
2011-01-01,2 4 17 18 37,,N/A
2010-12-29,4 14 21 31 36,,N/A
2010-12-27,1 14 34 35 37,,N/A
2010-12-25,3 7 12 13 27,,N/A
2010-12-22,4 25 28 30 36,,N/A
2010-12-20,12 15 17 23 39,,N/A
2010-12-18,11 12 14 30 32,,N/A
2010-12-15,6 7 17 20 39,,N/A
2010-12-13,4 8 19 26 27,,N/A
2010-12-11,10 20 28 33 36,,N/A
2010-12-08,8 10 18 24 34,,N/A
2010-12-06,10 20 21 27 31,,N/A
2010-12-04,6 19 20 22 25,,N/A
2010-12-01,7 8 24 38 39,,N/A
2010-11-29,2 6 7 14 37,,N/A
2010-11-27,1 4 7 30 38,,N/A
2010-11-24,5 16 22 28 31,,N/A
2010-11-22,19 20 22 28 29,,N/A
2010-11-20,1 4 8 34 37,,N/A
2010-11-17,7 18 22 31 34,,N/A
2010-11-15,7 14 25 30 39,,N/A
2010-11-13,2 15 21 22 39,,N/A
2010-11-10,3 8 12 14 31,,N/A
2010-11-08,8 16 22 26 39,,N/A
2010-11-06,6 7 14 25 30,,N/A
2010-11-03,3 4 5 32 35,,N/A
2010-11-01,8 15 23 28 29,,N/A
2010-10-30,8 10 23 33 38,,N/A
2010-10-27,9 13 15 16 39,,N/A
2010-10-25,5 10 31 32 35,,N/A
2010-10-23,6 11 33 37 39,,N/A
2010-10-20,3 15 16 20 28,,N/A
2010-10-18,2 10 14 16 35,,N/A
2010-10-16,12 15 16 23 36,,N/A
2010-10-13,7 10 25 28 29,,N/A
2010-10-11,8 12 14 29 39,,N/A
2010-10-09,9 19 23 29 37,,N/A
2010-10-06,14 21 31 37 38,,N/A
2010-10-04,4 5 30 34 35,,N/A
2010-10-02,5 10 14 28 33,,N/A
2010-09-29,10 11 20 27 34,,N/A
2010-09-27,9 16 20 21 27,,N/A
2010-09-25,1 3 17 27 35,,N/A
2010-09-22,2 11 23 29 31,,N/A
2010-09-20,9 10 11 18 31,,N/A
2010-09-18,7 9 12 13 30,,N/A
2010-09-15,7 15 22 27 30,,N/A
2010-09-13,6 24 28 33 34,,N/A
2010-09-11,13 15 18 21 24,,N/A
2010-09-08,1 2 18 22 31,,N/A
2010-09-06,6 17 19 28 36,,N/A
2010-09-04,6 10 13 16 30,,N/A
2010-09-01,4 11 26 33 35,,N/A
2010-08-30,11 14 17 18 27,,N/A
2010-08-28,11 21 25 32 35,,N/A
2010-08-25,8 11 12 13 37,,N/A
2010-08-23,1 8 20 23 36,,N/A
2010-08-21,3 9 11 26 38,,N/A
2010-08-18,11 13 14 18 28,,N/A
2010-08-16,13 20 21 30 32,,N/A
2010-08-14,8 9 14 28 32,,N/A
2010-08-11,1 2 4 28 32,,N/A
2010-08-09,6 10 18 26 28,,N/A
2010-08-07,3 10 19 21 33,,N/A
2010-08-04,5 11 24 25 26,,N/A
2010-08-02,1 2 16 22 30,,N/A
2010-07-31,4 17 33 34 35,,N/A
2010-07-28,1 3 16 20 38,,N/A
2010-07-26,12 15 16 22 26,,N/A
2010-07-24,6 9 13 21 30,,N/A
2010-07-21,11 20 21 31 37,,N/A
2010-07-19,11 12 18 21 34,,N/A
2010-07-17,8 11 17 21 31,,N/A
2010-07-14,6 11 12 20 28,,N/A
2010-07-12,12 24 28 30 34,,N/A
2010-07-10,13 14 20 24 35,,N/A
2010-07-07,1 21 23 30 35,,N/A
2010-07-05,6 14 16 18 35,,N/A
2010-07-03,3 8 10 15 31,,N/A
2010-06-30,11 19 21 22 25,,N/A
2010-06-28,1 14 27 30 33,,N/A
2010-06-26,4 9 10 12 25,,N/A
2010-06-23,9 20 22 25 35,,N/A
2010-06-21,2 11 26 34 37,,N/A
2010-06-19,2 14 24 32 36,,N/A
2010-06-16,6 14 18 23 34,,N/A
2010-06-14,11 15 21 22 27,,N/A
2010-06-12,3 8 14 32 34,,N/A
2010-06-09,2 4 11 12 25,,N/A
2010-06-07,11 13 17 19 27,,N/A
2010-06-05,9 17 22 29 36,,N/A
2010-06-02,10 13 33 37 38,,N/A
2010-05-31,10 13 23 29 31,,N/A
2010-05-29,6 10 11 34 38,,N/A
2010-05-26,4 5 15 16 32,,N/A
2010-05-24,7 12 19 22 32,,N/A
2010-05-22,1 3 5 26 30,,N/A
2010-05-19,8 20 24 29 33,,N/A
2010-05-17,3 6 13 16 20,,N/A
2010-05-15,9 30 32 33 37,,N/A
2010-05-12,2 4 24 31 35,,N/A
2010-05-10,17 21 24 25 33,,N/A
2010-05-08,12 17 18 23 33,,N/A
2010-05-05,9 10 18 20 25,,N/A
2010-05-03,2 3 5 14 18,,N/A
2010-05-01,3 9 11 28 35,,N/A
2010-04-28,28 29 32 38 39,,N/A
2010-04-26,9 20 30 34 35,,N/A
2010-04-24,5 11 12 25 29,,N/A
2010-04-21,5 17 19 22 27,,N/A
2010-04-19,9 18 34 35 37,,N/A
2010-04-17,2 4 7 11 34,,N/A
2010-04-14,3 8 13 35 37,,N/A
2010-04-12,9 16 21 23 32,,N/A
2010-04-10,11 24 26 29 35,,N/A
2010-04-07,6 19 23 35 38,,N/A
2010-04-05,15 22 34 35 36,,N/A
2010-04-03,3 8 26 29 32,,N/A
2010-03-31,17 19 21 27 30,,N/A
2010-03-29,4 6 18 30 36,,N/A
2010-03-27,6 8 20 21 32,,N/A
2010-03-24,2 3 5 7 12,,N/A
2010-03-22,2 7 12 22 25,,N/A
2010-03-20,12 18 23 27 36,,N/A
2010-03-17,5 21 32 35 36,,N/A
2010-03-15,2 12 26 37 38,,N/A
2010-03-13,2 9 30 32 37,,N/A
2010-03-10,10 21 25 31 37,,N/A
2010-03-08,10 12 29 34 35,,N/A
2010-03-06,3 6 12 14 21,,N/A
2010-03-03,3 8 15 28 37,,N/A
2010-03-01,1 10 19 21 37,,N/A
2010-02-27,3 11 23 34 39,,N/A
2010-02-24,13 16 18 30 37,,N/A
2010-02-22,7 8 9 10 23,,N/A
2010-02-20,12 17 21 25 37,,N/A
2010-02-17,19 20 31 36 37,,N/A
2010-02-15,9 23 28 31 38,,N/A
2010-02-13,10 16 21 37 38,,N/A
2010-02-10,5 16 19 27 28,,N/A
2010-02-08,14 28 30 33 36,,N/A
2010-02-06,11 16 22 24 33,,N/A
2010-02-03,2 23 30 34 35,,N/A
2010-02-01,11 20 21 30 34,,N/A
2010-01-30,8 9 12 16 17,,N/A
2010-01-27,5 13 25 32 33,,N/A
2010-01-25,5 14 33 34 39,,N/A
2010-01-23,2 10 17 29 37,,N/A
2010-01-20,3 8 13 14 31,,N/A
2010-01-18,6 12 25 26 30,,N/A
2010-01-16,2 6 20 30 33,,N/A
2010-01-13,4 6 7 23 33,,N/A
2010-01-11,5 12 22 30 33,,N/A
2010-01-09,7 9 10 11 20,,N/A
2010-01-06,7 22 31 36 37,,N/A
2010-01-04,5 14 16 24 30,,N/A
2010-01-02,8 14 17 21 26,,N/A
2009-12-30,13 20 24 27 33,,N/A
2009-12-28,5 18 32 33 36,,N/A
2009-12-26,5 15 17 18 22,,N/A
2009-12-23,22 27 33 37 39,,N/A
2009-12-21,4 19 26 28 33,,N/A
2009-12-19,4 6 21 29 36,,N/A
2009-12-16,13 14 27 37 38,,N/A
2009-12-14,11 17 18 31 35,,N/A
2009-12-12,1 14 16 21 38,,N/A
2009-12-09,6 13 23 31 38,,N/A
2009-12-07,10 17 19 21 27,,N/A
2009-12-05,4 5 7 9 39,,N/A
2009-12-02,1 4 8 33 39,,N/A
2009-11-30,2 9 25 26 33,,N/A
2008-12-31,21 24 27 29 37,,N/A
2008-12-29,10 12 24 33 36,,N/A
2008-12-27,8 24 25 35 37,,N/A
2008-12-24,5 8 14 26 32,,N/A
2008-12-22,4 6 24 36 38,,N/A
2008-12-20,1 17 27 30 34,,N/A
2008-12-17,1 10 19 21 30,,N/A
2008-12-15,10 12 15 26 29,,N/A
2008-12-13,7 17 22 29 31,,N/A
2008-12-10,6 27 29 36 38,,N/A
2008-12-08,12 22 27 29 35,,N/A
2008-12-06,2 27 31 32 34,,N/A
2008-12-03,5 18 22 26 36,,N/A
2008-12-01,9 12 27 29 32,,N/A
2008-11-29,2 15 18 34 35,,N/A
2008-11-26,8 11 17 23 32,,N/A
2008-11-24,3 4 5 8 20,,N/A
2008-11-22,5 8 12 36 39,,N/A
2008-11-19,13 14 20 30 33,,N/A
2008-11-17,6 10 13 14 34,,N/A
2008-11-15,6 21 31 34 37,,N/A
2008-11-12,4 10 18 31 33,,N/A
2008-11-10,7 14 15 19 27,,N/A
2008-11-08,18 19 23 33 39,,N/A
2008-11-05,3 12 14 18 28,,N/A
2008-11-03,1 11 14 15 32,,N/A
2008-11-01,3 6 13 14 17,,N/A
2008-10-29,12 20 29 34 37,,N/A
2008-10-27,4 8 10 34 37,,N/A
2008-10-25,1 13 28 30 36,,N/A
2008-10-22,9 15 21 30 37,,N/A
2008-10-20,7 13 26 35 38,,N/A
2008-10-18,3 6 20 22 23,,N/A
2008-10-15,10 12 16 18 28,,N/A
2008-10-13,1 5 22 32 38,,N/A
2008-10-11,1 2 18 26 36,,N/A
2008-10-08,2 3 5 9 36,,N/A
2008-10-06,7 9 33 37 39,,N/A
2008-10-04,1 4 14 17 26,,N/A
2008-10-01,5 14 15 34 37,,N/A
2008-09-29,6 15 23 31 38,,N/A
2008-09-27,7 8 22 24 32,,N/A
2008-09-24,11 28 32 38 39,,N/A
2008-09-22,1 9 14 15 38,,N/A
2008-09-20,9 13 25 26 34,,N/A
2008-09-17,2 5 9 31 32,,N/A
2008-09-15,18 31 32 36 38,,N/A
2008-09-13,2 11 16 32 35,,N/A
2008-09-10,10 21 31 33 36,,N/A
2008-09-08,3 9 15 30 33,,N/A
2008-09-06,8 10 20 23 27,,N/A
2008-09-03,13 15 21 26 37,,N/A
2008-09-01,26 29 31 33 39,,N/A
2008-08-30,11 12 16 19 36,,N/A
2008-08-27,5 9 20 33 39,,N/A
2008-08-25,6 13 17 26 31,,N/A
2008-08-23,1 4 8 24 37,,N/A
2008-08-20,1 7 10 24 29,,N/A
2008-08-18,8 9 17 18 27,,N/A
2008-08-16,9 11 17 19 28,,N/A
2008-08-13,7 9 19 21 27,,N/A
2008-08-11,3 11 23 29 37,,N/A
2008-08-09,1 5 20 27 30,,N/A
2008-08-06,11 22 28 32 34,,N/A
2008-08-04,15 16 20 32 35,,N/A
2008-08-02,10 20 28 34 39,,N/A
2008-07-30,6 14 20 23 37,,N/A
2008-07-28,2 10 31 32 35,,N/A
2008-07-26,5 19 25 27 30,,N/A
2008-07-23,3 15 21 37 38,,N/A
2008-07-21,6 12 19 24 33,,N/A
2008-07-19,10 13 24 31 34,,N/A
2008-07-16,2 12 13 17 24,,N/A
2008-07-14,6 13 23 30 39,,N/A
2008-07-12,8 13 25 31 38,,N/A
2008-07-09,3 8 18 34 38,,N/A
2008-07-07,6 7 21 32 39,,N/A
2008-07-05,1 8 16 18 39,,N/A
2008-07-02,7 19 27 30 37,,N/A
2008-06-30,13 17 22 24 34,,N/A
2008-06-28,11 23 25 30 36,,N/A
2008-06-25,12 22 32 36 38,,N/A
2008-06-23,10 13 16 29 37,,N/A
2008-06-21,10 19 29 32 37,,N/A
2008-06-18,1 13 21 31 35,,N/A
2008-06-16,5 6 21 31 33,,N/A
2008-06-14,12 15 28 31 38,,N/A
2008-06-11,7 13 21 23 35,,N/A
2008-06-09,6 14 29 30 36,,N/A
2008-06-07,8 10 12 25 34,,N/A
2008-06-04,1 12 14 27 28,,N/A
2008-06-02,13 18 30 31 37,,N/A
2008-05-31,7 12 24 30 34,,N/A
2008-05-28,6 8 22 33 35,,N/A
2008-05-26,13 17 25 32 38,,N/A
2008-05-24,2 29 34 35 39,,N/A
2008-05-21,11 16 23 31 37,,N/A
2008-05-19,2 3 4 14 25,,N/A
2008-05-17,14 20 22 27 30,,N/A
2008-05-14,5 9 10 16 31,,N/A
2008-05-12,9 21 22 29 39,,N/A
2008-05-10,3 14 22 29 34,,N/A
2008-05-07,9 17 22 28 33,,N/A
2008-05-05,11 12 17 21 34,,N/A
2008-05-03,13 19 30 36 37,,N/A
2008-04-30,4 5 28 34 36,,N/A
2008-04-28,16 17 25 28 33,,N/A
2008-04-26,4 7 13 35 39,,N/A
2008-04-23,8 28 33 36 39,,N/A
2008-04-21,11 23 32 37 39,,N/A
2008-04-19,2 6 8 10 25,,N/A
2008-04-16,2 8 25 27 36,,N/A
2008-04-14,12 17 24 27 32,,N/A
2008-04-12,2 6 10 12 26,,N/A
2008-04-09,6 20 22 30 33,,N/A
2008-04-07,10 18 24 26 35,,N/A
2008-04-05,16 21 28 32 39,,N/A
2008-04-02,3 24 28 29 37,,N/A
2008-03-31,7 16 28 30 39,,N/A
2008-03-29,13 18 29 32 33,,N/A
2008-03-26,7 10 24 35 37,,N/A
2008-03-24,3 4 11 33 35,,N/A
2008-03-22,6 14 20 32 35,,N/A
2008-03-19,11 15 23 28 36,,N/A
2008-03-17,10 13 18 22 36,,N/A
2008-03-15,2 5 9 24 33,,N/A
2008-03-12,2 7 30 34 36,,N/A
2008-03-10,8 24 25 29 33,,N/A
2008-03-08,9 16 17 18 36,,N/A
2008-03-05,9 14 16 25 29,,N/A
2008-03-03,11 14 26 28 38,,N/A
2008-03-01,7 8 26 32 37,,N/A
2008-02-27,13 17 29 36 37,,N/A
2008-02-25,1 30 32 33 35,,N/A
2008-02-23,1 2 4 13 21,,N/A
2008-02-20,24 31 33 35 37,,N/A
2008-02-18,2 10 15 19 38,,N/A
2008-02-16,2 23 26 28 33,,N/A
2008-02-13,4 5 12 17 35,,N/A
2008-02-11,2 4 9 10 27,,N/A
2008-02-09,2 13 14 15 27,,N/A
2008-02-06,1 6 22 23 28,,N/A
2008-02-04,1 8 18 30 37,,N/A
2008-02-02,13 14 30 31 38,,N/A
2008-01-30,18 26 35 37 38,,N/A
2008-01-28,2 4 12 22 25,,N/A
2008-01-26,8 10 13 29 32,,N/A
2008-01-23,1 5 9 13 15,,N/A
2008-01-21,20 21 26 31 38,,N/A
2008-01-19,17 21 23 29 33,,N/A
2008-01-16,9 10 25 33 38,,N/A
2008-01-14,4 5 15 27 38,,N/A
2008-01-12,2 4 10 15 25,,N/A
2008-01-09,9 11 16 21 35,,N/A
2008-01-07,5 9 20 22 29,,N/A
2008-01-05,9 13 14 35 39,,N/A
2008-01-02,2 7 13 23 37,,N/A
2007-12-31,3 13 23 31 32,,N/A
2007-12-29,2 5 8 10 23,,N/A
2007-12-26,1 10 11 12 28,,N/A
2007-12-24,16 27 30 31 36,,N/A
2007-12-22,16 22 29 32 34,,N/A
2007-12-19,12 19 24 32 37,,N/A
2007-12-17,10 15 19 23 33,,N/A
2007-12-15,1 13 15 21 25,,N/A
2007-12-12,15 17 25 28 39,,N/A
2007-12-10,14 17 28 35 36,,N/A
2007-12-08,4 22 23 25 35,,N/A
2007-12-05,4 10 26 34 38,,N/A
2007-12-03,8 10 13 21 33,,N/A
2007-12-01,2 3 11 24 27,,N/A
2007-11-28,13 23 26 31 35,,N/A
2007-11-26,3 5 9 13 14,,N/A
2007-11-24,2 3 8 16 29,,N/A
2007-11-21,1 10 13 21 29,,N/A
2007-11-19,9 12 22 30 38,,N/A
2007-11-17,9 11 22 29 37,,N/A
2007-11-14,5 17 18 28 38,,N/A
2007-11-12,15 18 20 35 37,,N/A
2007-11-10,7 11 20 24 32,,N/A
2007-11-07,1 16 22 29 37,,N/A
2007-11-05,13 14 16 37 38,,N/A
2007-11-03,4 6 12 20 24,,N/A
2007-10-31,3 5 13 37 39,,N/A
2007-10-29,3 24 27 31 34,,N/A
2007-10-27,2 6 12 15 16,,N/A
2007-10-24,12 28 29 35 39,,N/A
2007-10-22,12 15 29 31 35,,N/A
2007-10-20,4 6 11 29 37,,N/A
2007-10-17,2 6 14 19 21,,N/A
2007-10-15,2 6 7 20 29,,N/A
2007-10-13,3 17 18 27 33,,N/A
2007-10-10,3 4 17 21 27,,N/A
2007-10-08,16 25 33 37 39,,N/A
2007-10-06,1 12 13 17 35,,N/A
2007-10-03,5 13 16 19 21,,N/A
2007-10-01,7 10 17 22 37,,N/A
2007-09-29,1 3 8 12 29,,N/A
2007-09-26,1 3 4 7 21,,N/A
2007-09-24,1 12 14 17 34,,N/A
2007-09-22,5 17 19 31 35,,N/A
2007-09-19,10 13 15 24 29,,N/A
2007-09-17,17 21 24 31 34,,N/A
2007-09-15,27 28 30 33 34,,N/A
2007-09-12,3 12 13 20 22,,N/A
2007-09-10,3 4 15 18 29,,N/A
2007-09-08,4 7 11 12 16,,N/A
2007-09-05,2 9 10 27 36,,N/A
2007-09-03,9 12 13 26 33,,N/A
2007-09-01,5 17 35 36 37,,N/A
2007-08-29,8 14 25 28 36,,N/A
2007-08-27,7 14 28 33 37,,N/A
2007-08-25,3 10 11 14 35,,N/A
2007-08-22,1 7 22 30 39,,N/A
2007-08-20,3 16 17 20 32,,N/A
2007-08-18,10 20 30 31 35,,N/A
2007-08-15,11 14 29 32 36,,N/A
2007-08-13,8 20 21 28 33,,N/A
2007-08-11,8 10 16 23 26,,N/A
2007-08-08,4 7 14 17 33,,N/A
2007-08-06,12 17 25 27 34,,N/A
2007-08-04,17 18 20 28 38,,N/A
2007-08-01,1 10 13 29 33,,N/A
2007-07-30,5 32 34 36 37,,N/A
2007-07-28,8 9 12 13 17,,N/A
2007-07-25,6 17 18 25 27,,N/A
2007-07-23,9 14 21 26 29,,N/A
2007-07-21,5 6 25 29 31,,N/A
2007-07-18,6 10 12 20 29,,N/A
2007-07-16,1 3 11 16 29,,N/A
2007-07-14,11 19 26 28 33,,N/A
2007-07-11,3 11 13 18 20,,N/A
2007-07-09,6 21 29 32 38,,N/A
2007-07-07,18 20 25 35 38,,N/A
2007-07-04,4 8 14 19 35,,N/A
2007-07-02,21 25 31 32 36,,N/A
2007-06-30,12 16 20 21 24,,N/A
2007-06-27,2 5 25 27 34,,N/A
2007-06-25,2 14 23 27 38,,N/A
2007-06-23,2 3 5 13 33,,N/A
2007-06-20,5 10 21 27 37,,N/A
2007-06-18,10 18 22 25 36,,N/A
2007-06-16,6 8 19 22 30,,N/A
2007-06-13,1 8 18 22 30,,N/A
2007-06-11,5 7 10 14 32,,N/A
2007-06-09,5 21 22 28 38,,N/A
2007-06-06,1 12 19 36 38,,N/A
2007-06-04,2 8 12 15 28,,N/A
2007-06-02,9 12 23 31 34,,N/A
2007-05-30,11 19 24 28 31,,N/A
2007-05-28,1 14 26 30 38,,N/A
2007-05-26,2 11 13 19 35,,N/A
2007-05-23,7 20 26 30 36,,N/A
2007-05-21,1 8 16 17 18,,N/A
2007-05-19,12 17 27 29 30,,N/A
2007-05-16,11 13 25 32 34,,N/A
2007-05-14,8 13 15 16 30,,N/A
2007-05-12,7 12 29 30 36,,N/A
2007-05-09,10 16 18 34 38,,N/A
2007-05-07,2 16 27 33 37,,N/A
2007-05-05,2 6 8 24 25,,N/A
2007-05-02,5 8 14 15 19,,N/A
2007-04-30,15 26 27 33 36,,N/A
2007-04-28,9 17 23 31 33,,N/A
2007-04-25,11 12 27 29 32,,N/A
2007-04-23,1 5 26 28 35,,N/A
2007-04-21,9 15 17 30 34,,N/A
2007-04-18,3 4 11 29 33,,N/A
2007-04-16,4 24 33 35 36,,N/A
2007-04-14,11 19 31 32 38,,N/A
2007-04-11,11 13 21 35 37,,N/A
2007-04-09,3 15 16 21 33,,N/A
2007-04-07,9 14 17 19 26,,N/A
2007-04-04,6 11 16 17 37,,N/A
2007-04-02,3 9 15 30 39,,N/A
2007-03-31,14 22 26 33 39,,N/A
2007-03-28,9 19 20 25 30,,N/A
2007-03-26,10 24 28 33 34,,N/A
2007-03-24,2 4 18 25 37,,N/A
2007-03-21,9 12 23 32 33,,N/A
2007-03-19,2 7 25 26 28,,N/A
