draw_date,winning_numbers,bonus_numbers,jackpot_amount
2026-08-03,3 12 16 17 21 22,,N/A
2026-08-01,8 23 26 31 39 43,,N/A
2026-07-29,9 12 27 29 35 43,,N/A
2026-07-27,3 23 24 26 37 39,,N/A
2026-07-25,31 34 38 40 45 48,,N/A
2026-07-22,2 9 25 32 36 48,,N/A
2026-07-20,14 18 30 34 37 39,,N/A
2026-07-18,10 16 20 28 37 44,,N/A
2026-07-15,1 5 23 37 40 44,,N/A
2026-07-13,4 6 31 32 45 48,,N/A
2026-07-11,15 18 24 31 34 45,,N/A
2026-07-08,3 12 27 42 43 48,,N/A
2026-07-06,10 11 24 32 35 40,,N/A
2026-07-04,9 30 32 34 42 45,,N/A
2026-07-01,16 23 33 34 40 45,,N/A
2026-06-29,13 26 36 40 46 47,,N/A
2026-06-27,5 10 14 22 23 25,,N/A
2026-06-24,3 14 17 19 20 23,,N/A
2026-06-22,20 27 32 36 38 44,,N/A
2026-06-20,16 17 24 36 37 45,,N/A
2026-06-17,8 12 17 37 38 47,,N/A
2026-06-15,12 14 28 33 44 45,,N/A
2026-06-13,7 9 11 35 37 40,,N/A
2026-06-10,7 8 20 27 41 46,,N/A
2026-06-08,8 11 15 23 31 33,,N/A
2026-06-06,3 5 7 33 42 47,,N/A
2026-06-03,3 11 12 17 18 20,,N/A
2026-06-01,5 9 10 15 21 26,,N/A
2026-05-30,11 19 20 24 30 45,,N/A
2026-05-27,2 4 9 26 39 48,,N/A
2026-05-25,5 9 18 23 26 35,,N/A
2026-05-23,2 4 18 20 22 25,,N/A
2026-05-20,10 16 28 32 39 46,,N/A
2026-05-18,3 15 23 28 37 47,,N/A
2026-05-16,13 20 26 36 44 47,,N/A
2026-05-13,8 13 17 30 38 40,,N/A
2026-05-11,1 18 28 34 37 48,,N/A
2026-05-09,12 15 20 27 36 39,,N/A
2026-05-06,1 6 11 15 16 17,,N/A
2026-05-04,6 8 13 17 18 34,,N/A
2026-05-02,6 17 20 23 29 49,,N/A
2026-04-29,12 13 19 20 34 40,,N/A
2026-04-27,11 14 15 21 30 40,,N/A
2026-04-25,4 8 16 21 23 33,,N/A
2026-04-22,4 24 33 40 45 49,,N/A
2026-04-20,13 28 29 32 33 37,,N/A
2026-04-18,2 15 17 18 30 44,,N/A
2026-04-15,5 10 19 21 43 48,,N/A
2026-04-13,5 10 20 31 48 49,,N/A
2026-04-11,9 21 23 35 37 39,,N/A
2026-04-08,8 22 30 32 38 41,,N/A
2026-04-06,10 17 22 24 44 48,,N/A
2026-04-04,2 18 25 33 36 43,,N/A
2026-04-01,7 9 17 24 44 46,,N/A
2026-03-30,12 16 26 30 40 47,,N/A
2026-03-28,8 26 32 44 45 46,,N/A
2026-03-25,15 17 19 23 37 43,,N/A
2026-03-23,4 13 25 33 42 43,,N/A
2026-03-21,5 6 22 27 39 41,,N/A
2026-03-18,5 13 17 30 42 44,,N/A
2026-03-16,5 7 24 28 30 36,,N/A
2026-03-14,3 10 17 25 28 37,,N/A
2026-03-11,1 8 12 20 27 45,,N/A
2026-03-09,1 4 6 12 24 43,,N/A
2026-03-07,6 8 20 23 27 44,,N/A
2026-03-04,11 19 23 28 35 47,,N/A
2026-03-02,6 12 13 21 34 39,,N/A
2026-02-28,3 14 16 20 27 34,,N/A
2026-02-25,7 14 16 22 39 40,,N/A
2026-02-23,3 13 17 25 40 43,,N/A
2026-02-21,10 12 26 33 37 40,,N/A
2026-02-18,4 11 39 41 48 49,,N/A
2026-02-16,6 23 30 40 42 48,,N/A
2026-02-14,6 9 19 25 38 47,,N/A
2026-02-11,7 15 38 42 43 45,,N/A
2026-02-09,24 27 30 38 43 49,,N/A
2026-02-07,7 9 14 18 19 46,,N/A
2026-02-04,21 23 31 32 41 47,,N/A
2026-02-02,2 3 16 28 29 45,,N/A
2026-01-31,3 4 6 35 41 48,,N/A
2026-01-28,8 14 24 32 37 43,,N/A
2026-01-26,9 14 16 29 32 37,,N/A
2026-01-24,5 8 21 32 40 45,,N/A
2026-01-21,15 19 22 29 42 45,,N/A
2026-01-19,17 33 37 41 47 49,,N/A
2026-01-17,14 17 20 32 35 48,,N/A
2026-01-14,1 6 17 23 35 38,,N/A
2026-01-12,8 20 22 30 45 46,,N/A
2026-01-10,9 10 21 28 29 37,,N/A
2026-01-07,1 3 12 36 40 43,,N/A
2026-01-05,9 14 17 28 33 47,,N/A
2026-01-03,13 27 28 32 35 46,,N/A
2025-12-31,3 14 18 31 34 40,,N/A
2025-12-29,4 16 32 39 41 48,,N/A
2025-12-27,2 4 12 24 43 47,,N/A
2025-12-24,1 4 12 13 22 32,,N/A
2025-12-22,14 21 24 27 47 48,,N/A
2025-12-20,6 15 18 31 35 47,,N/A
2025-12-17,3 6 26 32 38 42,,N/A
2025-12-15,2 8 22 24 29 37,,N/A
2025-12-13,5 16 17 24 37 41,,N/A
2025-12-10,6 7 8 18 30 33,,N/A
2025-12-08,1 5 7 15 31 36,,N/A
2025-12-06,8 12 18 20 38 48,,N/A
2025-12-03,1 7 8 24 27 35,,N/A
2025-12-01,18 19 39 42 45 49,,N/A
2025-11-29,3 6 14 23 31 36,,N/A
2025-11-26,4 9 19 20 26 37,,N/A
2025-11-24,3 5 7 14 25 37,,N/A
2025-11-22,14 20 33 37 46 49,,N/A
2025-11-19,2 8 16 33 37 48,,N/A
2025-11-17,12 21 25 30 40 44,,N/A
2025-11-15,1 11 21 41 43 47,,N/A
2025-11-12,6 9 23 37 39 41,,N/A
2025-11-10,9 18 19 38 40 49,,N/A
2025-11-08,1 11 14 15 22 41,,N/A
2025-11-05,15 19 22 34 40 48,,N/A
2025-11-03,1 16 17 22 26 47,,N/A
2025-11-01,2 3 6 19 22 46,,N/A
2025-10-29,15 17 21 24 39 47,,N/A
2025-10-27,11 13 15 20 29 44,,N/A
2025-10-25,2 4 8 17 32 39,,N/A
2025-10-22,15 16 18 25 33 47,,N/A
2025-10-20,1 6 17 23 35 49,,N/A
2025-10-18,6 17 21 27 35 37,,N/A
2025-10-15,5 6 12 20 32 46,,N/A
2025-10-13,3 17 18 31 39 44,,N/A
2025-10-11,4 8 27 33 41 46,,N/A
2025-10-08,1 10 14 18 33 41,,N/A
2025-10-06,3 11 12 26 45 46,,N/A
2025-10-04,2 10 13 31 37 41,,N/A
2025-10-01,16 28 29 34 38 42,,N/A
2025-09-29,2 16 23 25 28 31,,N/A
2025-09-27,7 17 19 21 39 48,,N/A
2025-09-24,3 14 33 39 45 48,,N/A
2025-09-22,14 15 39 45 46 49,,N/A
2025-09-20,3 4 7 34 46 47,,N/A
2025-09-17,2 7 10 18 30 32,,N/A
2025-09-15,4 9 20 38 42 47,,N/A
2025-09-13,5 9 25 30 35 44,,N/A
2025-09-10,8 16 20 28 30 46,,N/A
2025-09-08,5 13 14 33 38 39,,N/A
2025-09-06,9 13 14 25 26 49,,N/A
2025-09-03,24 25 33 34 39 40,,N/A
2025-09-01,6 14 19 21 27 37,,N/A
2025-08-30,3 6 14 31 32 48,,N/A
2025-08-27,1 27 31 39 42 49,,N/A
2025-08-25,11 23 24 28 43 47,,N/A
2025-08-23,3 8 21 26 31 47,,N/A
2025-08-20,5 11 12 19 33 47,,N/A
2025-08-18,12 26 36 37 40 48,,N/A
2025-08-16,4 8 13 16 33 37,,N/A
2025-08-13,2 16 25 35 42 43,,N/A
2025-08-11,5 17 18 23 33 42,,N/A
2025-08-09,9 18 19 21 22 34,,N/A
2025-08-06,6 8 26 38 46 49,,N/A
2025-08-04,7 14 21 38 45 46,,N/A
2025-08-02,6 16 21 23 42 48,,N/A
2025-07-30,5 7 15 25 42 47,,N/A
2025-07-28,9 22 25 27 32 36,,N/A
2025-07-26,2 4 28 31 36 43,,N/A
2025-07-23,1 5 29 41 43 49,,N/A
2025-07-21,2 6 20 33 40 49,,N/A
2025-07-19,7 19 25 37 47 49,,N/A
2025-07-16,3 11 13 16 19 21,,N/A
2025-07-14,4 16 22 25 41 44,,N/A
2025-07-12,13 14 21 28 37 49,,N/A
2025-07-09,13 19 20 25 33 48,,N/A
2025-07-07,1 8 9 15 34 39,,N/A
2025-07-05,11 19 22 39 43 47,,N/A
2025-07-02,3 8 10 23 30 48,,N/A
2025-06-30,9 11 12 15 17 34,,N/A
2025-06-28,20 29 32 37 39 49,,N/A
2025-06-25,6 10 27 33 36 43,,N/A
2025-06-23,6 15 21 24 37 43,,N/A
2025-06-21,4 11 12 30 38 42,,N/A
2025-06-18,4 12 14 39 40 45,,N/A
2025-06-16,5 15 26 32 35 48,,N/A
2025-06-14,7 10 12 20 29 45,,N/A
2025-06-11,8 16 18 42 48 49,,N/A
2025-06-09,8 10 25 33 40 42,,N/A
2025-06-07,5 30 36 38 40 47,,N/A
2025-06-04,10 15 25 27 40 45,,N/A
2025-06-02,1 4 10 23 32 48,,N/A
2025-05-31,2 8 11 16 31 47,,N/A
2025-05-28,8 21 26 31 36 49,,N/A
2025-05-26,9 10 14 30 39 45,,N/A
2025-05-24,6 10 23 29 40 49,,N/A
2025-05-21,3 7 8 21 28 43,,N/A
2025-05-19,9 11 31 41 44 45,,N/A
2025-05-17,6 9 19 23 29 38,,N/A
2025-05-14,6 7 8 18 38 45,,N/A
2025-05-12,6 8 11 15 30 39,,N/A
2025-05-10,4 7 11 23 27 36,,N/A
2025-05-07,4 6 12 16 26 29,,N/A
2025-05-05,4 15 16 33 44 48,,N/A
2025-05-03,11 29 31 37 41 48,,N/A
2025-04-30,23 34 39 43 47 49,,N/A
2025-04-28,3 6 15 18 34 37,,N/A
2025-04-26,4 18 32 34 40 44,,N/A
2025-04-23,4 5 18 34 35 49,,N/A
2025-04-21,5 11 14 29 34 41,,N/A
2025-04-19,3 13 20 24 25 45,,N/A
2025-04-16,14 21 24 26 28 37,,N/A
2025-04-14,3 15 23 27 36 39,,N/A
2025-04-12,12 13 29 37 46 49,,N/A
2025-04-09,11 12 20 42 47 49,,N/A
2025-04-07,8 12 21 24 35 44,,N/A
2025-04-05,18 29 32 43 44 47,,N/A
2025-04-02,9 16 23 26 37 44,,N/A
2025-03-31,5 7 12 16 30 40,,N/A
2025-03-29,2 8 21 23 30 45,,N/A
2025-03-26,11 26 32 33 41 48,,N/A
2025-03-24,20 23 35 37 43 44,,N/A
2025-03-22,6 8 11 20 45 49,,N/A
2025-03-19,4 11 12 28 29 43,,N/A
2025-03-17,8 13 19 26 37 39,,N/A
2025-03-15,2 23 30 40 42 43,,N/A
2025-03-12,9 20 21 32 38 44,,N/A
2025-03-10,12 17 21 26 30 42,,N/A
2025-03-08,8 11 19 38 39 47,,N/A
2025-03-05,17 18 25 26 34 35,,N/A
2025-03-03,9 17 20 37 45 49,,N/A
2025-03-01,3 7 15 18 24 41,,N/A
2025-02-26,6 18 20 22 23 32,,N/A
2025-02-24,4 16 23 32 43 44,,N/A
2025-02-22,8 10 11 14 31 44,,N/A
2025-02-19,17 20 32 37 40 43,,N/A
2025-02-17,1 7 12 19 25 44,,N/A
2025-02-15,11 13 18 19 44 49,,N/A
2025-02-12,6 7 11 18 24 48,,N/A
2025-02-10,2 25 29 30 39 40,,N/A
2025-02-08,22 24 27 35 37 46,,N/A
2025-02-05,5 18 25 26 27 30,,N/A
2025-02-03,3 29 31 34 41 42,,N/A
2025-02-01,4 13 25 30 48 49,,N/A
2025-01-29,7 13 24 26 35 41,,N/A
2025-01-27,16 21 22 23 34 37,,N/A
2025-01-25,7 31 32 34 40 42,,N/A
2025-01-22,5 13 16 21 29 42,,N/A
2025-01-20,11 15 18 34 42 47,,N/A
2025-01-18,1 18 24 31 35 47,,N/A
2025-01-15,5 10 18 26 34 48,,N/A
2025-01-13,3 6 27 31 34 44,,N/A
2025-01-11,4 20 21 25 36 41,,N/A
2025-01-08,5 6 17 19 38 40,,N/A
2025-01-06,12 23 25 32 35 48,,N/A
2025-01-04,10 15 21 24 37 48,,N/A
2025-01-01,5 9 23 25 37 44,,N/A
2024-12-30,9 15 35 43 45 49,,N/A
2024-12-28,2 19 22 28 30 31,,N/A
2024-12-25,4 5 8 14 17 31,,N/A
2024-12-23,4 6 8 22 28 47,,N/A
2024-12-21,2 4 7 20 27 41,,N/A
2024-12-18,2 10 23 29 32 48,,N/A
2024-12-16,11 19 22 26 31 32,,N/A
2024-12-14,4 5 8 14 25 38,,N/A
2024-12-11,10 21 23 24 33 49,,N/A
2024-12-09,23 26 28 33 36 40,,N/A
2024-12-07,3 17 20 29 40 45,,N/A
2024-12-04,1 16 20 25 33 40,,N/A
2024-12-02,1 6 7 19 46 47,,N/A
2024-11-30,2 18 20 34 45 48,,N/A
2024-11-27,6 8 31 42 44 46,,N/A
2024-11-25,2 10 15 29 38 41,,N/A
2024-11-23,1 3 6 26 27 31,,N/A
2024-11-20,7 10 21 22 40 47,,N/A
2024-11-18,7 9 11 12 23 24,,N/A
2024-11-16,9 10 33 34 36 41,,N/A
2024-11-13,3 31 32 42 45 49,,N/A
2024-11-11,8 13 19 25 27 49,,N/A
2024-11-09,18 21 32 35 39 43,,N/A
2024-11-06,10 16 21 22 24 47,,N/A
2024-11-04,7 17 24 30 31 43,,N/A
2024-11-02,1 13 17 25 33 43,,N/A
2024-10-30,1 2 6 18 38 43,,N/A
2024-10-28,4 16 23 39 40 45,,N/A
2024-10-26,8 12 14 18 29 42,,N/A
2024-10-23,11 13 16 39 41 46,,N/A
2024-10-21,7 13 16 17 27 31,,N/A
2024-10-19,3 12 14 19 26 44,,N/A
2024-10-16,6 14 15 16 19 49,,N/A
2024-10-14,18 20 23 37 38 42,,N/A
2024-10-12,16 18 33 42 43 48,,N/A
2024-10-09,2 5 9 15 25 28,,N/A
2024-10-07,2 18 19 27 28 42,,N/A
2024-10-05,6 7 8 11 17 36,,N/A
2024-10-02,3 20 23 30 34 47,,N/A
2024-09-30,2 6 12 22 36 38,,N/A
2024-09-28,3 9 15 18 29 32,,N/A
2024-09-25,15 16 18 19 33 49,,N/A
2024-09-23,2 5 15 23 36 44,,N/A
2024-09-21,2 13 21 42 43 49,,N/A
2024-09-18,2 12 21 32 33 49,,N/A
2024-09-16,1 6 17 24 28 40,,N/A
2024-09-14,5 9 16 24 38 44,,N/A
2024-09-11,2 10 19 36 38 49,,N/A
2024-09-09,5 25 34 37 47 49,,N/A
2024-09-07,2 5 6 24 32 36,,N/A
2024-09-04,3 11 25 27 36 43,,N/A
2024-09-02,9 31 36 41 47 48,,N/A
2024-08-31,16 21 28 31 40 45,,N/A
2024-08-28,13 20 24 25 37 38,,N/A
2024-08-26,6 7 28 37 43 44,,N/A
2024-08-24,3 5 8 10 30 41,,N/A
2024-08-21,6 7 15 17 19 30,,N/A
2024-08-19,5 18 25 27 34 35,,N/A
2024-08-17,6 9 14 27 29 48,,N/A
2024-08-14,7 13 17 21 39 49,,N/A
2024-08-12,4 25 31 33 36 45,,N/A
2024-08-10,5 18 21 37 38 47,,N/A
2024-08-07,1 8 16 21 36 46,,N/A
2024-08-05,8 12 22 24 43 48,,N/A
2024-08-03,6 11 12 28 40 43,,N/A
2024-07-31,7 31 32 33 38 43,,N/A
2024-07-29,1 4 6 7 32 33,,N/A
2024-07-27,3 7 16 19 28 34,,N/A
2024-07-24,5 9 14 27 31 38,,N/A
2024-07-22,4 6 18 34 41 45,,N/A
2024-07-20,8 27 33 34 41 42,,N/A
2024-07-17,15 27 30 37 38 42,,N/A
2024-07-15,8 24 31 33 42 44,,N/A
2024-07-13,3 5 26 27 41 43,,N/A
2024-07-10,9 21 27 36 45 46,,N/A
2024-07-08,11 15 26 42 45 49,,N/A
2024-07-06,3 4 24 30 33 34,,N/A
2024-07-03,15 21 31 35 43 49,,N/A
2024-07-01,15 16 27 39 40 45,,N/A
2024-06-29,1 13 14 31 45 49,,N/A
2024-06-26,3 6 8 13 30 40,,N/A
2024-06-24,5 12 19 30 32 48,,N/A
2024-06-22,11 18 26 33 38 46,,N/A
2024-06-19,9 14 17 20 38 39,,N/A
2024-06-17,9 13 16 40 47 48,,N/A
2024-06-15,2 7 8 10 23 26,,N/A
2024-06-12,16 24 28 33 37 39,,N/A
2024-06-10,1 9 13 15 20 28,,N/A
2024-06-08,3 16 32 36 39 43,,N/A
2024-06-05,20 35 39 42 44 47,,N/A
2024-06-03,1 16 17 23 33 34,,N/A
2024-06-01,3 12 19 21 34 44,,N/A
2024-05-29,7 15 21 23 36 44,,N/A
2024-05-27,2 3 18 22 33 49,,N/A
2024-05-25,1 14 16 21 33 34,,N/A
2024-05-22,2 16 23 33 34 38,,N/A
2024-05-20,1 9 11 16 35 40,,N/A
2024-05-18,1 5 13 14 26 35,,N/A
2024-05-15,23 24 31 38 42 49,,N/A
2024-05-13,10 12 18 40 41 45,,N/A
2024-05-11,5 6 23 29 36 47,,N/A
2024-05-08,12 28 34 36 39 49,,N/A
2024-05-06,6 9 15 16 27 35,,N/A
2024-05-04,5 10 22 45 47 48,,N/A
2024-05-01,8 14 33 41 42 48,,N/A
2024-04-29,2 13 23 29 37 39,,N/A
2024-04-27,16 33 36 37 39 47,,N/A
2024-04-24,16 17 18 19 30 48,,N/A
2024-04-22,5 9 11 17 21 33,,N/A
2024-04-20,6 10 23 24 35 41,,N/A
2024-04-17,1 10 12 19 22 36,,N/A
2024-04-15,1 9 14 16 18 42,,N/A
2024-04-13,10 18 31 34 38 42,,N/A
2024-04-10,6 22 25 36 38 47,,N/A
2024-04-08,7 20 21 25 39 49,,N/A
2024-04-06,26 29 33 35 46 49,,N/A
2024-04-03,3 11 31 33 35 45,,N/A
2024-04-01,2 14 16 19 23 41,,N/A
2024-03-30,3 5 7 11 38 49,,N/A
2024-03-27,8 11 16 28 36 38,,N/A
2024-03-25,19 22 25 39 41 43,,N/A
2024-03-23,3 4 7 27 35 46,,N/A
2024-03-20,6 23 29 35 42 44,,N/A
2024-03-18,2 15 23 29 31 34,,N/A
2024-03-16,9 10 27 37 45 48,,N/A
2024-03-13,3 19 20 22 31 37,,N/A
2024-03-11,1 36 38 41 42 46,,N/A
2024-03-09,8 20 31 37 39 45,,N/A
2024-03-06,4 6 17 25 34 47,,N/A
2024-03-04,10 14 15 23 33 48,,N/A
2024-03-02,4 6 16 31 44 48,,N/A
2024-02-28,3 4 13 30 33 43,,N/A
2024-02-26,1 18 25 32 35 42,,N/A
2024-02-24,14 15 26 33 36 39,,N/A
2024-02-21,7 23 28 39 43 48,,N/A
2024-02-19,8 10 18 20 25 45,,N/A
2024-02-17,15 16 28 30 48 49,,N/A
2024-02-14,12 13 16 31 37 45,,N/A
2024-02-12,17 18 20 23 25 29,,N/A
2024-02-10,3 7 12 24 34 38,,N/A
2024-02-07,3 23 30 35 37 38,,N/A
2024-02-05,16 18 20 22 23 37,,N/A
2024-02-03,17 21 23 30 32 43,,N/A
2024-01-31,6 22 26 30 34 42,,N/A
2024-01-29,1 3 33 39 41 43,,N/A
2024-01-27,9 10 16 21 23 32,,N/A
2024-01-24,3 10 15 25 35 40,,N/A
2024-01-22,10 22 32 36 40 45,,N/A
2024-01-20,1 5 27 31 42 46,,N/A
2024-01-17,9 10 11 32 41 42,,N/A
2024-01-15,8 12 16 20 43 45,,N/A
2024-01-13,9 11 18 20 24 26,,N/A
2024-01-10,1 4 12 15 20 37,,N/A
2024-01-08,9 14 23 29 32 46,,N/A
2024-01-06,1 3 15 32 39 49,,N/A
2024-01-03,11 18 19 31 37 49,,N/A
2024-01-01,3 10 12 37 39 41,,N/A
2023-12-30,2 4 23 31 43 45,,N/A
2023-12-27,20 28 33 46 47 48,,N/A
2023-12-25,16 27 28 29 35 36,,N/A
2023-12-23,12 14 19 32 42 45,,N/A
2023-12-20,2 5 10 11 34 39,,N/A
2023-12-18,13 16 18 29 36 38,,N/A
2023-12-16,23 24 27 39 40 42,,N/A
2023-12-13,7 16 39 44 47 49,,N/A
2023-12-11,3 4 21 28 37 40,,N/A
2023-12-09,3 14 16 19 21 33,,N/A
2023-12-06,6 18 22 33 36 47,,N/A
2023-12-04,17 38 42 43 46 49,,N/A
2023-12-02,5 13 14 20 23 39,,N/A
2023-11-29,1 6 25 41 43 47,,N/A
2023-11-27,13 15 22 27 43 46,,N/A
2023-11-25,2 14 29 31 35 49,,N/A
2023-11-22,11 18 28 30 37 45,,N/A
2023-11-20,5 16 28 30 34 38,,N/A
2023-11-18,4 20 24 36 39 45,,N/A
2023-11-15,2 6 10 22 33 41,,N/A
2023-11-13,6 9 10 17 45 48,,N/A
2023-11-11,15 24 29 32 35 42,,N/A
2023-11-08,3 16 26 31 34 41,,N/A
2023-11-06,10 19 31 41 42 49,,N/A
2023-11-04,1 10 19 34 36 40,,N/A
2023-11-01,3 20 21 29 30 44,,N/A
2023-10-30,8 34 40 44 45 46,,N/A
2023-10-28,14 20 37 41 42 46,,N/A
2023-10-25,1 6 8 18 28 39,,N/A
2023-10-23,13 15 17 24 25 35,,N/A
2023-10-21,3 6 25 27 39 43,,N/A
2023-10-18,7 17 25 32 33 44,,N/A
2023-10-16,11 18 19 28 32 40,,N/A
2023-10-14,6 13 20 27 30 32,,N/A
2023-10-11,6 10 15 19 20 48,,N/A
2023-10-09,10 30 31 34 39 41,,N/A
2023-10-07,14 21 27 29 41 48,,N/A
2023-10-04,5 10 18 27 30 42,,N/A
2023-10-02,2 7 11 15 27 40,,N/A
2023-09-30,3 13 22 28 30 40,,N/A
2023-09-27,1 11 16 17 19 48,,N/A
2023-09-25,4 5 19 22 40 47,,N/A
2023-09-23,7 8 12 13 24 48,,N/A
2023-09-20,8 29 31 42 43 45,,N/A
2023-09-18,6 22 27 35 37 46,,N/A
2023-09-16,2 17 26 38 40 45,,N/A
2023-09-13,1 9 10 16 22 24,,N/A
2023-09-11,1 9 14 18 21 44,,N/A
2023-09-09,14 17 20 39 40 43,,N/A
2023-09-06,11 21 25 26 41 43,,N/A
2023-09-04,12 16 17 33 42 44,,N/A
2023-09-02,4 5 6 17 18 19,,N/A
2023-08-30,12 18 21 26 31 42,,N/A
2023-08-28,12 16 23 26 34 45,,N/A
2023-08-26,9 10 23 30 40 46,,N/A
2023-08-23,2 20 23 30 43 48,,N/A
2023-08-21,7 11 23 24 25 36,,N/A
2023-08-19,17 18 19 22 25 36,,N/A
2023-08-16,3 5 11 19 38 45,,N/A
2023-08-14,7 11 19 37 44 45,,N/A
2023-08-12,4 8 16 32 37 43,,N/A
2023-08-09,11 15 26 29 30 35,,N/A
2023-08-07,2 9 14 17 29 47,,N/A
2023-08-05,7 14 23 31 47 49,,N/A
2023-08-02,21 25 33 35 45 46,,N/A
2023-07-31,3 6 19 21 23 49,,N/A
2023-07-29,6 16 33 36 37 43,,N/A
2023-07-26,7 17 27 34 37 41,,N/A
2023-07-24,3 5 6 18 47 49,,N/A
2023-07-22,1 9 23 26 43 46,,N/A
2023-07-19,15 23 27 38 44 46,,N/A
2023-07-17,8 15 30 35 39 46,,N/A
2023-07-15,5 8 12 28 29 38,,N/A
2023-07-12,6 18 26 32 34 44,,N/A
2023-07-10,1 5 16 35 40 45,,N/A
2023-07-08,2 3 16 20 40 47,,N/A
2023-07-05,8 15 32 40 42 47,,N/A
2023-07-03,1 5 20 28 39 45,,N/A
2023-07-01,11 22 36 38 39 45,,N/A
2023-06-28,6 15 17 22 36 37,,N/A
2023-06-26,8 11 14 15 19 42,,N/A
2023-06-24,2 14 31 39 40 42,,N/A
2023-06-21,8 10 18 21 30 46,,N/A
2023-06-19,31 32 33 35 36 45,,N/A
2023-06-17,11 16 25 31 44 45,,N/A
2023-06-14,1 2 18 32 40 49,,N/A
2023-06-12,16 17 35 37 39 43,,N/A
2023-06-10,1 4 9 24 34 38,,N/A
2023-06-07,5 17 24 40 45 46,,N/A
2023-06-05,12 14 25 29 34 49,,N/A
2023-06-03,1 14 22 30 32 36,,N/A
2023-05-31,8 11 23 25 27 49,,N/A
2023-05-29,12 13 16 29 32 42,,N/A
2023-05-27,14 18 23 29 33 39,,N/A
2023-05-24,10 11 15 46 47 49,,N/A
2023-05-22,3 22 27 38 41 49,,N/A
2023-05-20,14 15 23 24 26 28,,N/A
2023-05-17,7 21 30 34 43 49,,N/A
2023-05-15,5 8 19 29 36 37,,N/A
2023-05-13,4 23 26 37 45 47,,N/A
2023-05-10,15 25 32 42 47 48,,N/A
2023-05-08,9 13 18 22 27 47,,N/A
2023-05-06,2 3 10 28 33 41,,N/A
2023-05-03,2 16 18 29 30 32,,N/A
2023-05-01,5 8 21 27 38 41,,N/A
2023-04-29,11 18 20 27 39 47,,N/A
2023-04-26,6 7 13 25 41 44,,N/A
2023-04-24,13 18 20 22 39 43,,N/A
2023-04-22,2 9 15 22 24 37,,N/A
2023-04-19,24 25 30 36 37 40,,N/A
2023-04-17,3 7 9 12 39 45,,N/A
2023-04-15,3 6 28 29 44 46,,N/A
2023-04-12,10 12 36 39 40 45,,N/A
2023-04-10,5 20 25 42 43 47,,N/A
2023-04-08,24 26 27 36 37 42,,N/A
2023-04-05,1 7 13 20 47 49,,N/A
2023-04-03,11 16 20 25 40 48,,N/A
2023-04-01,4 11 20 29 35 38,,N/A
2023-03-29,3 12 23 26 35 42,,N/A
2023-03-27,8 9 21 27 39 47,,N/A
2023-03-25,2 11 17 34 41 45,,N/A
2023-03-22,5 9 24 28 35 39,,N/A
2023-03-20,5 17 29 31 42 47,,N/A
2023-03-18,7 17 31 35 41 45,,N/A
2023-03-15,2 11 12 22 38 45,,N/A
2023-03-13,1 6 9 29 44 46,,N/A
2023-03-11,8 9 22 30 39 43,,N/A
2023-03-08,2 6 14 15 32 40,,N/A
2023-03-06,1 3 14 26 37 48,,N/A
2023-03-04,2 3 15 19 37 40,,N/A
2023-03-01,4 13 36 40 43 44,,N/A
2023-02-27,4 7 11 13 16 46,,N/A
2023-02-25,6 10 28 43 44 46,,N/A
2023-02-22,1 16 18 27 38 48,,N/A
2023-02-20,20 27 29 31 45 49,,N/A
2023-02-18,13 19 24 26 32 33,,N/A
2023-02-15,8 31 34 35 38 39,,N/A
2023-02-13,12 16 24 26 35 48,,N/A
2023-02-11,2 21 27 30 34 49,,N/A
2023-02-08,2 17 18 23 28 35,,N/A
2023-02-06,11 13 19 20 44 46,,N/A
2023-02-04,20 24 25 33 36 49,,N/A
2023-02-01,2 5 15 29 43 49,,N/A
2023-01-30,2 21 22 30 42 45,,N/A
2023-01-28,8 29 30 36 39 46,,N/A
2023-01-25,7 20 24 38 40 42,,N/A
2023-01-23,8 17 18 21 46 47,,N/A
2023-01-21,2 26 27 30 35 43,,N/A
2023-01-18,2 13 15 18 29 40,,N/A
2023-01-16,2 6 8 23 36 46,,N/A
2023-01-14,11 14 35 37 47 49,,N/A
2023-01-11,6 10 13 21 30 47,,N/A
2023-01-09,20 26 31 34 38 43,,N/A
2023-01-07,3 4 8 24 31 34,,N/A
2023-01-04,4 12 17 25 40 49,,N/A
2023-01-02,8 10 23 24 39 41,,N/A
2022-12-31,3 6 19 25 43 48,,N/A
2022-12-28,13 22 27 31 36 43,,N/A
2022-12-26,5 16 19 21 28 47,,N/A
2022-12-24,2 4 26 28 33 35,,N/A
2022-12-21,1 6 27 28 42 48,,N/A
2022-12-19,15 21 24 28 44 49,,N/A
2022-12-17,10 21 23 27 40 44,,N/A
2022-12-14,4 7 29 34 46 49,,N/A
2022-12-12,2 8 16 39 41 49,,N/A
2022-12-10,18 28 38 41 43 48,,N/A
2022-12-07,5 8 9 14 16 32,,N/A
2022-12-05,8 12 21 23 26 32,,N/A
2022-12-03,6 7 10 12 36 38,,N/A
2022-11-30,10 24 26 28 40 47,,N/A
2022-11-28,20 34 39 41 42 44,,N/A
2022-11-26,23 28 35 37 43 46,,N/A
2022-11-23,6 7 8 18 46 49,,N/A
2022-11-21,1 4 6 20 25 29,,N/A
2022-11-19,2 5 10 35 45 48,,N/A
2022-11-16,7 28 39 40 41 44,,N/A
2022-11-14,17 22 24 32 37 43,,N/A
2022-11-12,2 12 20 27 40 49,,N/A
2022-11-09,11 14 18 22 27 32,,N/A
2022-11-07,6 14 35 39 46 47,,N/A
2022-11-05,1 3 5 25 30 41,,N/A
2022-11-02,28 36 37 42 43 49,,N/A
2022-10-31,14 21 26 31 35 49,,N/A
2022-10-29,3 7 9 24 36 37,,N/A
2022-10-26,10 20 42 44 47 49,,N/A
2022-10-24,15 23 34 35 37 49,,N/A
2022-10-22,2 11 13 21 24 46,,N/A
2022-10-19,31 32 33 36 42 49,,N/A
2022-10-17,12 19 25 29 36 37,,N/A
2022-10-15,1 8 9 17 28 38,,N/A
2022-10-12,2 14 25 38 45 46,,N/A
2022-10-10,9 15 21 31 34 39,,N/A
2022-10-08,1 2 36 42 44 45,,N/A
2022-10-05,6 14 18 28 30 44,,N/A
2022-10-03,1 4 26 34 43 49,,N/A
2022-10-01,8 12 16 19 39 41,,N/A
2022-09-28,14 24 26 29 31 32,,N/A
2022-09-26,4 13 21 30 40 49,,N/A
2022-09-24,2 12 20 24 32 45,,N/A
2022-09-21,9 10 14 28 41 42,,N/A
2022-09-19,11 21 28 33 36 39,,N/A
2022-09-17,5 6 11 22 23 38,,N/A
2022-09-14,1 2 3 4 13 37,,N/A
2022-09-12,18 19 27 38 41 44,,N/A
2022-09-10,12 22 33 36 37 45,,N/A
2022-09-07,7 14 22 40 47 49,,N/A
2022-09-05,1 7 15 26 27 46,,N/A
2022-09-03,14 15 39 45 47 48,,N/A
2022-08-31,6 11 20 26 34 39,,N/A
2022-08-29,1 8 16 32 41 49,,N/A
2022-08-27,2 9 17 21 22 31,,N/A
2022-08-24,3 14 21 26 39 45,,N/A
2022-08-22,13 17 20 24 28 42,,N/A
2022-08-20,1 7 13 28 40 45,,N/A
2022-08-17,3 5 14 29 31 39,,N/A
2022-08-15,1 11 31 32 36 39,,N/A
2022-08-13,3 6 35 38 42 48,,N/A
2022-08-10,8 14 18 22 28 46,,N/A
2022-08-08,24 32 35 38 39 47,,N/A
2022-08-06,11 16 21 31 39 48,,N/A
2022-08-03,4 14 18 33 44 46,,N/A
2022-08-01,1 6 12 22 29 30,,N/A
2022-07-30,8 10 22 40 42 45,,N/A
2022-07-27,4 12 41 42 47 49,,N/A
2022-07-25,5 16 18 30 32 36,,N/A
2022-07-23,2 3 8 23 32 38,,N/A
2022-07-20,4 6 13 19 35 49,,N/A
2022-07-18,5 8 11 21 37 38,,N/A
2022-07-16,1 14 19 32 38 49,,N/A
2022-07-13,4 9 12 13 14 41,,N/A
2022-07-11,3 30 35 36 40 41,,N/A
2022-07-09,1 10 23 24 25 32,,N/A
2022-07-06,7 18 29 31 40 43,,N/A
2022-07-04,6 10 18 26 39 42,,N/A
2022-07-02,9 12 15 30 35 39,,N/A
2022-06-29,8 12 16 22 36 44,,N/A
2022-06-27,7 12 34 35 37 48,,N/A
2022-06-25,12 31 34 35 40 46,,N/A
2022-06-22,7 13 15 43 48 49,,N/A
2022-06-20,13 20 23 27 35 42,,N/A
2022-06-18,12 20 33 34 43 46,,N/A
2022-06-15,6 14 19 21 34 45,,N/A
2022-06-13,2 6 16 23 31 34,,N/A
2022-06-11,13 25 26 27 35 36,,N/A
2022-06-08,5 7 9 14 31 34,,N/A
2022-06-06,8 15 30 31 39 42,,N/A
2022-06-04,5 10 18 24 28 33,,N/A
2022-06-01,6 9 10 14 17 49,,N/A
2022-05-30,7 19 29 31 37 49,,N/A
2022-05-28,16 19 25 26 44 48,,N/A
2022-05-25,10 18 22 31 40 49,,N/A
2022-05-23,20 24 25 31 33 40,,N/A
2022-05-21,10 11 16 34 39 49,,N/A
2022-05-18,1 7 17 20 34 43,,N/A
2022-05-16,2 19 20 22 41 49,,N/A
2022-05-14,13 18 19 22 35 40,,N/A
2022-05-11,8 16 29 31 35 48,,N/A
2022-05-09,8 9 10 14 22 44,,N/A
2022-05-07,4 11 12 17 23 49,,N/A
2022-05-04,1 13 14 16 38 47,,N/A
2022-05-02,6 10 23 24 32 42,,N/A
2022-04-30,8 15 17 40 42 46,,N/A
2022-04-27,1 17 28 32 41 48,,N/A
2022-04-25,2 31 34 40 42 45,,N/A
2022-04-23,2 7 18 34 36 38,,N/A
2022-04-20,5 10 13 29 39 48,,N/A
2022-04-18,1 2 16 20 43 46,,N/A
2022-04-16,11 14 21 31 33 43,,N/A
2022-04-13,1 2 4 34 42 44,,N/A
2022-04-11,7 14 20 31 32 34,,N/A
2022-04-09,3 11 20 21 22 34,,N/A
2022-04-06,10 13 16 26 33 37,,N/A
2022-04-04,5 8 10 16 22 39,,N/A
2022-04-02,4 17 24 25 31 40,,N/A
2022-03-30,5 12 13 26 28 35,,N/A
2022-03-28,2 4 15 19 26 27,,N/A
2022-03-26,3 5 16 30 43 46,,N/A
2022-03-23,5 11 23 31 33 34,,N/A
2022-03-21,11 26 34 35 40 46,,N/A
2022-03-19,22 28 31 37 42 45,,N/A
2022-03-16,2 14 43 44 45 46,,N/A
2022-03-14,6 15 16 32 42 43,,N/A
2022-03-12,6 24 32 34 44 45,,N/A
2022-03-09,5 23 39 42 47 48,,N/A
2022-03-07,4 5 27 31 37 44,,N/A
2022-03-05,21 23 27 29 46 49,,N/A
2022-03-02,6 8 10 25 28 48,,N/A
2022-02-28,9 18 34 35 38 45,,N/A
2022-02-26,1 10 16 20 23 36,,N/A
2022-02-23,2 13 22 25 35 47,,N/A
2022-02-21,3 13 32 36 40 43,,N/A
2022-02-19,1 12 22 29 32 49,,N/A
2022-02-16,15 16 18 20 32 37,,N/A
2022-02-14,13 15 19 27 30 40,,N/A
2022-02-12,10 22 23 31 42 49,,N/A
2022-02-09,8 11 23 38 41 46,,N/A
2022-02-07,13 35 38 39 41 48,,N/A
2022-02-05,1 4 15 32 40 43,,N/A
2022-02-02,23 28 35 37 38 40,,N/A
2022-01-31,4 7 21 28 33 46,,N/A
2022-01-29,2 9 20 38 39 42,,N/A
2022-01-26,8 17 30 32 33 49,,N/A
2022-01-24,4 15 19 26 37 45,,N/A
2022-01-22,4 10 14 15 22 29,,N/A
2022-01-19,8 9 26 32 35 48,,N/A
2022-01-17,4 21 31 33 39 49,,N/A
2022-01-15,9 30 34 43 45 47,,N/A
2022-01-12,13 16 32 36 40 46,,N/A
2022-01-10,2 4 15 27 35 37,,N/A
2022-01-08,6 31 37 41 42 47,,N/A
2022-01-05,9 12 13 18 20 24,,N/A
2022-01-03,9 20 21 22 26 36,,N/A
2022-01-01,4 14 22 35 45 47,,N/A
2021-12-29,8 11 13 33 38 47,,N/A
2021-12-27,6 7 17 35 36 45,,N/A
2021-12-25,17 20 22 29 42 46,,N/A
2021-12-22,11 12 19 20 34 43,,N/A
2021-12-20,2 13 25 36 37 45,,N/A
2021-12-18,6 14 24 27 36 47,,N/A
2021-12-15,4 10 11 34 39 43,,N/A
2021-12-13,9 13 27 29 42 43,,N/A
2021-12-11,7 13 15 24 32 37,,N/A
2021-12-08,21 23 35 41 43 49,,N/A
2021-12-06,6 10 28 34 45 49,,N/A
2021-12-04,8 16 20 31 38 45,,N/A
2021-12-01,4 7 15 17 23 42,,N/A
2021-11-29,4 6 17 24 32 33,,N/A
2021-11-27,13 23 43 44 47 49,,N/A
2021-11-24,13 20 24 26 34 36,,N/A
2021-11-22,4 22 24 34 35 48,,N/A
2021-11-20,21 25 27 33 36 46,,N/A
2021-11-17,1 7 10 36 44 46,,N/A
2021-11-15,7 10 23 39 41 43,,N/A
2021-11-13,1 19 32 37 45 48,,N/A
2021-11-10,10 11 21 29 33 46,,N/A
2021-11-08,8 16 17 23 38 46,,N/A
2021-11-06,10 25 28 31 39 45,,N/A
2021-11-03,19 26 30 33 36 37,,N/A
2021-11-01,7 11 19 20 21 43,,N/A
2021-10-30,6 8 24 27 37 41,,N/A
2021-10-27,11 24 27 32 44 45,,N/A
2021-10-25,2 20 27 46 47 49,,N/A
2021-10-23,3 4 12 14 34 46,,N/A
2021-10-20,8 12 30 35 37 40,,N/A
2021-10-18,9 11 23 24 45 49,,N/A
2021-10-16,2 4 23 39 41 47,,N/A
2021-10-13,20 29 31 36 39 45,,N/A
2021-10-11,2 6 26 32 34 45,,N/A
2021-10-09,12 14 23 34 39 45,,N/A
2021-10-06,6 18 23 24 29 30,,N/A
2021-10-04,6 15 19 24 26 45,,N/A
2021-10-02,15 22 26 30 44 49,,N/A
2021-09-29,3 17 20 21 36 41,,N/A
2021-09-27,3 8 10 37 40 43,,N/A
2021-09-25,10 12 15 17 24 33,,N/A
2021-09-22,6 15 17 22 24 33,,N/A
2021-09-20,2 11 26 39 45 47,,N/A
2021-09-18,9 19 22 26 27 33,,N/A
2021-09-15,2 9 18 21 35 37,,N/A
2021-09-13,12 18 23 29 38 42,,N/A
2021-09-11,3 19 29 30 41 49,,N/A
2021-09-08,2 7 20 25 36 43,,N/A
2021-09-06,4 7 18 24 27 45,,N/A
2021-09-04,1 12 16 39 46 47,,N/A
2021-09-01,4 12 24 28 30 42,,N/A
2021-08-30,9 11 18 34 42 45,,N/A
2021-08-28,1 10 12 13 30 40,,N/A
2021-08-25,9 32 36 45 47 48,,N/A
2021-08-23,7 10 27 29 41 48,,N/A
2021-08-21,16 19 22 24 30 47,,N/A
2021-08-18,6 7 9 21 25 27,,N/A
2021-08-16,10 14 16 21 36 44,,N/A
2021-08-14,5 30 40 44 46 47,,N/A
2021-08-11,5 6 7 37 41 48,,N/A
2021-08-09,4 27 29 32 40 45,,N/A
2021-08-07,3 8 10 24 31 46,,N/A
2021-08-04,5 11 16 23 41 46,,N/A
2021-08-02,5 11 26 35 36 41,,N/A
2021-07-31,6 13 31 41 45 48,,N/A
2021-07-28,1 3 17 29 36 39,,N/A
2021-07-26,7 14 16 22 23 29,,N/A
2021-07-24,7 24 26 27 30 44,,N/A
2021-07-21,6 7 8 12 40 42,,N/A
2021-07-19,4 16 17 28 35 45,,N/A
2021-07-17,2 6 11 20 26 39,,N/A
2021-07-14,6 8 26 29 33 43,,N/A
2021-07-12,2 8 17 22 36 37,,N/A
2021-07-10,17 22 25 29 34 38,,N/A
2021-07-07,5 11 22 35 39 49,,N/A
2021-07-05,4 5 12 13 27 48,,N/A
2021-07-03,1 7 22 31 46 48,,N/A
2021-06-30,6 14 23 24 26 46,,N/A
2021-06-28,4 5 7 18 19 35,,N/A
2021-06-26,3 12 17 23 25 46,,N/A
2021-06-23,13 16 30 32 48 49,,N/A
2021-06-21,9 12 31 33 45 47,,N/A
2021-06-19,5 17 21 24 39 40,,N/A
2021-06-16,15 19 27 33 42 45,,N/A
2021-06-14,12 14 17 18 23 28,,N/A
2021-06-12,12 28 29 30 40 41,,N/A
2021-06-09,16 27 31 38 41 48,,N/A
2021-06-07,4 12 15 22 30 46,,N/A
2021-06-05,9 37 38 39 42 49,,N/A
2021-06-02,6 9 10 12 16 35,,N/A
2021-05-31,4 10 20 23 44 46,,N/A
2021-05-29,18 19 27 28 40 49,,N/A
2021-05-26,5 10 11 17 28 47,,N/A
2021-05-24,1 14 19 40 46 47,,N/A
2021-05-22,3 22 33 35 36 37,,N/A
2021-05-19,6 11 39 41 45 48,,N/A
2021-05-17,2 27 28 32 40 49,,N/A
2021-05-15,2 13 15 29 42 48,,N/A
2021-05-12,10 21 22 30 31 37,,N/A
2021-05-10,5 8 18 20 43 48,,N/A
2021-05-08,1 8 19 31 46 49,,N/A
2021-05-05,9 23 27 31 32 47,,N/A
2021-05-03,10 28 33 38 41 42,,N/A
2021-05-01,15 25 26 37 48 49,,N/A
2021-04-28,3 5 17 33 35 49,,N/A
2021-04-26,7 11 18 26 30 32,,N/A
2021-04-24,3 20 32 35 37 42,,N/A
2021-04-21,8 10 17 27 32 42,,N/A
2021-04-19,5 11 14 28 33 34,,N/A
2021-04-17,11 22 25 37 41 43,,N/A
2021-04-14,7 10 16 25 47 48,,N/A
2021-04-12,1 8 21 31 32 35,,N/A
2021-04-10,1 22 27 30 31 44,,N/A
2021-04-07,11 14 17 18 22 31,,N/A
2021-04-05,3 10 11 12 34 46,,N/A
2021-04-03,2 3 12 13 20 30,,N/A
2021-03-31,11 15 29 38 39 43,,N/A
2021-03-29,6 7 16 20 31 48,,N/A
2021-03-27,5 11 18 33 46 48,,N/A
2021-03-24,17 25 28 36 37 49,,N/A
2021-03-22,3 19 33 37 42 43,,N/A
2021-03-20,9 25 27 33 39 49,,N/A
2021-03-17,4 27 29 43 46 48,,N/A
2021-03-15,2 15 17 22 23 40,,N/A
2021-03-13,2 6 18 22 37 44,,N/A
2021-03-10,7 22 29 34 39 41,,N/A
2021-03-08,2 10 17 29 42 48,,N/A
2021-03-06,11 12 27 32 42 44,,N/A
2021-03-03,3 20 28 32 36 38,,N/A
2021-03-01,4 8 22 35 39 49,,N/A
2021-02-27,5 19 31 35 46 49,,N/A
2021-02-24,4 24 29 33 35 49,,N/A
2021-02-22,14 21 31 37 38 47,,N/A
2021-02-20,14 16 25 28 31 32,,N/A
2021-02-17,3 20 28 29 35 45,,N/A
2021-02-15,5 19 21 26 35 38,,N/A
2021-02-13,3 6 10 18 22 43,,N/A
2021-02-10,20 24 26 36 45 48,,N/A
2021-02-08,3 5 6 35 36 43,,N/A
2021-02-06,19 22 28 44 45 49,,N/A
2021-02-03,1 2 12 14 17 43,,N/A
2021-02-01,14 15 17 20 29 34,,N/A
2021-01-30,14 18 32 36 37 47,,N/A
2021-01-27,10 20 21 26 37 45,,N/A
2021-01-25,4 9 20 33 40 41,,N/A
2021-01-23,5 12 38 40 43 44,,N/A
2021-01-20,4 10 16 31 37 40,,N/A
2021-01-18,8 13 23 24 25 40,,N/A
2021-01-16,6 11 12 22 41 43,,N/A
2021-01-13,18 20 24 30 37 45,,N/A
2021-01-11,3 8 27 42 45 46,,N/A
2021-01-09,4 28 31 34 36 46,,N/A
2021-01-06,2 12 20 43 46 48,,N/A
2021-01-04,2 16 23 24 30 36,,N/A
2021-01-02,4 7 8 13 22 37,,N/A
2020-12-30,2 8 10 14 31 47,,N/A
2020-12-28,7 13 23 35 43 45,,N/A
2020-12-26,1 10 23 24 30 38,,N/A
2020-12-23,2 8 11 12 15 34,,N/A
2020-12-21,4 18 22 28 34 39,,N/A
2020-12-19,1 6 20 35 42 46,,N/A
2020-12-16,10 11 14 24 34 44,,N/A
2020-12-14,16 31 41 42 48 49,,N/A
2020-12-12,5 14 15 17 22 38,,N/A
2020-12-09,4 6 7 27 28 47,,N/A
2020-12-07,3 12 19 39 44 48,,N/A
2020-12-05,8 13 15 17 37 41,,N/A
2020-12-02,14 25 41 42 44 47,,N/A
2020-11-30,15 23 26 28 42 48,,N/A
2020-11-28,5 16 21 23 27 36,,N/A
2020-11-25,11 18 25 35 46 49,,N/A
2020-11-23,14 15 18 34 37 40,,N/A
2020-11-21,6 8 11 14 25 37,,N/A
2020-11-18,3 35 38 43 48 49,,N/A
2020-11-16,6 16 18 27 40 47,,N/A
2020-11-14,6 17 18 23 44 46,,N/A
2020-11-11,5 21 31 35 44 45,,N/A
2020-11-09,6 7 9 11 34 43,,N/A
2020-11-07,3 18 23 26 34 43,,N/A
2020-11-04,5 21 29 36 39 49,,N/A
2020-11-02,6 7 15 30 32 40,,N/A
2020-10-31,4 8 16 20 28 37,,N/A
2020-10-28,3 5 16 18 23 33,,N/A
2020-10-26,4 10 28 31 32 38,,N/A
2020-10-24,13 22 32 39 40 42,,N/A
2020-10-21,3 5 12 17 22 33,,N/A
2020-10-19,4 5 12 13 34 40,,N/A
2020-10-17,7 12 20 25 34 45,,N/A
2020-10-14,14 16 25 35 43 45,,N/A
2020-10-12,9 10 13 21 30 42,,N/A
2020-10-10,15 20 26 31 43 46,,N/A
2020-10-07,7 8 11 33 35 45,,N/A
2020-10-05,7 16 25 37 39 43,,N/A
2020-10-03,7 14 21 33 46 47,,N/A
2020-09-30,9 10 30 32 34 48,,N/A
2020-09-28,9 11 24 25 28 34,,N/A
2020-09-26,1 15 19 21 23 38,,N/A
2020-09-23,6 14 15 20 40 47,,N/A
2020-09-21,12 18 29 31 41 47,,N/A
2020-09-19,13 15 18 21 27 35,,N/A
2020-09-16,1 5 15 19 38 40,,N/A
2020-09-14,2 7 26 28 39 44,,N/A
2020-09-12,1 13 17 31 39 43,,N/A
2020-09-09,5 16 33 40 44 45,,N/A
2020-09-07,2 14 15 28 30 39,,N/A
2020-09-05,10 17 22 29 40 41,,N/A
2020-09-02,9 11 20 26 35 45,,N/A
2020-08-31,4 8 20 25 45 46,,N/A
2020-08-29,7 8 18 20 35 39,,N/A
2020-08-26,3 13 26 29 32 47,,N/A
2020-08-24,4 19 23 29 36 48,,N/A
2020-08-22,7 8 23 26 30 31,,N/A
2020-08-19,8 9 26 32 39 47,,N/A
2020-08-17,17 21 23 26 28 40,,N/A
2020-08-15,6 17 31 32 35 37,,N/A
2020-08-12,4 5 8 24 40 49,,N/A
2020-08-10,7 12 16 33 42 49,,N/A
2020-08-08,10 23 26 29 41 47,,N/A
2020-08-05,7 14 20 30 31 39,,N/A
2020-08-03,12 22 24 27 30 40,,N/A
2020-08-01,7 8 20 24 45 47,,N/A
2020-07-29,7 18 23 31 37 48,,N/A
2020-07-27,5 9 11 19 23 29,,N/A
2020-07-25,9 24 31 35 38 43,,N/A
2020-07-22,16 20 27 30 35 39,,N/A
2020-07-20,13 17 30 33 37 39,,N/A
2020-07-18,10 15 28 32 33 47,,N/A
2020-07-15,7 9 12 13 19 36,,N/A
2020-07-13,2 31 40 41 42 47,,N/A
2020-07-11,6 22 29 41 42 48,,N/A
2020-07-08,29 31 33 36 43 45,,N/A
2020-07-06,7 23 28 35 39 49,,N/A
2020-07-04,4 5 9 29 34 41,,N/A
2020-07-01,9 10 12 19 35 43,,N/A
2020-06-29,5 6 12 17 19 47,,N/A
2020-06-27,3 18 27 32 35 40,,N/A
2020-06-24,3 6 32 39 41 43,,N/A
2020-06-22,2 12 25 26 31 32,,N/A
2020-06-20,4 6 9 32 39 40,,N/A
2020-06-17,12 19 23 32 41 49,,N/A
2020-06-15,12 14 15 25 28 31,,N/A
2020-06-13,4 12 26 31 39 49,,N/A
2020-06-10,7 8 16 41 42 45,,N/A
2020-06-08,9 12 30 38 40 43,,N/A
2020-06-06,7 10 14 25 38 41,,N/A
2020-06-03,4 12 24 28 46 48,,N/A
2020-06-01,12 13 16 18 23 48,,N/A
2020-05-30,12 15 29 36 44 49,,N/A
2020-05-27,8 24 25 29 33 44,,N/A
2020-05-25,6 8 25 35 42 46,,N/A
2020-05-23,5 21 23 33 37 42,,N/A
2020-05-20,7 10 24 34 37 45,,N/A
2020-05-18,16 29 32 33 35 43,,N/A
2020-05-16,11 12 16 32 41 45,,N/A
2020-05-13,15 18 22 29 43 46,,N/A
2020-05-11,5 7 10 15 21 43,,N/A
2020-05-09,1 4 13 19 26 30,,N/A
2020-05-06,12 14 15 18 31 43,,N/A
2020-05-04,2 6 30 31 40 42,,N/A
2020-05-02,5 34 38 41 44 45,,N/A
2020-04-29,3 23 26 33 42 45,,N/A
2020-04-27,8 9 11 28 37 43,,N/A
2020-04-25,8 13 15 32 36 38,,N/A
2020-04-22,1 23 25 29 41 45,,N/A
2020-04-20,1 3 5 7 31 39,,N/A
2020-04-18,3 5 13 16 28 34,,N/A
2020-04-15,5 14 16 42 47 49,,N/A
2020-04-13,9 23 26 28 30 48,,N/A
2020-04-11,2 3 11 12 16 28,,N/A
2020-04-08,7 14 16 19 27 49,,N/A
2020-04-06,6 24 33 41 44 49,,N/A
2020-04-04,1 3 15 26 35 43,,N/A
2020-04-01,4 18 24 26 42 44,,N/A
2020-03-30,9 14 30 33 45 47,,N/A
2020-03-28,1 7 16 27 29 40,,N/A
2020-03-25,7 8 10 29 32 33,,N/A
2020-03-23,12 17 18 30 39 45,,N/A
2020-03-21,5 10 25 28 33 36,,N/A
2020-03-18,4 24 29 30 37 43,,N/A
2020-03-16,7 25 26 46 47 48,,N/A
2020-03-14,8 12 17 22 29 35,,N/A
2020-03-11,3 13 14 23 31 48,,N/A
2020-03-09,17 19 28 33 37 42,,N/A
2020-03-07,6 13 29 37 43 48,,N/A
2020-03-04,5 7 16 23 36 37,,N/A
2020-03-02,10 30 32 34 38 47,,N/A
2020-02-29,1 13 14 20 39 41,,N/A
2020-02-26,1 23 24 28 45 48,,N/A
2020-02-24,2 10 13 18 21 42,,N/A
2020-02-22,2 8 9 38 39 45,,N/A
2020-02-19,3 4 13 17 41 48,,N/A
2020-02-17,10 16 25 38 45 46,,N/A
2020-02-15,9 14 21 33 38 49,,N/A
2020-02-12,9 18 21 23 28 40,,N/A
2020-02-10,2 4 15 34 47 49,,N/A
2020-02-08,3 5 9 15 30 47,,N/A
2020-02-05,18 27 36 40 43 49,,N/A
2020-02-03,14 19 26 30 31 45,,N/A
2020-02-01,5 20 31 41 44 49,,N/A
2020-01-29,3 5 22 23 35 42,,N/A
2020-01-27,19 29 35 42 44 49,,N/A
2020-01-25,5 9 16 25 26 43,,N/A
2020-01-22,2 4 14 19 27 30,,N/A
2020-01-20,22 25 27 37 38 40,,N/A
2020-01-18,24 31 41 43 47 49,,N/A
2020-01-15,9 15 22 27 37 40,,N/A
2020-01-13,1 2 13 14 24 38,,N/A
2020-01-11,9 19 34 37 39 47,,N/A
2020-01-08,6 19 20 22 25 38,,N/A
2020-01-06,8 13 16 34 37 42,,N/A
2020-01-04,1 9 10 14 23 37,,N/A
2020-01-01,15 17 18 32 34 43,,N/A
2019-12-30,15 26 33 39 47 49,,N/A
2019-12-28,3 8 12 18 22 49,,N/A
2019-12-25,4 23 25 29 30 49,,N/A
2019-12-23,7 8 24 25 30 42,,N/A
2019-12-21,3 5 16 24 28 32,,N/A
2019-12-18,6 14 15 16 31 43,,N/A
2019-12-16,25 29 40 43 44 46,,N/A
2019-12-14,2 4 6 25 30 44,,N/A
2019-12-11,1 15 24 27 29 40,,N/A
2019-12-09,6 10 13 35 36 41,,N/A
2019-12-07,7 15 21 22 26 32,,N/A
2019-12-04,2 14 16 23 32 34,,N/A
2019-12-02,23 24 28 34 35 41,,N/A
2019-11-30,5 15 17 21 28 41,,N/A
2019-11-27,3 20 28 33 39 48,,N/A
2019-11-25,3 25 27 36 43 47,,N/A
2019-11-23,2 22 30 33 45 47,,N/A
2019-11-20,3 6 14 22 47 48,,N/A
2019-11-18,11 21 23 30 37 49,,N/A
2019-11-16,4 9 14 16 28 48,,N/A
2019-11-13,14 18 23 30 44 45,,N/A
2019-11-11,4 9 23 25 34 41,,N/A
2019-11-09,4 13 22 34 38 46,,N/A
2019-11-06,2 9 15 36 43 44,,N/A
2019-11-04,1 3 8 20 38 45,,N/A
2019-11-02,1 16 26 30 41 47,,N/A
2019-10-30,8 14 28 38 39 46,,N/A
2019-10-28,6 8 16 23 37 48,,N/A
2019-10-26,7 18 21 39 44 49,,N/A
2019-10-23,3 12 26 33 39 44,,N/A
2019-10-21,2 17 19 23 31 39,,N/A
2019-10-19,17 18 36 38 42 44,,N/A
2019-10-16,2 9 14 31 39 45,,N/A
2019-10-14,6 11 14 19 31 44,,N/A
2019-10-12,3 23 26 34 37 48,,N/A
2019-10-09,2 3 8 14 30 49,,N/A
2019-10-07,10 14 17 20 41 45,,N/A
2019-10-05,22 23 24 26 34 42,,N/A
2019-10-02,2 6 15 20 45 47,,N/A
2019-09-30,18 28 32 38 40 41,,N/A
2019-09-28,2 6 7 15 16 47,,N/A
2019-09-25,15 29 36 39 47 49,,N/A
2019-09-23,19 20 24 30 36 39,,N/A
2019-09-21,4 6 12 16 28 43,,N/A
2019-09-18,7 17 31 32 36 49,,N/A
2019-09-16,4 6 17 19 36 45,,N/A
2019-09-14,21 24 27 29 31 35,,N/A
2019-09-11,5 8 18 21 24 40,,N/A
2019-09-09,3 10 21 23 27 43,,N/A
2019-09-07,2 3 7 12 24 27,,N/A
2019-09-04,1 9 10 16 17 20,,N/A
2019-09-02,12 14 15 24 25 48,,N/A
2019-08-31,3 10 31 38 40 43,,N/A
2019-08-28,7 14 18 21 25 28,,N/A
2019-08-26,2 4 11 30 37 46,,N/A
2019-08-24,11 17 18 28 44 48,,N/A
2019-08-21,3 10 14 16 38 39,,N/A
2019-08-19,1 2 8 24 36 40,,N/A
2019-08-17,2 13 23 28 29 47,,N/A
2019-08-14,8 11 13 29 35 39,,N/A
2019-08-12,7 14 17 23 28 47,,N/A
2019-08-10,7 13 17 33 34 38,,N/A
2019-08-07,6 18 19 24 38 49,,N/A
2019-08-05,2 7 13 22 27 48,,N/A
2019-08-03,18 23 30 38 39 40,,N/A
2019-07-31,4 14 27 34 35 44,,N/A
2019-07-29,10 12 13 34 42 45,,N/A
2019-07-27,2 4 10 17 23 48,,N/A
2019-07-24,1 11 13 28 29 47,,N/A
2019-07-22,2 7 9 34 42 43,,N/A
2019-07-20,2 11 20 30 38 46,,N/A
2019-07-17,5 10 17 34 38 39,,N/A
2019-07-15,10 18 23 24 27 29,,N/A
2019-07-13,4 13 28 36 37 49,,N/A
2019-07-10,7 15 20 26 30 33,,N/A
2019-07-08,2 15 17 20 36 44,,N/A
2019-07-06,3 7 13 17 43 44,,N/A
2019-07-03,5 12 13 27 34 49,,N/A
2019-07-01,17 29 30 33 42 43,,N/A
2019-06-29,12 31 36 42 46 47,,N/A
2019-06-26,9 11 20 24 36 48,,N/A
2019-06-24,17 23 27 38 39 49,,N/A
2019-06-22,16 23 33 35 36 48,,N/A
2019-06-19,2 9 21 30 36 42,,N/A
2019-06-17,5 13 26 36 43 49,,N/A
2019-06-15,4 16 27 39 40 46,,N/A
2019-06-12,1 8 11 28 38 49,,N/A
2019-06-10,5 7 10 25 48 49,,N/A
2019-06-08,13 14 15 19 46 49,,N/A
2019-06-05,2 12 17 30 37 47,,N/A
2019-06-03,1 6 14 22 41 48,,N/A
2019-06-01,10 18 22 37 43 47,,N/A
2019-05-29,8 21 22 29 41 43,,N/A
2019-05-27,5 16 17 23 25 32,,N/A
2019-05-25,1 17 28 30 40 47,,N/A
2019-05-22,16 30 31 42 47 48,,N/A
2019-05-20,17 18 20 23 24 33,,N/A
2019-05-18,20 22 25 27 32 42,,N/A
2019-05-15,5 15 19 40 44 46,,N/A
2019-05-13,4 5 8 12 13 28,,N/A
2019-05-11,11 15 21 30 43 46,,N/A
2019-05-08,1 11 12 22 26 30,,N/A
2019-05-06,4 30 33 37 40 47,,N/A
2019-05-04,6 14 22 30 33 40,,N/A
2019-05-01,7 9 19 40 42 44,,N/A
2019-04-29,19 21 29 30 37 46,,N/A
2019-04-27,14 16 20 23 28 41,,N/A
2019-04-24,11 27 29 39 40 49,,N/A
2019-04-22,8 31 34 37 42 46,,N/A
2019-04-20,1 18 28 32 37 43,,N/A
2019-04-17,10 15 30 31 41 43,,N/A
2019-04-15,9 13 15 27 33 39,,N/A
2019-04-13,12 13 16 19 23 44,,N/A
2019-04-10,10 22 23 29 33 46,,N/A
2019-04-08,2 16 24 31 40 46,,N/A
2019-04-06,7 16 17 21 27 49,,N/A
2019-04-03,6 7 8 14 16 18,,N/A
2019-04-01,2 5 10 12 48 49,,N/A
2019-03-30,1 11 32 33 38 43,,N/A
2019-03-27,20 24 29 41 42 47,,N/A
2019-03-25,2 12 33 34 39 48,,N/A
2019-03-23,1 8 16 18 38 44,,N/A
2019-03-20,11 18 21 22 26 29,,N/A
2019-03-18,12 15 29 35 38 40,,N/A
2019-03-16,18 20 21 33 39 41,,N/A
2019-03-13,1 4 12 32 38 39,,N/A
2019-03-11,3 4 20 21 25 37,,N/A
2019-03-09,13 15 27 28 33 47,,N/A
2019-03-06,19 29 35 37 40 47,,N/A
2019-03-04,2 11 13 34 39 47,,N/A
2019-03-02,3 11 14 35 41 43,,N/A
2019-02-27,23 27 29 37 40 42,,N/A
2019-02-25,3 4 13 16 22 30,,N/A
2019-02-23,15 21 31 39 40 48,,N/A
2019-02-20,15 16 19 25 29 33,,N/A
2019-02-18,3 7 13 24 32 47,,N/A
2019-02-16,10 36 37 46 47 49,,N/A
2019-02-13,14 18 22 40 46 49,,N/A
2019-02-11,32 37 40 42 45 48,,N/A
2019-02-09,2 21 22 34 40 46,,N/A
2019-02-06,10 12 23 32 38 47,,N/A
2019-02-04,6 15 25 39 43 47,,N/A
2019-02-02,11 12 15 16 21 41,,N/A
2019-01-30,8 14 15 29 30 36,,N/A
2019-01-28,9 34 35 37 41 46,,N/A
2019-01-26,6 14 22 23 44 47,,N/A
2019-01-23,13 21 22 23 35 49,,N/A
2019-01-21,10 16 18 26 44 45,,N/A
2019-01-19,2 15 21 37 42 49,,N/A
2019-01-16,2 3 20 29 40 45,,N/A
2019-01-14,10 16 17 19 22 46,,N/A
2019-01-12,6 12 14 32 38 45,,N/A
2019-01-09,2 12 15 33 38 42,,N/A
2019-01-07,3 17 22 23 37 39,,N/A
2019-01-05,4 29 31 34 37 41,,N/A
2019-01-02,1 2 4 8 9 34,,N/A
2018-12-31,19 20 30 31 42 44,,N/A
2018-12-29,10 15 22 29 32 35,,N/A
2018-12-26,9 18 19 27 33 35,,N/A
2018-12-24,3 30 36 37 45 48,,N/A
2018-12-22,1 3 6 15 29 43,,N/A
2018-12-19,3 13 30 35 41 47,,N/A
2018-12-17,12 21 26 27 39 43,,N/A
2018-12-15,3 4 14 15 26 33,,N/A
2018-12-12,3 4 12 29 36 46,,N/A
2018-12-10,4 12 21 25 30 34,,N/A
2018-12-08,1 13 18 22 31 34,,N/A
2018-12-05,2 12 18 24 28 46,,N/A
2018-12-03,8 10 12 37 45 46,,N/A
2018-12-01,3 21 26 30 31 39,,N/A
2018-11-28,8 19 21 22 23 34,,N/A
2018-11-26,4 18 36 40 42 49,,N/A
2018-11-24,4 5 7 8 37 39,,N/A
2018-11-21,5 14 22 34 35 44,,N/A
2018-11-19,5 6 11 15 29 40,,N/A
2018-11-17,17 37 39 43 46 47,,N/A
2018-11-14,4 6 14 23 24 29,,N/A
2018-11-12,3 11 14 35 39 40,,N/A
2018-11-10,21 29 38 39 45 46,,N/A
2018-11-07,19 24 27 36 46 48,,N/A
2018-11-05,23 25 31 33 42 44,,N/A
2018-11-03,6 21 26 42 45 47,,N/A
2018-10-31,14 18 32 36 47 49,,N/A
2018-10-29,1 7 18 21 38 44,,N/A
2018-10-27,4 20 25 27 30 46,,N/A
2018-10-24,1 17 20 35 38 46,,N/A
2018-10-22,2 14 15 17 34 46,,N/A
2018-10-20,10 16 20 26 28 29,,N/A
2018-10-17,1 8 12 19 26 34,,N/A
2018-10-15,1 4 9 19 37 38,,N/A
2018-10-13,12 29 31 32 34 44,,N/A
2018-10-10,17 33 37 38 41 44,,N/A
2018-10-08,8 14 26 29 37 45,,N/A
2018-10-06,16 19 36 37 43 49,,N/A
2018-10-03,1 10 13 20 23 49,,N/A
2018-10-01,19 21 26 33 41 43,,N/A
2018-09-29,7 18 24 29 31 35,,N/A
2018-09-26,12 17 29 38 40 42,,N/A
2018-09-24,18 24 25 38 44 49,,N/A
2018-09-22,13 16 20 25 37 45,,N/A
2018-09-19,14 24 26 31 37 42,,N/A
2018-09-17,4 26 33 42 46 47,,N/A
2018-09-15,13 19 20 31 32 40,,N/A
2018-09-12,9 14 16 28 37 42,,N/A
2018-09-10,1 7 9 23 31 46,,N/A
2018-09-08,5 8 37 43 45 49,,N/A
2018-09-05,3 9 36 45 46 48,,N/A
2018-09-03,5 17 21 37 39 42,,N/A
2018-09-01,4 5 17 21 31 33,,N/A
2018-08-29,12 22 23 26 28 42,,N/A
2018-08-27,5 23 24 31 39 40,,N/A
2018-08-25,17 25 27 39 43 47,,N/A
2018-08-22,18 19 27 31 35 45,,N/A
2018-08-20,1 11 14 19 39 46,,N/A
2018-08-18,3 6 10 38 39 46,,N/A
2018-08-15,6 18 27 35 47 48,,N/A
2018-08-13,28 35 38 39 45 49,,N/A
2018-08-11,13 18 26 41 43 49,,N/A
2018-08-08,5 7 21 23 37 49,,N/A
2018-08-06,2 3 9 14 16 38,,N/A
2018-08-04,16 17 22 24 29 35,,N/A
2018-08-01,4 14 17 23 24 30,,N/A
2018-07-30,2 6 15 22 40 48,,N/A
2018-07-28,4 10 21 34 35 44,,N/A
2018-07-25,10 13 19 21 36 40,,N/A
2018-07-23,4 9 15 29 31 32,,N/A
2018-07-21,4 6 15 16 20 40,,N/A
2018-07-18,5 6 13 17 21 31,,N/A
2018-07-16,8 9 23 28 37 48,,N/A
2018-07-14,8 10 17 29 31 34,,N/A
2018-07-11,10 14 18 24 27 37,,N/A
2018-07-09,2 7 17 22 36 45,,N/A
2018-07-07,6 13 27 34 46 48,,N/A
2018-07-04,1 5 22 30 35 42,,N/A
2018-07-02,2 6 42 45 48 49,,N/A
2018-06-30,2 28 36 44 47 48,,N/A
2018-06-27,17 18 25 28 31 34,,N/A
2018-06-25,7 12 22 31 36 47,,N/A
2018-06-23,8 21 25 40 45 48,,N/A
2018-06-20,14 16 19 38 45 47,,N/A
2018-06-18,5 7 15 24 33 38,,N/A
2018-06-16,6 9 15 17 22 47,,N/A
2018-06-13,3 5 33 45 46 48,,N/A
2018-06-11,2 8 20 23 28 46,,N/A
2018-06-09,15 27 32 33 43 47,,N/A
2018-06-06,4 6 13 24 27 33,,N/A
2018-06-04,10 13 15 27 30 44,,N/A
2018-06-02,7 8 22 24 31 48,,N/A
2018-05-30,24 34 35 36 47 49,,N/A
2018-05-28,3 14 20 38 41 49,,N/A
2018-05-26,2 13 15 30 31 33,,N/A
2018-05-23,3 9 23 35 36 49,,N/A
2018-05-21,7 10 32 36 44 45,,N/A
2018-05-19,14 15 17 19 30 43,,N/A
2018-05-16,2 3 10 22 33 35,,N/A
2018-05-14,16 25 31 33 34 37,,N/A
2018-05-12,9 10 17 23 39 43,,N/A
2018-05-09,6 13 16 24 33 39,,N/A
2018-05-07,9 19 21 31 39 47,,N/A
2018-05-05,6 7 8 9 13 47,,N/A
2018-05-02,1 16 21 32 40 41,,N/A
2018-04-30,14 19 28 29 33 46,,N/A
2018-04-28,3 12 19 24 25 34,,N/A
2018-04-25,13 16 18 20 34 45,,N/A
2018-04-23,21 22 28 33 42 43,,N/A
2018-04-21,16 19 21 26 27 46,,N/A
2018-04-18,19 26 28 39 44 45,,N/A
2018-04-16,2 5 21 35 36 44,,N/A
2018-04-14,1 4 12 14 36 38,,N/A
2018-04-11,1 6 11 34 42 45,,N/A
2018-04-09,5 23 30 38 43 48,,N/A
2018-04-07,12 21 22 36 37 45,,N/A
2018-04-04,7 9 27 29 32 35,,N/A
2018-04-02,1 3 5 30 45 48,,N/A
2018-03-31,6 24 26 38 44 45,,N/A
2018-03-28,10 12 14 16 35 40,,N/A
2018-03-26,1 3 6 30 33 37,,N/A
2018-03-24,2 5 7 27 33 38,,N/A
2018-03-21,1 5 15 31 42 43,,N/A
2018-03-19,1 5 19 39 45 47,,N/A
2018-03-17,10 13 14 26 39 49,,N/A
2018-03-14,5 15 16 38 41 47,,N/A
2018-03-12,4 29 32 42 43 44,,N/A
2018-03-10,12 19 23 27 29 43,,N/A
2018-03-07,10 13 20 30 34 43,,N/A
2018-03-05,5 14 24 29 30 47,,N/A
2018-03-03,20 22 30 35 40 47,,N/A
2018-02-28,19 24 33 40 44 49,,N/A
2018-02-26,2 3 9 13 39 48,,N/A
2018-02-24,1 12 23 27 34 47,,N/A
2018-02-21,6 7 23 28 38 40,,N/A
2018-02-19,6 9 10 15 32 44,,N/A
2018-02-17,5 29 31 33 39 44,,N/A
2018-02-14,20 22 35 38 43 49,,N/A
2018-02-12,2 15 21 25 33 36,,N/A
2018-02-10,5 13 20 22 31 36,,N/A
2018-02-07,1 16 22 29 30 35,,N/A
2018-02-05,6 9 24 32 39 45,,N/A
2018-02-03,18 25 27 28 31 44,,N/A
2018-01-31,21 23 34 36 38 45,,N/A
2018-01-29,1 13 32 36 38 43,,N/A
2018-01-27,4 15 21 24 43 47,,N/A
2018-01-24,6 8 38 43 45 46,,N/A
2018-01-22,6 10 23 25 31 47,,N/A
2018-01-20,8 16 22 30 34 35,,N/A
2018-01-17,13 24 30 31 45 46,,N/A
2018-01-15,15 20 26 36 37 47,,N/A
2018-01-13,11 18 19 32 40 48,,N/A
2018-01-10,6 8 28 36 39 40,,N/A
2018-01-08,3 12 19 24 44 46,,N/A
2018-01-06,4 11 13 23 24 41,,N/A
2018-01-03,7 16 17 21 24 26,,N/A
2018-01-01,13 28 35 37 38 46,,N/A
2017-12-30,2 5 16 18 20 22,,N/A
2017-12-27,3 4 22 33 36 42,,N/A
2017-12-25,2 9 20 25 44 48,,N/A
2017-12-23,5 6 9 12 27 38,,N/A
2017-12-20,4 12 16 28 33 42,,N/A
2017-12-18,1 17 22 30 43 49,,N/A
2017-12-16,13 22 24 25 31 42,,N/A
2017-12-13,1 7 8 9 26 31,,N/A
2017-12-11,1 6 12 19 39 41,,N/A
2017-12-09,8 18 20 33 41 43,,N/A
2017-12-06,17 20 33 34 36 38,,N/A
2017-12-04,3 7 8 14 26 45,,N/A
2017-12-02,2 10 13 27 40 47,,N/A
2017-11-29,6 8 15 35 38 43,,N/A
2017-11-27,5 15 25 26 44 47,,N/A
2017-11-25,4 11 18 19 45 46,,N/A
2017-11-22,18 21 30 31 37 49,,N/A
2017-11-20,3 13 15 28 29 32,,N/A
2017-11-18,10 18 19 23 35 38,,N/A
2017-11-15,1 5 32 36 38 46,,N/A
2017-11-13,1 6 19 28 39 44,,N/A
2017-11-11,4 7 16 17 34 49,,N/A
2017-11-08,2 9 15 26 28 33,,N/A
2017-11-06,1 3 5 19 24 33,,N/A
2017-11-04,6 8 10 13 21 36,,N/A
2017-11-01,5 9 10 32 45 48,,N/A
2017-10-30,3 5 14 16 18 26,,N/A
2017-10-28,8 12 14 33 42 44,,N/A
2017-10-25,4 8 25 33 34 41,,N/A
2017-10-23,12 22 27 31 32 43,,N/A
2017-10-21,16 18 24 35 37 49,,N/A
2017-10-18,2 13 38 41 46 48,,N/A
2017-10-16,6 14 15 19 28 30,,N/A
2017-10-14,1 18 26 34 44 49,,N/A
2017-10-11,4 6 16 30 42 43,,N/A
2017-10-09,3 4 12 25 33 34,,N/A
2017-10-07,1 10 12 18 30 33,,N/A
2017-10-04,3 4 29 30 32 46,,N/A
2017-10-02,16 26 35 36 43 44,,N/A
2017-09-30,10 28 32 35 47 49,,N/A
2017-09-27,9 12 25 27 40 43,,N/A
2017-09-25,2 6 13 28 44 47,,N/A
2017-09-23,13 14 15 22 25 35,,N/A
2017-09-20,10 18 22 24 28 48,,N/A
2017-09-18,6 14 19 25 34 38,,N/A
2017-09-16,6 9 13 22 24 46,,N/A
2017-09-13,7 11 13 16 18 22,,N/A
2017-09-11,3 15 18 19 42 45,,N/A
2017-09-09,6 18 39 40 41 44,,N/A
2017-09-06,4 6 25 36 38 48,,N/A
2017-09-04,6 8 26 30 39 41,,N/A
2017-09-02,10 17 21 29 33 45,,N/A
2017-08-30,1 8 17 45 46 48,,N/A
2017-08-28,5 11 20 28 31 47,,N/A
2017-08-26,6 13 25 29 32 42,,N/A
2017-08-23,4 9 16 31 41 42,,N/A
2017-08-21,1 2 9 30 40 44,,N/A
2017-08-19,5 8 11 12 37 43,,N/A
2017-08-16,23 31 34 37 38 43,,N/A
2017-08-14,2 30 31 36 38 41,,N/A
2017-08-12,3 12 14 31 43 45,,N/A
2017-08-09,2 4 5 12 29 31,,N/A
2017-08-07,7 13 17 21 24 45,,N/A
2017-08-05,7 13 23 26 32 42,,N/A
2017-08-02,2 3 4 15 17 23,,N/A
2017-07-31,1 26 27 31 36 49,,N/A
2017-07-29,8 19 22 30 35 40,,N/A
2017-07-26,11 20 25 31 35 42,,N/A
2017-07-24,3 7 17 30 31 35,,N/A
2017-07-22,9 14 21 24 28 33,,N/A
2017-07-19,2 11 13 23 33 37,,N/A
2017-07-17,5 16 19 25 43 45,,N/A
2017-07-15,6 8 18 19 28 37,,N/A
2017-07-12,4 10 14 16 37 49,,N/A
2017-07-10,4 7 10 18 20 26,,N/A
2017-07-08,4 17 23 40 43 47,,N/A
2017-07-05,1 2 13 15 20 36,,N/A
2017-07-03,4 10 17 24 25 26,,N/A
2017-07-01,1 8 9 21 22 30,,N/A
2017-06-28,12 26 35 38 40 42,,N/A
2017-06-26,15 18 25 27 31 39,,N/A
2017-06-24,12 16 21 23 32 43,,N/A
2017-06-21,14 31 32 37 42 43,,N/A
2017-06-19,4 11 23 34 37 49,,N/A
2017-06-17,9 10 16 18 21 46,,N/A
2017-06-14,6 15 19 30 36 43,,N/A
2017-06-12,16 22 26 34 39 41,,N/A
2017-06-10,14 19 23 27 40 48,,N/A
2017-06-07,19 27 28 32 39 40,,N/A
2017-06-05,3 14 22 27 45 49,,N/A
2017-06-03,4 5 34 43 46 49,,N/A
2017-05-31,1 6 19 27 33 47,,N/A
2017-05-29,2 9 11 28 41 48,,N/A
2017-05-27,4 8 20 25 45 47,,N/A
2017-05-24,4 5 12 15 22 32,,N/A
2017-05-22,1 5 16 21 29 47,,N/A
2017-05-20,6 8 10 24 26 40,,N/A
2017-05-17,11 13 14 19 22 47,,N/A
2017-05-15,4 5 16 27 29 39,,N/A
2017-05-13,8 11 13 39 40 48,,N/A
2017-05-10,15 30 32 35 42 43,,N/A
2017-05-08,3 22 23 30 46 47,,N/A
2017-05-06,1 2 21 27 29 32,,N/A
2017-05-03,2 8 30 35 40 47,,N/A
2017-05-01,2 6 8 25 29 48,,N/A
2017-04-29,8 19 24 38 43 46,,N/A
2017-04-26,4 14 17 28 31 33,,N/A
2017-04-24,3 7 10 13 17 44,,N/A
2017-04-22,3 5 22 23 34 39,,N/A
2017-04-19,1 8 9 11 19 42,,N/A
2017-04-17,13 14 17 18 46 48,,N/A
2017-04-15,1 5 8 16 23 38,,N/A
2017-04-12,6 25 27 32 35 37,,N/A
2017-04-10,11 14 22 24 31 38,,N/A
2017-04-08,7 8 13 29 31 45,,N/A
2017-04-05,4 20 22 25 34 40,,N/A
2017-04-03,2 18 24 26 32 37,,N/A
2017-04-01,6 12 26 27 36 46,,N/A
2017-03-29,10 11 32 37 39 44,,N/A
2017-03-27,5 18 19 30 32 35,,N/A
2017-03-25,3 7 14 23 31 38,,N/A
2017-03-22,2 20 24 41 43 49,,N/A
2017-03-20,6 14 25 28 38 39,,N/A
2017-03-18,4 7 19 23 38 45,,N/A
2017-03-15,9 12 32 38 41 49,,N/A
2017-03-13,3 29 31 35 44 47,,N/A
2017-03-11,3 6 9 11 37 40,,N/A
2017-03-08,3 6 10 11 12 24,,N/A
2017-03-06,6 23 24 30 32 36,,N/A
2017-03-04,2 26 28 32 39 44,,N/A
2017-03-01,4 10 28 34 36 41,,N/A
2017-02-27,7 18 20 24 26 34,,N/A
2017-02-25,5 7 27 33 37 47,,N/A
2017-02-22,7 10 21 25 30 41,,N/A
2017-02-20,12 26 37 41 42 44,,N/A
2017-02-18,20 29 32 35 36 46,,N/A
2017-02-15,10 12 26 27 38 47,,N/A
2017-02-13,4 21 30 34 35 38,,N/A
2017-02-11,2 7 14 15 24 48,,N/A
2017-02-08,5 17 23 27 37 42,,N/A
2017-02-06,14 24 33 43 46 49,,N/A
2017-02-04,6 7 12 16 30 46,,N/A
2017-02-01,3 4 12 13 16 19,,N/A
2017-01-30,8 10 13 41 46 49,,N/A
2017-01-28,10 15 20 27 36 43,,N/A
2017-01-25,7 15 17 25 31 34,,N/A
2017-01-23,2 3 10 13 25 28,,N/A
2017-01-21,14 24 25 37 42 43,,N/A
2017-01-18,17 18 19 20 26 27,,N/A
2017-01-16,4 5 14 43 45 48,,N/A
2017-01-14,8 17 21 35 37 46,,N/A
2017-01-11,2 29 43 45 46 49,,N/A
2017-01-09,13 22 24 25 36 43,,N/A
2017-01-07,3 4 12 15 21 40,,N/A
2017-01-04,5 6 9 16 25 27,,N/A
2017-01-02,7 11 12 16 32 47,,N/A
2016-12-31,11 20 26 37 39 45,,N/A
2016-12-28,3 21 23 28 38 49,,N/A
2016-12-26,8 14 16 32 33 37,,N/A
2016-12-24,5 8 16 23 24 26,,N/A
2016-12-21,21 26 28 38 39 42,,N/A
2016-12-19,8 19 25 28 31 32,,N/A
2016-12-17,6 9 13 21 30 46,,N/A
2016-12-14,3 9 30 31 32 35,,N/A
2016-12-12,6 10 31 34 41 45,,N/A
2016-12-10,5 20 23 26 48 49,,N/A
2016-12-07,1 13 22 24 34 45,,N/A
2016-12-05,4 11 12 36 42 45,,N/A
2016-12-03,4 16 24 34 35 49,,N/A
2016-11-30,3 5 6 8 12 23,,N/A
2016-11-28,6 10 31 34 42 47,,N/A
2016-11-26,2 17 25 26 34 38,,N/A
2016-11-23,8 12 13 15 27 31,,N/A
2016-11-21,6 15 17 22 33 42,,N/A
2016-11-19,1 16 20 23 25 35,,N/A
2016-11-16,5 9 11 27 31 48,,N/A
2016-11-14,9 19 31 32 43 46,,N/A
2016-11-12,5 10 17 32 43 45,,N/A
2016-11-09,6 10 20 21 25 48,,N/A
2016-11-07,6 12 15 39 43 49,,N/A
2016-11-05,12 25 31 32 37 47,,N/A
2016-11-02,7 9 32 35 40 44,,N/A
2016-10-31,1 32 39 45 46 47,,N/A
2016-10-29,10 28 29 31 33 45,,N/A
2016-10-26,16 18 27 30 31 33,,N/A
2016-10-24,13 20 23 27 29 34,,N/A
2016-10-22,11 26 27 39 45 49,,N/A
2016-10-19,8 18 21 23 45 49,,N/A
2016-10-17,6 21 24 31 38 39,,N/A
2016-10-15,1 4 5 29 44 49,,N/A
2016-10-12,4 10 28 32 40 47,,N/A
2016-10-10,8 13 17 28 31 49,,N/A
2016-10-08,11 16 21 27 28 30,,N/A
2016-10-05,5 8 17 28 35 42,,N/A
2016-10-03,3 12 15 27 41 42,,N/A
2016-10-01,1 13 22 39 41 44,,N/A
2016-09-28,8 18 24 33 36 48,,N/A
2016-09-26,4 18 19 33 39 40,,N/A
2016-09-24,1 9 13 27 31 38,,N/A
2016-09-21,14 15 18 21 32 46,,N/A
2016-09-19,3 22 30 31 42 46,,N/A
2016-09-17,4 12 16 17 33 38,,N/A
2016-09-14,3 18 27 43 44 47,,N/A
2016-09-12,2 5 16 22 34 45,,N/A
2016-09-10,13 20 22 25 28 40,,N/A
2016-09-07,5 6 13 20 24 41,,N/A
2016-09-05,3 17 26 36 38 47,,N/A
2016-09-03,5 15 27 37 41 46,,N/A
2016-08-31,4 9 21 26 39 41,,N/A
2016-08-29,8 14 17 30 43 44,,N/A
2016-08-27,9 15 33 34 35 40,,N/A
2016-08-24,12 20 24 27 28 39,,N/A
2016-08-22,7 15 29 37 41 44,,N/A
2016-08-20,10 29 30 34 40 48,,N/A
2016-08-17,12 14 18 35 36 45,,N/A
2016-08-15,3 9 15 22 38 40,,N/A
2016-08-13,6 17 29 30 42 48,,N/A
2016-08-10,11 18 36 37 40 47,,N/A
2016-08-08,4 14 15 22 28 47,,N/A
2016-08-06,2 9 20 22 36 47,,N/A
2016-08-03,10 21 36 39 41 49,,N/A
2016-08-01,8 11 25 46 47 48,,N/A
2016-07-30,3 19 20 23 25 36,,N/A
2016-07-27,5 24 27 29 32 41,,N/A
2016-07-25,2 3 5 12 13 18,,N/A
2016-07-23,4 5 22 31 45 48,,N/A
2016-07-20,5 14 21 25 34 35,,N/A
2016-07-18,1 5 28 30 33 34,,N/A
2016-07-16,4 7 27 31 41 46,,N/A
2016-07-13,12 20 26 30 37 38,,N/A
2016-07-11,22 26 31 37 43 48,,N/A
2016-07-09,19 25 27 31 36 41,,N/A
2016-07-06,21 24 36 39 44 49,,N/A
2016-07-04,13 20 21 22 26 37,,N/A
2016-07-02,3 7 11 15 33 42,,N/A
2016-06-29,9 12 19 40 47 49,,N/A
2016-06-27,17 29 34 40 42 49,,N/A
2016-06-25,1 17 20 21 22 44,,N/A
2016-06-22,6 28 39 41 43 47,,N/A
2016-06-20,21 23 26 30 39 43,,N/A
2016-06-18,3 10 23 24 26 28,,N/A
2016-06-15,10 20 27 35 37 47,,N/A
2016-06-13,6 15 16 20 25 45,,N/A
2016-06-11,7 21 24 26 31 37,,N/A
2016-06-08,6 29 30 34 44 48,,N/A
2016-06-06,13 32 40 42 43 49,,N/A
2016-06-04,10 28 37 41 45 46,,N/A
2016-06-01,7 22 24 31 41 45,,N/A
2016-05-30,4 9 12 20 24 44,,N/A
2016-05-28,9 10 22 25 37 46,,N/A
2016-05-25,11 14 28 30 33 34,,N/A
2016-05-23,6 9 26 33 35 43,,N/A
2016-05-21,9 15 16 17 42 45,,N/A
2016-05-18,4 12 17 21 39 48,,N/A
2016-05-16,3 17 31 38 40 49,,N/A
2016-05-14,2 18 35 36 42 47,,N/A
2016-05-11,10 22 23 35 41 48,,N/A
2016-05-09,5 26 28 30 39 40,,N/A
2016-05-07,1 19 21 35 43 44,,N/A
2016-05-04,6 17 26 31 35 40,,N/A
2016-05-02,4 9 16 20 26 42,,N/A
2016-04-30,13 20 34 46 47 49,,N/A
2016-04-27,2 3 21 25 28 33,,N/A
2016-04-25,1 9 11 14 21 32,,N/A
2016-04-23,4 9 11 18 37 46,,N/A
2016-04-20,1 21 22 30 37 45,,N/A
2016-04-18,3 5 12 15 28 29,,N/A
2016-04-16,4 10 13 40 42 46,,N/A
2016-04-13,1 3 7 11 33 39,,N/A
2016-04-11,21 34 36 40 44 47,,N/A
2016-04-09,6 19 24 33 39 43,,N/A
2016-04-06,4 11 27 43 45 46,,N/A
2016-04-04,10 12 26 36 37 47,,N/A
2016-04-02,12 23 24 34 37 48,,N/A
2016-03-30,1 11 30 43 47 49,,N/A
2016-03-28,23 27 28 37 39 45,,N/A
2016-03-26,9 28 38 40 47 49,,N/A
2016-03-23,1 5 9 19 25 49,,N/A
2016-03-21,6 8 12 31 40 47,,N/A
2016-03-19,1 7 15 38 40 47,,N/A
2016-03-16,9 19 21 22 29 38,,N/A
2016-03-14,10 19 30 42 44 45,,N/A
2016-03-12,9 22 25 26 28 40,,N/A
2016-03-09,6 22 24 40 41 46,,N/A
2016-03-07,8 13 22 44 45 47,,N/A
2016-03-05,1 14 15 18 25 27,,N/A
2016-03-02,3 5 19 24 35 44,,N/A
2016-02-29,10 16 18 25 34 37,,N/A
2016-02-27,2 19 21 27 43 45,,N/A
2016-02-24,7 9 18 26 34 35,,N/A
2016-02-22,3 10 36 39 44 49,,N/A
2016-02-20,2 10 25 28 35 43,,N/A
2016-02-17,2 17 22 30 37 44,,N/A
2016-02-15,10 18 34 39 43 46,,N/A
2016-02-13,2 3 6 19 34 39,,N/A
2016-02-10,14 15 23 28 37 39,,N/A
2016-02-08,2 18 30 38 39 45,,N/A
2016-02-06,13 25 26 27 30 44,,N/A
2016-02-03,2 4 8 20 32 41,,N/A
2016-02-01,4 11 12 21 24 48,,N/A
2016-01-30,18 21 30 35 36 48,,N/A
2016-01-27,4 6 16 30 34 40,,N/A
2016-01-25,3 4 28 35 42 48,,N/A
2016-01-23,8 27 28 29 36 49,,N/A
2016-01-20,1 11 15 17 34 42,,N/A
2016-01-18,3 19 30 35 42 48,,N/A
2016-01-16,12 31 35 36 40 47,,N/A
2016-01-13,10 11 16 31 32 49,,N/A
2016-01-11,4 22 34 35 48 49,,N/A
2016-01-09,2 17 22 43 47 48,,N/A
2016-01-06,3 4 8 42 44 48,,N/A
2016-01-04,19 20 22 27 41 43,,N/A
2016-01-02,1 6 9 35 39 47,,N/A
2015-12-30,2 3 6 21 23 40,,N/A
2015-12-28,18 21 29 30 43 47,,N/A
2015-12-26,1 3 13 25 33 41,,N/A
2015-12-23,2 26 34 35 36 47,,N/A
2015-12-21,10 20 22 29 33 37,,N/A
2015-12-19,7 22 29 33 40 46,,N/A
2015-12-16,4 11 18 22 34 37,,N/A
2015-12-14,3 17 27 29 36 43,,N/A
2015-12-12,3 5 17 30 32 46,,N/A
2015-12-09,6 13 17 30 32 45,,N/A
2015-12-07,10 12 20 38 43 49,,N/A
2015-12-05,6 13 20 23 43 47,,N/A
2015-12-02,17 21 23 27 29 49,,N/A
2015-11-30,2 5 12 33 36 48,,N/A
2015-11-28,4 12 22 29 32 39,,N/A
2015-11-25,1 2 3 26 34 36,,N/A
2015-11-23,4 15 30 32 35 49,,N/A
2015-11-21,5 9 16 23 34 48,,N/A
2015-11-18,1 8 12 29 31 39,,N/A
2015-11-16,5 10 22 25 43 44,,N/A
2015-11-14,7 9 11 16 17 37,,N/A
2015-11-11,27 34 42 44 45 48,,N/A
2015-11-09,1 16 25 35 43 46,,N/A
2015-11-07,3 8 14 18 42 44,,N/A
2015-11-04,2 14 20 31 32 47,,N/A
2015-11-02,10 12 13 23 26 39,,N/A
2015-10-31,1 3 24 30 31 48,,N/A
2015-10-28,1 11 15 32 37 46,,N/A
2015-10-26,9 12 37 44 46 49,,N/A
2015-10-24,4 16 27 34 36 46,,N/A
2015-10-21,25 28 32 33 40 44,,N/A
2015-10-19,2 18 19 27 35 39,,N/A
2015-10-17,3 10 18 28 30 46,,N/A
2015-10-14,4 18 27 36 41 45,,N/A
2015-10-12,4 17 24 32 39 45,,N/A
2015-10-10,6 7 18 23 31 35,,N/A
2015-10-07,4 6 11 15 37 42,,N/A
2015-10-05,10 15 27 29 34 40,,N/A
2015-10-03,2 3 6 7 21 23,,N/A
2015-09-30,13 21 24 34 45 46,,N/A
2015-09-28,5 14 15 19 37 48,,N/A
2015-09-26,1 4 18 23 34 44,,N/A
2015-09-23,2 3 22 32 40 41,,N/A
2015-09-21,10 14 19 27 30 40,,N/A
2015-09-19,7 16 30 40 43 47,,N/A
2015-09-16,5 10 29 31 36 41,,N/A
2015-09-14,13 20 25 28 30 35,,N/A
2015-09-12,13 21 27 31 40 46,,N/A
2015-09-09,16 22 23 25 31 46,,N/A
2015-09-07,1 3 17 26 41 46,,N/A
2015-09-05,1 3 14 32 35 38,,N/A
2015-09-02,4 13 16 26 42 45,,N/A
2015-08-31,3 6 12 13 23 31,,N/A
2015-08-29,3 10 24 25 27 38,,N/A
2015-08-26,14 16 17 30 40 48,,N/A
2015-08-24,9 26 27 32 38 40,,N/A
2015-08-22,8 13 27 35 37 40,,N/A
2015-08-19,5 11 20 25 36 48,,N/A
2015-08-17,4 6 7 13 18 32,,N/A
2015-08-15,22 26 28 32 34 36,,N/A
2015-08-12,6 8 26 27 33 38,,N/A
2015-08-10,1 35 36 41 42 44,,N/A
2015-08-08,12 15 18 20 28 47,,N/A
2015-08-05,4 5 14 16 32 49,,N/A
2015-08-03,2 8 39 46 48 49,,N/A
2015-08-01,3 12 19 22 44 48,,N/A
2015-07-29,1 5 9 31 43 45,,N/A
2015-07-27,4 6 12 32 36 46,,N/A
2015-07-25,15 20 21 26 37 39,,N/A
2015-07-22,7 15 17 18 26 34,,N/A
2015-07-20,7 13 39 40 45 46,,N/A
2015-07-18,18 22 24 26 28 36,,N/A
2015-07-15,3 11 12 14 22 42,,N/A
2015-07-13,5 6 11 13 30 31,,N/A
2015-07-11,4 9 11 18 22 34,,N/A
2015-07-08,9 11 23 32 37 49,,N/A
2015-07-06,9 15 26 45 47 48,,N/A
2015-07-04,2 15 21 32 33 46,,N/A
2015-07-01,5 22 29 30 32 36,,N/A
2015-06-29,10 20 32 33 34 49,,N/A
2015-06-27,4 26 30 32 37 38,,N/A
2015-06-24,2 22 36 37 40 45,,N/A
2015-06-22,5 14 17 19 28 47,,N/A
2015-06-20,1 3 26 29 31 37,,N/A
2015-06-17,2 9 17 33 39 49,,N/A
2015-06-15,1 2 7 17 41 42,,N/A
2015-06-13,2 4 9 19 21 29,,N/A
2015-06-10,16 24 31 34 37 49,,N/A
2015-06-08,2 8 17 33 40 41,,N/A
2015-06-06,4 16 21 31 37 47,,N/A
2015-06-03,6 10 12 14 30 39,,N/A
2015-06-01,15 32 33 36 37 47,,N/A
2015-05-30,13 25 33 37 40 43,,N/A
2015-05-27,1 3 20 24 35 38,,N/A
2015-05-25,3 8 23 33 35 39,,N/A
2015-05-23,11 14 17 25 28 31,,N/A
2015-05-20,8 14 26 34 40 43,,N/A
2015-05-18,10 12 18 37 41 42,,N/A
2015-05-16,3 6 18 29 37 42,,N/A
2015-05-13,1 13 18 32 36 43,,N/A
2015-05-11,3 9 17 41 47 48,,N/A
2015-05-09,13 19 21 33 38 44,,N/A
2015-05-06,3 10 13 20 35 39,,N/A
2015-05-04,5 18 31 33 39 40,,N/A
2015-05-02,9 28 29 31 34 43,,N/A
2015-04-29,17 31 37 38 40 43,,N/A
2015-04-27,15 25 32 34 37 49,,N/A
2015-04-25,5 6 16 33 39 41,,N/A
2015-04-22,7 22 26 36 38 42,,N/A
2015-04-20,5 8 12 15 47 49,,N/A
2015-04-18,19 31 36 40 43 45,,N/A
2015-04-15,3 7 10 18 19 44,,N/A
2015-04-13,10 14 33 36 41 42,,N/A
2015-04-11,8 17 18 30 36 38,,N/A
2015-04-08,7 19 30 33 43 47,,N/A
2015-04-06,17 18 25 37 48 49,,N/A
2015-04-04,21 25 26 42 47 49,,N/A
2015-04-01,10 19 34 40 45 46,,N/A
2015-03-30,16 17 28 41 45 48,,N/A
2015-03-28,7 20 25 26 40 47,,N/A
2015-03-25,2 14 16 20 21 37,,N/A
2015-03-23,8 14 28 31 33 40,,N/A
2015-03-21,11 14 20 22 36 48,,N/A
2015-03-18,3 16 17 21 25 33,,N/A
2015-03-16,7 10 21 22 32 35,,N/A
2015-03-14,10 20 37 42 45 48,,N/A
2015-03-11,3 4 14 22 38 40,,N/A
2015-03-09,14 15 25 26 32 44,,N/A
2015-03-07,4 5 7 14 37 48,,N/A
2015-03-04,5 8 13 15 27 30,,N/A
2015-03-02,12 14 20 24 28 46,,N/A
2015-02-28,8 11 16 22 36 43,,N/A
2015-02-25,6 24 30 37 39 44,,N/A
2015-02-23,16 23 28 30 40 43,,N/A
2015-02-21,8 15 26 38 41 43,,N/A
2015-02-18,9 30 32 36 44 47,,N/A
2015-02-16,17 21 28 42 46 48,,N/A
2015-02-14,4 10 15 16 29 49,,N/A
2015-02-11,8 27 30 41 44 49,,N/A
2015-02-09,11 12 14 21 26 33,,N/A
2015-02-07,23 31 34 45 47 48,,N/A
2015-02-04,1 7 9 12 17 48,,N/A
2015-02-02,14 29 33 35 40 46,,N/A
2015-01-31,3 11 15 22 33 41,,N/A
2015-01-28,9 10 27 41 43 46,,N/A
2015-01-26,2 6 15 24 47 49,,N/A
2015-01-24,5 8 9 12 30 49,,N/A
2015-01-21,11 12 13 22 25 32,,N/A
2015-01-19,1 8 35 39 40 41,,N/A
2015-01-17,1 8 11 18 35 37,,N/A
2015-01-14,3 7 12 17 37 40,,N/A
2015-01-12,7 18 34 35 38 40,,N/A
2015-01-10,3 12 30 34 44 49,,N/A
2015-01-07,17 23 31 32 39 40,,N/A
2015-01-05,1 9 12 20 27 31,,N/A
2015-01-03,4 11 17 23 32 42,,N/A
2014-12-31,2 6 13 27 35 39,,N/A
2014-12-29,11 17 27 35 38 48,,N/A
2014-12-27,5 13 24 25 30 35,,N/A
2014-12-24,15 21 39 42 44 48,,N/A
2014-12-22,4 20 22 40 41 42,,N/A
2014-12-20,2 4 22 31 34 45,,N/A
2014-12-17,5 13 15 26 31 34,,N/A
2014-12-15,2 6 15 23 28 32,,N/A
2014-12-13,3 15 17 24 26 45,,N/A
2014-12-10,7 17 20 23 25 48,,N/A
2014-12-08,1 5 11 13 35 39,,N/A
2014-12-06,11 17 21 22 32 46,,N/A
2014-12-03,11 13 31 36 42 49,,N/A
2014-12-01,8 9 12 28 33 35,,N/A
2014-11-29,17 20 28 30 40 42,,N/A
2014-11-26,7 17 21 23 29 44,,N/A
2014-11-24,8 14 24 26 38 49,,N/A
2014-11-22,1 5 17 26 32 48,,N/A
2014-11-19,3 4 19 25 39 44,,N/A
2014-11-17,7 11 13 34 45 47,,N/A
2014-11-15,1 17 20 32 34 46,,N/A
2014-11-12,19 21 31 33 37 43,,N/A
2014-11-10,12 14 18 19 21 35,,N/A
2014-11-08,6 7 8 10 19 21,,N/A
2014-11-05,1 16 27 32 35 47,,N/A
2014-11-03,2 15 19 27 41 47,,N/A
2014-11-01,3 13 17 29 42 43,,N/A
2014-10-29,5 18 19 22 33 45,,N/A
2014-10-27,6 10 12 22 24 49,,N/A
2014-10-25,4 18 25 33 40 46,,N/A
2014-10-22,9 12 19 22 34 39,,N/A
2014-10-20,7 13 38 40 46 48,,N/A
2014-10-18,1 13 20 21 27 42,,N/A
2014-10-15,8 10 21 25 27 49,,N/A
2014-10-13,3 15 19 24 44 45,,N/A
2014-10-11,1 14 21 28 44 47,,N/A
2014-10-08,3 14 15 28 43 47,,N/A
2014-10-06,12 29 33 35 39 48,,N/A
2014-10-04,1 4 20 24 29 33,,N/A
2014-10-01,6 11 39 42 43 47,,N/A
2014-09-29,1 8 15 39 47 48,,N/A
2014-09-27,3 14 21 24 33 47,,N/A
2014-09-24,11 17 23 26 33 36,,N/A
2014-09-22,2 11 16 30 32 35,,N/A
2014-09-20,4 20 33 38 41 42,,N/A
2014-09-17,20 27 30 31 37 40,,N/A
2014-09-15,2 9 13 19 21 33,,N/A
2014-09-13,8 10 20 25 30 49,,N/A
2014-09-10,12 14 20 36 37 44,,N/A
2014-09-08,4 9 19 27 33 42,,N/A
2014-09-06,20 34 35 37 40 42,,N/A
2014-09-03,10 16 25 32 40 47,,N/A
2014-09-01,8 13 25 33 36 45,,N/A
2014-08-30,6 8 15 22 46 47,,N/A
2014-08-27,7 19 20 23 41 42,,N/A
2014-08-25,5 12 13 14 21 43,,N/A
2014-08-23,4 9 12 20 21 24,,N/A
2014-08-20,11 12 17 25 41 47,,N/A
2014-08-18,6 11 14 21 24 36,,N/A
2014-08-16,2 5 23 34 38 43,,N/A
2014-08-13,7 8 19 26 34 49,,N/A
2014-08-11,3 24 41 43 44 45,,N/A
2014-08-09,7 8 16 21 31 32,,N/A
2014-08-06,10 18 20 29 30 39,,N/A
2014-08-04,2 12 21 28 32 44,,N/A
2014-08-02,1 20 22 38 44 46,,N/A
2014-07-30,1 11 16 20 45 49,,N/A
2014-07-28,8 21 24 29 39 47,,N/A
2014-07-26,6 21 24 42 44 49,,N/A
2014-07-23,2 11 25 36 44 45,,N/A
2014-07-21,12 17 20 34 35 46,,N/A
2014-07-19,10 19 26 27 30 49,,N/A
2014-07-16,7 12 31 45 48 49,,N/A
2014-07-14,6 10 24 26 31 34,,N/A
2014-07-12,4 21 22 29 46 47,,N/A
2014-07-09,3 23 25 26 29 36,,N/A
2014-07-07,2 13 14 19 23 45,,N/A
2014-07-05,8 17 23 30 32 43,,N/A
2014-07-02,11 13 21 24 29 49,,N/A
2014-06-30,36 39 42 43 46 47,,N/A
2014-06-28,7 17 20 21 38 46,,N/A
2014-06-25,21 24 38 41 43 45,,N/A
2014-06-23,9 16 24 30 46 49,,N/A
2014-06-21,16 25 26 33 43 46,,N/A
2014-06-18,4 13 38 45 46 47,,N/A
2014-06-16,9 18 19 22 30 44,,N/A
2014-06-14,7 18 19 20 36 48,,N/A
2014-06-11,4 25 35 36 40 48,,N/A
2014-06-09,9 22 28 40 45 46,,N/A
2014-06-07,14 19 25 26 42 46,,N/A
2014-06-04,1 9 17 19 33 45,,N/A
2014-06-02,4 7 10 26 30 49,,N/A
2014-05-31,1 14 18 29 36 49,,N/A
2014-05-28,4 6 10 30 34 37,,N/A
2014-05-26,2 16 21 32 33 44,,N/A
2014-05-24,3 12 15 18 24 40,,N/A
2014-05-21,22 23 34 37 45 47,,N/A
2014-05-19,5 21 26 39 45 48,,N/A
2014-05-17,17 20 35 39 40 48,,N/A
2014-05-14,1 15 24 37 39 45,,N/A
2014-05-12,8 9 25 30 34 38,,N/A
2014-05-10,13 15 24 38 42 48,,N/A
2014-05-07,1 23 26 29 34 44,,N/A
2014-05-05,6 11 18 32 48 49,,N/A
2014-05-03,3 9 19 39 44 49,,N/A
2014-04-30,10 12 19 27 45 48,,N/A
2014-04-28,4 8 11 20 36 39,,N/A
2014-04-26,10 14 15 17 22 45,,N/A
2014-04-23,4 18 19 22 39 41,,N/A
2014-04-21,11 21 25 33 36 41,,N/A
2014-04-19,3 5 6 7 9 22,,N/A
2014-04-16,3 11 12 24 37 44,,N/A
2014-04-14,9 18 19 21 31 46,,N/A
2014-04-12,23 26 32 42 44 47,,N/A
2014-04-09,3 5 10 21 38 43,,N/A
2014-04-07,4 17 19 21 23 41,,N/A
2014-04-05,7 9 25 30 31 39,,N/A
2014-04-02,1 4 12 19 31 39,,N/A
2014-03-31,3 11 13 14 23 27,,N/A
2014-03-29,3 8 16 30 36 42,,N/A
2014-03-26,6 11 15 20 30 41,,N/A
2014-03-24,4 17 29 40 41 47,,N/A
2014-03-22,5 9 11 16 17 21,,N/A
2014-03-19,5 11 13 29 31 46,,N/A
2014-03-17,3 7 12 29 30 39,,N/A
2014-03-15,1 9 23 28 37 39,,N/A
2014-03-12,5 12 14 32 35 49,,N/A
2014-03-10,6 11 13 24 41 44,,N/A
2014-03-08,6 25 27 29 31 41,,N/A
2014-03-05,6 28 32 33 37 48,,N/A
2014-03-03,11 24 26 37 40 49,,N/A
2014-03-01,1 6 21 31 40 46,,N/A
2014-02-26,15 21 26 32 45 47,,N/A
2014-02-24,19 20 22 34 39 45,,N/A
2014-02-22,4 16 17 20 24 48,,N/A
2014-02-19,16 20 21 36 37 49,,N/A
2014-02-17,11 13 18 30 45 47,,N/A
2014-02-15,4 17 18 32 38 39,,N/A
2014-02-12,15 16 27 31 40 49,,N/A
2014-02-10,10 11 27 36 39 41,,N/A
2014-02-08,9 12 15 19 20 25,,N/A
2014-02-05,14 24 26 40 42 43,,N/A
2014-02-03,14 15 23 30 39 42,,N/A
2014-02-01,7 10 31 32 48 49,,N/A
2014-01-29,2 13 19 27 28 33,,N/A
2014-01-27,1 2 27 40 41 44,,N/A
2014-01-25,6 18 21 26 30 38,,N/A
2014-01-22,9 17 30 31 43 45,,N/A
2014-01-20,1 11 12 26 30 39,,N/A
2014-01-18,4 9 24 26 33 45,,N/A
2014-01-15,5 9 16 22 24 33,,N/A
2014-01-13,18 24 27 30 43 48,,N/A
2014-01-11,9 13 19 25 33 39,,N/A
2014-01-08,1 5 22 26 29 39,,N/A
2014-01-06,6 7 9 21 33 47,,N/A
2014-01-04,2 19 33 35 44 48,,N/A
2014-01-01,7 10 23 29 45 47,,N/A
2013-12-30,16 20 34 35 41 46,,N/A
2013-12-28,8 21 24 32 34 40,,N/A
2013-12-25,5 7 9 29 38 39,,N/A
2013-12-23,16 25 28 31 43 47,,N/A
2013-12-21,6 8 24 26 30 43,,N/A
2013-12-18,18 27 30 37 38 43,,N/A
2013-12-16,26 27 29 33 41 47,,N/A
2013-12-14,6 7 12 16 26 31,,N/A
2013-12-11,11 22 28 30 40 46,,N/A
2013-12-09,21 22 31 32 35 37,,N/A
2013-12-07,2 4 17 21 36 42,,N/A
2013-12-04,1 5 15 18 23 38,,N/A
2013-12-02,6 8 16 22 33 38,,N/A
2013-11-30,5 8 21 22 31 39,,N/A
2013-11-27,8 23 26 34 38 40,,N/A
2013-11-25,6 7 30 34 37 44,,N/A
2013-11-23,7 32 34 38 42 49,,N/A
2013-11-20,2 4 19 21 29 47,,N/A
2013-11-18,7 9 12 27 36 46,,N/A
2013-11-16,9 18 37 40 41 45,,N/A
2013-11-13,8 10 28 35 38 42,,N/A
2013-11-11,14 16 20 31 32 38,,N/A
2013-11-09,1 7 28 36 42 47,,N/A
2013-11-06,4 13 28 38 42 44,,N/A
2013-11-04,1 8 19 32 37 49,,N/A
2013-11-02,10 12 17 28 29 36,,N/A
2013-10-30,15 17 28 33 35 42,,N/A
2013-10-28,2 9 10 32 41 43,,N/A
2013-10-26,14 23 30 31 35 42,,N/A
2013-10-23,19 30 36 42 47 48,,N/A
2013-10-21,19 24 32 35 45 49,,N/A
2013-10-19,5 7 11 19 37 44,,N/A
2013-10-16,8 13 30 33 44 48,,N/A
2013-10-14,12 13 20 23 28 37,,N/A
2013-10-12,17 26 42 43 46 47,,N/A
2013-10-09,3 18 19 23 42 47,,N/A
2013-10-07,17 31 37 40 45 46,,N/A
2013-10-05,1 28 31 34 37 41,,N/A
2013-10-02,20 35 37 42 45 47,,N/A
2013-09-30,3 11 25 28 36 40,,N/A
2013-09-28,4 6 17 21 40 44,,N/A
2013-09-25,19 20 25 40 41 47,,N/A
2013-09-23,4 9 10 13 15 20,,N/A
2013-09-21,17 18 33 34 41 43,,N/A
2013-09-18,4 14 28 30 43 48,,N/A
2013-09-16,4 17 19 46 47 48,,N/A
2013-09-14,10 14 18 27 38 48,,N/A
2013-09-11,14 15 21 29 30 41,,N/A
2013-09-09,4 28 34 36 42 48,,N/A
2013-09-07,9 11 18 21 23 25,,N/A
2013-09-04,3 12 14 43 44 46,,N/A
2013-09-02,5 15 31 32 44 46,,N/A
2013-08-31,8 20 24 27 39 49,,N/A
2013-08-28,9 10 14 25 27 43,,N/A
2013-08-26,2 20 22 25 32 34,,N/A
2013-08-24,1 8 25 31 37 48,,N/A
2013-08-21,6 12 15 25 33 35,,N/A
2013-08-19,8 12 23 30 31 48,,N/A
2013-08-17,18 30 38 40 42 43,,N/A
2013-08-14,4 18 20 22 26 37,,N/A
2013-08-12,1 6 30 36 40 46,,N/A
2013-08-10,6 19 25 34 36 41,,N/A
2013-08-07,19 21 26 31 37 49,,N/A
2013-08-05,20 21 24 28 30 32,,N/A
2013-08-03,10 12 17 18 27 32,,N/A
2013-07-31,4 12 15 20 38 43,,N/A
2013-07-29,29 31 38 43 47 49,,N/A
2013-07-27,4 9 10 19 29 37,,N/A
2013-07-24,11 23 26 34 39 44,,N/A
2013-07-22,11 13 23 37 39 40,,N/A
2013-07-20,11 13 17 19 25 34,,N/A
2013-07-17,7 18 20 32 35 49,,N/A
2013-07-15,3 8 22 29 30 34,,N/A
2013-07-13,6 10 14 31 35 45,,N/A
2013-07-10,5 14 27 32 37 40,,N/A
2013-07-08,12 14 37 45 46 48,,N/A
2013-07-06,14 20 22 23 42 48,,N/A
2013-07-03,2 5 19 21 28 45,,N/A
2013-07-01,1 5 9 11 19 27,,N/A
2013-06-29,3 4 16 18 22 32,,N/A
2013-06-26,4 7 9 10 29 47,,N/A
2013-06-24,2 11 18 19 27 29,,N/A
2013-06-22,8 18 34 35 38 45,,N/A
2013-06-19,4 5 11 22 28 49,,N/A
2013-06-17,4 8 22 25 37 49,,N/A
2013-06-15,18 23 29 43 47 48,,N/A
2013-06-12,13 16 22 24 26 33,,N/A
2013-06-10,7 8 13 19 22 23,,N/A
2013-06-08,1 4 6 33 46 48,,N/A
2013-06-05,4 11 25 31 33 37,,N/A
2013-06-03,3 18 23 34 40 48,,N/A
2013-06-01,13 16 22 25 44 47,,N/A
2013-05-29,5 16 22 26 32 34,,N/A
2013-05-27,6 9 15 35 39 48,,N/A
2013-05-25,9 10 30 31 36 41,,N/A
2013-05-22,3 25 27 32 34 40,,N/A
2013-05-20,2 6 12 16 17 23,,N/A
2013-05-18,7 10 23 36 40 44,,N/A
2013-05-15,16 26 33 36 40 48,,N/A
2013-05-13,4 8 32 36 41 48,,N/A
2013-05-11,2 3 11 17 27 37,,N/A
2013-05-08,8 13 20 24 28 48,,N/A
2013-05-06,10 12 25 29 31 32,,N/A
2013-05-04,4 11 14 17 33 44,,N/A
2013-05-01,17 22 25 30 32 34,,N/A
2013-04-29,7 8 10 27 39 46,,N/A
2013-04-27,13 26 28 33 36 43,,N/A
2013-04-24,7 12 16 30 32 41,,N/A
2013-04-22,5 24 29 38 41 44,,N/A
2013-04-20,1 2 10 16 35 44,,N/A
2013-04-17,7 16 29 32 34 35,,N/A
2013-04-15,12 13 18 33 42 47,,N/A
2013-04-13,9 15 16 36 37 49,,N/A
2013-04-10,3 9 40 41 42 43,,N/A
2013-04-08,5 10 19 35 42 46,,N/A
2013-04-06,11 14 15 16 28 45,,N/A
2013-04-03,7 19 23 35 42 45,,N/A
2013-04-01,8 16 23 31 42 47,,N/A
2013-03-30,4 31 34 39 45 46,,N/A
2013-03-27,22 23 24 29 32 33,,N/A
2013-03-25,3 8 12 17 25 30,,N/A
2013-03-23,2 4 7 26 28 31,,N/A
2013-03-20,4 6 8 19 38 46,,N/A
2013-03-18,8 13 24 39 41 43,,N/A
2013-03-16,2 14 23 30 33 47,,N/A
2013-03-13,3 11 12 27 37 46,,N/A
2013-03-11,2 15 25 28 33 47,,N/A
2013-03-09,5 14 16 21 28 42,,N/A
2013-03-06,18 25 32 38 40 41,,N/A
2013-03-04,14 16 24 32 48 49,,N/A
2013-03-02,2 12 29 31 40 42,,N/A
2013-02-27,5 26 28 30 42 45,,N/A
2013-02-25,16 23 24 38 42 48,,N/A
2013-02-23,25 28 33 34 46 47,,N/A
2013-02-20,3 13 17 24 37 46,,N/A
2013-02-18,9 33 35 39 40 45,,N/A
2013-02-16,3 7 33 37 40 44,,N/A
2013-02-13,18 25 29 31 34 48,,N/A
2013-02-11,5 9 17 22 37 38,,N/A
2013-02-09,11 16 23 31 32 35,,N/A
2013-02-06,19 32 33 42 44 46,,N/A
2013-02-04,2 12 15 34 38 49,,N/A
2013-02-02,28 29 32 35 36 41,,N/A
2013-01-30,1 10 13 39 42 44,,N/A
2013-01-28,2 11 19 30 34 39,,N/A
2013-01-26,4 20 21 36 38 42,,N/A
2013-01-23,11 26 27 32 45 47,,N/A
2013-01-21,6 17 18 34 40 47,,N/A
2013-01-19,11 13 17 25 26 43,,N/A
2013-01-16,1 14 20 24 28 48,,N/A
2013-01-14,13 16 17 23 34 36,,N/A
2013-01-12,9 24 30 35 38 48,,N/A
2013-01-09,7 14 16 22 25 48,,N/A
2013-01-07,15 16 19 26 28 41,,N/A
2013-01-05,8 22 24 31 36 40,,N/A
2013-01-02,15 25 30 33 39 42,,N/A
2012-12-31,13 19 21 27 29 43,,N/A
2012-12-29,3 8 14 21 22 42,,N/A
2012-12-26,5 10 16 27 39 44,,N/A
2012-12-24,10 14 16 37 40 49,,N/A
2012-12-22,1 13 23 24 25 27,,N/A
2012-12-19,8 10 20 26 28 37,,N/A
2012-12-17,5 31 32 37 40 48,,N/A
2012-12-15,10 32 35 42 44 48,,N/A
2012-12-12,7 22 35 37 40 49,,N/A
2012-12-10,11 17 20 21 38 42,,N/A
2012-12-08,5 8 10 19 33 47,,N/A
2012-12-05,8 14 21 25 31 36,,N/A
2012-12-03,8 10 14 19 40 46,,N/A
2012-12-01,2 3 13 33 40 48,,N/A
2012-11-28,7 16 19 42 48 49,,N/A
2012-11-26,2 8 9 28 39 47,,N/A
2012-11-24,10 11 14 25 26 33,,N/A
2012-11-21,3 10 16 32 35 37,,N/A
2012-11-19,4 17 25 29 37 48,,N/A
2012-11-17,4 9 16 17 18 32,,N/A
2012-11-14,9 19 32 45 47 48,,N/A
2012-11-12,1 9 14 18 30 45,,N/A
2012-11-10,12 17 19 24 30 40,,N/A
2012-11-07,1 5 34 38 44 48,,N/A
2012-11-05,5 12 20 24 34 45,,N/A
2012-11-03,3 6 18 22 24 43,,N/A
2012-10-31,1 7 17 27 28 43,,N/A
2012-10-29,5 14 22 32 33 48,,N/A
2012-10-27,6 10 17 22 31 44,,N/A
2012-10-24,1 9 20 34 35 42,,N/A
2012-10-22,2 16 18 35 42 43,,N/A
2012-10-20,4 20 38 47 48 49,,N/A
2012-10-17,3 9 19 24 39 47,,N/A
2012-10-15,14 21 41 44 46 49,,N/A
2012-10-13,2 10 18 22 44 47,,N/A
2012-10-10,15 23 33 36 40 48,,N/A
2012-10-08,9 14 17 24 32 41,,N/A
2012-10-06,11 13 14 20 27 47,,N/A
2012-10-03,6 8 14 28 31 47,,N/A
2012-10-01,3 7 11 16 29 37,,N/A
2012-09-29,6 18 22 23 28 49,,N/A
2012-09-26,10 16 22 23 40 42,,N/A
2012-09-24,12 14 27 35 41 42,,N/A
2012-09-22,5 7 28 31 36 41,,N/A
2012-09-19,1 5 12 13 43 46,,N/A
2012-09-17,9 22 26 39 41 44,,N/A
2012-09-15,10 20 37 39 42 44,,N/A
2012-09-12,6 13 20 23 28 32,,N/A
2012-09-10,1 12 20 23 32 33,,N/A
2012-09-08,3 19 22 33 41 43,,N/A
2012-09-05,12 15 21 23 25 33,,N/A
2012-09-03,7 13 21 27 35 48,,N/A
2012-09-01,1 5 7 18 28 34,,N/A
2012-08-29,10 13 20 22 39 40,,N/A
2012-08-27,2 9 10 30 33 41,,N/A
2012-08-25,16 29 39 40 44 47,,N/A
2012-08-22,7 8 18 21 26 36,,N/A
2012-08-20,1 8 12 18 23 43,,N/A
2012-08-18,7 8 12 19 29 38,,N/A
2012-08-15,27 28 30 31 41 45,,N/A
2012-08-13,17 22 24 35 45 47,,N/A
2012-08-11,4 20 34 44 48 49,,N/A
2012-08-08,8 12 27 31 35 44,,N/A
2012-08-06,17 19 28 34 37 42,,N/A
2012-08-04,15 22 24 26 35 48,,N/A
2012-08-01,6 9 17 19 27 46,,N/A
2012-07-30,1 2 5 32 34 45,,N/A
2012-07-28,24 27 36 38 39 49,,N/A
2012-07-25,8 11 26 39 40 41,,N/A
2012-07-23,6 9 13 23 28 48,,N/A
2012-07-21,24 27 33 39 40 45,,N/A
2012-07-18,3 9 15 32 47 49,,N/A
2012-07-16,3 14 16 31 35 39,,N/A
2012-07-14,3 4 18 19 24 43,,N/A
2012-07-11,3 23 24 34 37 44,,N/A
2012-07-09,6 14 17 27 29 34,,N/A
2012-07-07,6 8 12 20 24 49,,N/A
2012-07-04,8 23 27 31 34 40,,N/A
2012-07-02,16 18 21 26 40 41,,N/A
2012-06-30,1 7 9 10 30 46,,N/A
2012-06-27,4 9 17 26 29 32,,N/A
2012-06-25,5 6 31 34 35 47,,N/A
2012-06-23,25 26 28 37 42 46,,N/A
2012-06-20,10 14 15 39 42 47,,N/A
2012-06-18,10 11 13 21 31 41,,N/A
2012-06-16,9 18 23 28 33 37,,N/A
2012-06-13,15 25 26 27 28 42,,N/A
2012-06-11,4 8 19 31 36 39,,N/A
2012-06-09,1 2 3 16 37 42,,N/A
2012-06-06,1 9 13 23 29 34,,N/A
2012-06-04,6 34 35 39 43 48,,N/A
2012-06-02,9 11 22 38 41 45,,N/A
2012-05-30,4 10 26 34 43 44,,N/A
2012-05-28,6 15 18 25 33 44,,N/A
2012-05-26,3 12 13 22 23 31,,N/A
2012-05-23,9 14 17 27 35 43,,N/A
2012-05-21,4 12 13 28 45 46,,N/A
2012-05-19,7 29 30 33 37 47,,N/A
2012-05-16,3 5 20 23 35 39,,N/A
2012-05-14,11 12 23 33 34 40,,N/A
2012-05-12,6 10 21 32 41 44,,N/A
2012-05-09,11 18 19 27 41 49,,N/A
2012-05-07,2 3 29 30 33 44,,N/A
2012-05-05,14 17 20 22 42 45,,N/A
2012-05-02,1 9 29 30 41 49,,N/A
2012-04-30,3 8 17 23 33 43,,N/A
2012-04-28,13 17 27 31 34 35,,N/A
2012-04-25,4 6 25 34 37 48,,N/A
2012-04-23,6 13 19 21 34 36,,N/A
2012-04-21,3 11 30 37 39 41,,N/A
2012-04-18,7 8 25 33 37 40,,N/A
2012-04-16,1 5 10 12 14 46,,N/A
2012-04-14,4 15 27 33 34 41,,N/A
2012-04-11,2 4 18 32 33 45,,N/A
2012-04-09,1 9 20 21 25 28,,N/A
2012-04-07,10 30 40 44 45 47,,N/A
2012-04-04,7 21 30 31 33 42,,N/A
2012-04-02,3 6 12 26 34 45,,N/A
2012-03-31,4 29 36 41 43 45,,N/A
2012-03-28,6 25 27 35 36 46,,N/A
2012-03-26,10 14 16 19 37 49,,N/A
2012-03-24,2 6 12 35 40 44,,N/A
2012-03-21,1 14 18 22 40 49,,N/A
2012-03-19,3 4 23 29 32 37,,N/A
2012-03-17,7 22 26 29 31 37,,N/A
2012-03-14,13 16 22 26 27 41,,N/A
2012-03-12,8 12 15 36 38 49,,N/A
2012-03-10,15 28 31 38 45 49,,N/A
2012-03-07,6 20 25 26 47 49,,N/A
2012-03-05,17 22 23 27 28 41,,N/A
2012-03-03,1 2 37 38 43 48,,N/A
2012-02-29,9 11 12 14 29 33,,N/A
2012-02-27,6 13 25 28 38 44,,N/A
2012-02-25,8 16 18 19 24 25,,N/A
2012-02-22,3 12 20 22 38 48,,N/A
2012-02-20,13 15 19 30 36 49,,N/A
2012-02-18,2 19 29 39 43 44,,N/A
2012-02-15,1 3 7 25 27 29,,N/A
2012-02-13,6 15 16 40 41 45,,N/A
2012-02-11,10 13 19 35 43 46,,N/A
2012-02-08,6 8 31 34 44 48,,N/A
2012-02-06,2 10 28 34 43 46,,N/A
2012-02-04,7 8 24 32 39 44,,N/A
2012-02-01,3 4 8 17 27 34,,N/A
2012-01-30,7 10 12 15 41 46,,N/A
2012-01-28,12 27 32 34 41 44,,N/A
2012-01-25,1 2 4 7 34 36,,N/A
2012-01-23,3 23 26 36 43 48,,N/A
2012-01-21,7 14 25 28 30 47,,N/A
2012-01-18,2 6 21 25 43 47,,N/A
2012-01-16,1 19 36 39 41 48,,N/A
2012-01-14,9 15 25 29 39 40,,N/A
2012-01-11,2 5 26 30 37 38,,N/A
2012-01-09,10 15 27 31 35 46,,N/A
2012-01-07,7 9 11 14 19 42,,N/A
2012-01-04,20 22 23 24 31 37,,N/A
2012-01-02,6 16 29 30 36 37,,N/A
2011-12-31,8 9 10 15 27 29,,N/A
2011-12-28,8 19 38 42 44 46,,N/A
2011-12-26,9 11 12 22 44 47,,N/A
2011-12-24,5 12 19 20 26 27,,N/A
2011-12-21,2 14 16 17 37 40,,N/A
2011-12-19,11 28 29 32 37 42,,N/A
2011-12-17,6 18 25 31 41 45,,N/A
2011-12-14,11 17 24 25 33 36,,N/A
2011-12-12,4 13 15 18 28 35,,N/A
2011-12-10,7 23 25 41 42 43,,N/A
2011-12-07,4 5 6 12 36 44,,N/A
2011-12-05,7 12 18 43 47 48,,N/A
2011-12-03,5 9 23 30 33 37,,N/A
2011-11-30,1 11 18 21 33 38,,N/A
2011-11-28,17 27 34 37 42 45,,N/A
2011-11-26,11 14 19 35 37 46,,N/A
2011-11-23,2 24 30 36 45 49,,N/A
2011-11-21,3 23 26 27 29 41,,N/A
2011-11-19,12 16 28 34 43 45,,N/A
2011-11-16,7 9 18 27 32 34,,N/A
2011-11-14,3 8 11 22 24 33,,N/A
2011-11-12,3 6 10 11 12 49,,N/A
2011-11-09,14 19 20 37 42 49,,N/A
2011-11-07,10 28 32 39 46 49,,N/A
2011-11-05,2 15 22 30 31 48,,N/A
2011-11-02,6 7 15 19 28 30,,N/A
2011-10-31,2 6 13 22 36 42,,N/A
2011-10-29,1 5 10 19 21 47,,N/A
2011-10-26,9 11 27 28 33 47,,N/A
2011-10-24,4 10 37 38 43 44,,N/A
2011-10-22,10 25 26 38 39 41,,N/A
2011-10-19,3 13 23 27 39 44,,N/A
2011-10-17,7 20 21 24 25 46,,N/A
2011-10-15,5 27 28 39 41 45,,N/A
2011-10-12,3 6 8 9 12 19,,N/A
2011-10-10,3 16 18 25 32 47,,N/A
2011-10-08,17 25 28 41 46 48,,N/A
2011-10-05,26 27 35 38 43 49,,N/A
2011-10-03,2 6 8 15 39 43,,N/A
2011-10-01,2 14 18 28 29 43,,N/A
2011-09-28,16 17 19 22 27 35,,N/A
2011-09-26,5 10 14 28 29 39,,N/A
2011-09-24,1 24 28 40 43 47,,N/A
2011-09-21,4 13 16 24 40 43,,N/A
2011-09-19,3 4 26 35 46 47,,N/A
2011-09-17,12 26 30 33 34 38,,N/A
2011-09-14,15 19 24 39 42 46,,N/A
2011-09-12,6 10 22 23 28 39,,N/A
2011-09-10,1 3 19 24 26 48,,N/A
2011-09-07,8 26 31 36 46 49,,N/A
2011-09-05,2 7 27 31 37 48,,N/A
2011-09-03,3 9 11 20 31 45,,N/A
2011-08-31,3 4 7 16 34 48,,N/A
2011-08-29,1 2 7 20 22 31,,N/A
2011-08-27,18 25 38 41 46 49,,N/A
2011-08-24,8 11 18 20 22 48,,N/A
2011-08-22,27 28 29 30 36 37,,N/A
2011-08-20,11 18 19 22 33 47,,N/A
2011-08-17,3 6 24 36 38 43,,N/A
2011-08-15,4 12 13 24 35 49,,N/A
2011-08-13,1 6 7 21 27 37,,N/A
2011-08-10,3 6 11 13 14 38,,N/A
2011-08-08,6 13 15 19 26 44,,N/A
2011-08-06,14 17 20 39 47 48,,N/A
2011-08-03,3 19 32 38 39 41,,N/A
2011-08-01,8 14 18 26 44 47,,N/A
2011-07-30,4 10 22 27 33 43,,N/A
2011-07-27,2 5 21 25 26 46,,N/A
2011-07-25,1 21 24 26 31 41,,N/A
2011-07-23,11 13 31 34 35 46,,N/A
2011-07-20,4 10 25 26 29 37,,N/A
2011-07-18,2 3 8 28 33 36,,N/A
2011-07-16,2 12 20 22 38 44,,N/A
2011-07-13,35 40 42 43 44 48,,N/A
2011-07-11,1 21 24 26 47 48,,N/A
2011-07-09,1 4 8 9 29 48,,N/A
2011-07-06,8 12 21 22 40 43,,N/A
2011-07-04,1 5 21 29 38 45,,N/A
2011-07-02,7 10 24 26 41 44,,N/A
2011-06-29,2 6 26 33 41 47,,N/A
2011-06-27,3 9 22 43 48 49,,N/A
2011-06-25,3 20 29 30 31 37,,N/A
2011-06-22,1 3 15 23 26 41,,N/A
2011-06-20,10 15 19 24 32 34,,N/A
2011-06-18,4 13 15 26 29 42,,N/A
2011-06-15,3 11 27 31 46 47,,N/A
2011-06-13,16 17 22 25 35 49,,N/A
2011-06-11,16 19 20 26 35 37,,N/A
2011-06-08,15 20 23 33 35 49,,N/A
2011-06-06,2 4 9 23 25 35,,N/A
2011-06-04,1 4 6 17 24 26,,N/A
2011-06-01,3 12 13 14 25 41,,N/A
2011-05-30,16 18 20 23 32 49,,N/A
2011-05-28,17 27 37 44 46 47,,N/A
2011-05-25,4 9 32 41 42 46,,N/A
2011-05-23,7 13 14 18 40 42,,N/A
2011-05-21,5 19 27 28 36 39,,N/A
2011-05-18,8 11 22 28 42 49,,N/A
2011-05-16,2 5 13 32 33 49,,N/A
2011-05-14,12 17 23 29 38 49,,N/A
2011-05-11,10 28 33 36 38 42,,N/A
2011-05-09,5 19 29 36 40 47,,N/A
2011-05-07,21 23 26 36 40 49,,N/A
2011-05-04,7 16 30 36 37 39,,N/A
2011-05-02,8 18 20 25 27 47,,N/A
2011-04-30,10 13 22 28 36 48,,N/A
2011-04-27,4 16 17 36 40 48,,N/A
2011-04-25,1 12 28 30 43 45,,N/A
2011-04-23,16 20 23 29 33 38,,N/A
2011-04-20,1 13 41 43 46 49,,N/A
2011-04-18,20 21 30 31 37 49,,N/A
2011-04-16,14 21 26 28 43 47,,N/A
2011-04-13,3 13 14 25 42 46,,N/A
2011-04-11,6 7 16 39 40 41,,N/A
2011-04-09,4 5 7 13 15 39,,N/A
2011-04-06,26 30 31 35 43 47,,N/A
2011-04-04,12 14 26 34 37 48,,N/A
2011-04-02,13 19 33 38 42 45,,N/A
2011-03-30,4 5 13 19 34 43,,N/A
2011-03-28,9 21 22 28 31 34,,N/A
2011-03-26,2 5 11 14 27 43,,N/A
2011-03-23,12 13 18 24 30 38,,N/A
2011-03-21,1 9 23 31 34 40,,N/A
2011-03-19,2 5 14 15 23 32,,N/A
2011-03-16,13 18 26 30 37 42,,N/A
2011-03-14,10 17 24 40 41 47,,N/A
2011-03-12,2 4 6 21 26 41,,N/A
2011-03-09,5 11 14 17 25 36,,N/A
2011-03-07,2 3 24 37 39 45,,N/A
2011-03-05,26 31 32 35 43 47,,N/A
2011-03-02,12 13 18 21 27 30,,N/A
2011-02-28,4 5 6 21 32 34,,N/A
2011-02-26,2 16 19 36 39 41,,N/A
2011-02-23,12 18 26 36 44 46,,N/A
2011-02-21,10 13 21 24 44 48,,N/A
2011-02-19,9 14 17 23 27 41,,N/A
2011-02-16,3 14 28 31 32 43,,N/A
2011-02-14,3 5 7 12 23 38,,N/A
2011-02-12,11 16 25 31 46 49,,N/A
2011-02-09,10 14 29 33 42 45,,N/A
2011-02-07,11 14 17 30 45 47,,N/A
2011-02-05,1 14 24 31 39 48,,N/A
2011-02-02,1 2 15 27 44 46,,N/A
2011-01-31,9 11 12 32 38 43,,N/A
2011-01-29,11 22 37 38 44 49,,N/A
2011-01-26,7 12 30 32 48 49,,N/A
2011-01-24,11 15 16 29 34 45,,N/A
2011-01-22,1 7 13 25 33 45,,N/A
2011-01-19,5 19 27 32 40 41,,N/A
2011-01-17,9 10 16 19 20 43,,N/A
2011-01-15,1 4 6 9 34 46,,N/A
2011-01-12,2 22 40 41 43 45,,N/A
2011-01-10,1 7 8 12 37 44,,N/A
2011-01-08,10 15 20 23 38 45,,N/A
2011-01-05,8 17 19 21 28 42,,N/A
2011-01-03,5 21 27 32 43 48,,N/A
2011-01-01,6 13 14 18 22 35,,N/A
2010-12-29,6 11 19 23 26 41,,N/A
2010-12-27,3 16 17 27 48 49,,N/A
2010-12-25,23 31 38 42 44 46,,N/A
2010-12-22,7 17 20 27 30 47,,N/A
2010-12-20,10 20 31 35 42 48,,N/A
2010-12-18,7 17 20 32 36 47,,N/A
2010-12-15,1 15 38 43 44 47,,N/A
2010-12-13,7 21 26 29 30 40,,N/A
2010-12-11,17 25 36 37 39 47,,N/A
2010-12-08,13 17 18 38 41 43,,N/A
2010-12-06,25 30 35 36 44 45,,N/A
2010-12-04,1 11 33 34 38 40,,N/A
2010-12-01,4 14 20 21 30 37,,N/A
2010-11-29,9 26 32 40 41 45,,N/A
2010-11-27,7 12 22 25 26 45,,N/A
2010-11-24,12 26 34 35 39 42,,N/A
2010-11-22,1 3 12 25 40 42,,N/A
2010-11-20,6 22 32 36 37 44,,N/A
2010-11-17,2 3 8 13 22 23,,N/A
2010-11-15,20 22 26 30 34 42,,N/A
2010-11-13,1 5 11 15 31 45,,N/A
2010-11-10,10 16 22 35 41 45,,N/A
2010-11-08,2 17 18 19 27 28,,N/A
2010-11-06,2 10 16 17 21 30,,N/A
2010-11-03,12 16 22 30 43 44,,N/A
2010-11-01,4 15 16 24 26 28,,N/A
2010-10-30,1 5 15 19 21 41,,N/A
2010-10-27,1 9 21 22 32 47,,N/A
2010-10-25,2 4 7 23 33 38,,N/A
2010-10-23,17 22 26 28 33 36,,N/A
2010-10-20,9 15 23 29 30 41,,N/A
2010-10-18,9 17 21 23 39 46,,N/A
2010-10-16,6 8 11 20 25 36,,N/A
2010-10-13,4 7 14 16 27 40,,N/A
2010-10-11,1 8 16 26 34 37,,N/A
2010-10-09,2 5 12 26 44 46,,N/A
2010-10-06,5 11 12 13 34 39,,N/A
2010-10-04,1 2 8 20 22 34,,N/A
2010-10-02,5 7 9 17 40 46,,N/A
2010-09-29,5 20 24 26 36 42,,N/A
2010-09-27,13 22 37 41 44 45,,N/A
2010-09-25,21 27 28 33 38 45,,N/A
2010-09-22,1 8 23 30 33 47,,N/A
2010-09-20,1 2 13 23 28 46,,N/A
2010-09-18,1 17 27 33 43 49,,N/A
2010-09-15,6 19 24 26 35 45,,N/A
2010-09-13,14 15 20 32 36 47,,N/A
2010-09-11,5 10 19 21 34 44,,N/A
2010-09-08,6 14 16 23 40 49,,N/A
2010-09-06,18 33 37 39 45 48,,N/A
2010-09-04,4 8 12 29 32 49,,N/A
2010-09-01,20 33 36 40 43 44,,N/A
2010-08-30,3 4 18 19 30 42,,N/A
2010-08-28,11 15 17 21 35 49,,N/A
2010-08-25,5 6 20 40 41 44,,N/A
2010-08-23,6 13 15 22 34 41,,N/A
2010-08-21,6 16 20 21 45 48,,N/A
2010-08-18,5 10 20 26 29 45,,N/A
2010-08-16,6 11 30 33 40 48,,N/A
2010-08-14,3 17 20 28 36 37,,N/A
2010-08-11,3 10 16 33 43 46,,N/A
2010-08-09,2 11 21 31 34 37,,N/A
2010-08-07,4 7 20 21 26 28,,N/A
2010-08-04,3 7 20 29 35 48,,N/A
2010-08-02,8 11 16 29 46 49,,N/A
2010-07-31,4 17 21 36 40 45,,N/A
2010-07-28,4 8 19 23 29 43,,N/A
2010-07-26,6 26 29 39 40 49,,N/A
2010-07-24,2 20 24 32 37 42,,N/A
2010-07-21,2 9 36 37 42 48,,N/A
2010-07-19,5 18 29 39 42 49,,N/A
2010-07-17,23 25 30 36 42 47,,N/A
2010-07-14,2 6 17 19 26 40,,N/A
2010-07-12,1 14 22 41 47 48,,N/A
2010-07-10,5 8 19 20 23 32,,N/A
2010-07-07,15 17 18 38 43 44,,N/A
2010-07-05,2 5 30 32 35 41,,N/A
2010-07-03,9 19 22 26 28 40,,N/A
2010-06-30,22 27 37 40 45 46,,N/A
2010-06-28,10 15 29 36 38 41,,N/A
2010-06-26,1 2 8 26 39 49,,N/A
2010-06-23,7 15 39 43 45 49,,N/A
2010-06-21,1 9 18 30 36 46,,N/A
2010-06-19,8 20 30 31 33 45,,N/A
2010-06-16,3 8 9 10 26 39,,N/A
2010-06-14,3 21 22 25 28 35,,N/A
2010-06-12,1 4 14 22 28 38,,N/A
2010-06-09,16 18 21 22 35 38,,N/A
2010-06-07,3 14 16 19 20 39,,N/A
2010-06-05,4 6 22 28 42 44,,N/A
2010-06-02,3 14 24 27 36 46,,N/A
2010-05-31,3 12 18 21 24 25,,N/A
2010-05-29,3 6 13 15 36 38,,N/A
2010-05-26,3 5 14 23 36 37,,N/A
2010-05-24,14 32 39 43 44 45,,N/A
2010-05-22,23 27 33 34 38 39,,N/A
2010-05-19,25 27 30 31 33 38,,N/A
2010-05-17,10 23 28 29 31 36,,N/A
2010-05-15,1 11 14 17 31 35,,N/A
2010-05-12,12 15 30 31 33 42,,N/A
2010-05-10,10 26 30 34 41 47,,N/A
2010-05-08,9 19 23 27 39 41,,N/A
2010-05-05,4 7 18 28 43 47,,N/A
2010-05-03,4 12 29 34 38 48,,N/A
2010-05-01,12 22 23 26 33 43,,N/A
2010-04-28,20 24 31 35 41 44,,N/A
2010-04-26,9 35 38 40 42 46,,N/A
2010-04-24,4 14 25 33 38 44,,N/A
2010-04-21,1 13 20 26 45 49,,N/A
2010-04-19,1 25 28 33 37 46,,N/A
2010-04-17,5 9 20 21 23 31,,N/A
2010-04-14,5 7 19 21 25 49,,N/A
2010-04-12,3 19 24 29 31 36,,N/A
2010-04-10,1 14 16 23 36 38,,N/A
2010-04-07,1 8 27 29 40 44,,N/A
2010-04-05,2 9 13 20 21 32,,N/A
2010-04-03,10 19 29 36 39 45,,N/A
2010-03-31,1 8 9 14 34 49,,N/A
2010-03-29,8 26 27 31 36 45,,N/A
2010-03-27,8 21 23 33 38 49,,N/A
2010-03-24,20 24 33 37 38 43,,N/A
2010-03-22,8 15 22 23 39 44,,N/A
2010-03-20,2 4 16 34 45 47,,N/A
2010-03-17,6 22 24 26 29 44,,N/A
2010-03-15,5 14 19 31 35 45,,N/A
2010-03-13,1 12 35 39 40 41,,N/A
2010-03-10,2 12 13 22 26 42,,N/A
2010-03-08,5 19 20 23 47 49,,N/A
2010-03-06,1 2 10 17 39 47,,N/A
2010-03-03,27 30 32 43 44 46,,N/A
2010-03-01,7 9 19 32 39 48,,N/A
2010-02-27,6 9 32 33 40 46,,N/A
2010-02-24,7 8 10 12 27 41,,N/A
2010-02-22,6 12 29 40 46 47,,N/A
2010-02-20,2 7 8 20 22 31,,N/A
2010-02-17,6 8 13 19 26 31,,N/A
2010-02-15,4 16 26 27 33 47,,N/A
2010-02-13,2 26 28 34 45 47,,N/A
2010-02-10,2 8 10 21 44 47,,N/A
2010-02-08,3 7 32 34 35 49,,N/A
2010-02-06,4 17 27 38 41 47,,N/A
2010-02-03,8 9 17 31 39 49,,N/A
2010-02-01,6 13 18 38 46 47,,N/A
2010-01-30,10 12 21 28 39 46,,N/A
2010-01-27,2 7 13 27 30 35,,N/A
2010-01-25,8 14 15 17 35 42,,N/A
2010-01-23,5 8 13 19 26 45,,N/A
2010-01-20,4 6 11 23 39 41,,N/A
2010-01-18,5 23 26 29 36 46,,N/A
2010-01-16,7 33 37 46 48 49,,N/A
2010-01-13,12 19 24 25 31 47,,N/A
2010-01-11,2 4 31 32 35 38,,N/A
2010-01-09,9 12 14 25 36 39,,N/A
2010-01-06,4 9 14 34 43 48,,N/A
2010-01-04,7 9 10 14 30 41,,N/A
2010-01-02,8 14 24 25 37 46,,N/A
2009-12-30,3 5 9 14 26 43,,N/A
2009-12-28,3 8 10 12 16 19,,N/A
2009-12-26,18 30 39 44 47 48,,N/A
2009-12-23,8 9 13 17 31 39,,N/A
2009-12-21,3 4 17 21 41 44,,N/A
2009-12-19,5 19 30 34 37 41,,N/A
2009-12-16,4 8 12 16 28 49,,N/A
2009-12-14,21 22 23 25 39 45,,N/A
2009-12-12,6 13 14 18 23 37,,N/A
2009-12-09,9 18 19 42 47 48,,N/A
2009-12-07,11 20 23 25 29 36,,N/A
2009-12-05,9 15 23 35 45 47,,N/A
2009-12-02,5 10 26 39 41 44,,N/A
2009-11-30,24 30 36 38 39 44,,N/A
2009-11-28,11 13 34 38 47 48,,N/A
2009-11-25,6 8 14 28 42 43,,N/A
2009-11-23,9 12 13 21 22 42,,N/A
2009-11-21,5 9 11 22 45 48,,N/A
2009-11-18,22 28 29 31 42 48,,N/A
2009-11-16,4 6 8 21 32 43,,N/A
2009-11-14,5 7 8 18 30 32,,N/A
2009-11-11,14 19 23 31 42 47,,N/A
2009-11-09,1 9 11 13 27 29,,N/A
2009-11-07,5 6 7 8 9 26,,N/A
2009-11-04,3 6 14 29 35 42,,N/A
2009-11-02,8 19 22 28 36 41,,N/A
2009-10-31,8 15 24 26 34 40,,N/A
2009-10-28,26 33 35 36 39 43,,N/A
2009-10-26,2 3 13 15 19 37,,N/A
2009-10-24,9 14 26 29 31 42,,N/A
2009-10-21,15 23 31 39 40 45,,N/A
2009-10-19,28 33 35 39 40 41,,N/A
2009-10-17,11 24 26 33 46 47,,N/A
2009-10-14,9 11 21 35 45 46,,N/A
2009-10-12,24 26 33 37 43 46,,N/A
2009-10-10,14 18 26 32 34 49,,N/A
2009-10-07,12 21 25 33 39 42,,N/A
2009-10-05,6 23 26 31 42 49,,N/A
2009-10-03,1 3 5 18 19 24,,N/A
2009-09-30,5 23 25 29 35 38,,N/A
2009-09-28,1 2 11 24 27 43,,N/A
2009-09-26,4 7 8 11 44 49,,N/A
2009-09-23,9 12 13 30 35 46,,N/A
2009-09-21,3 4 17 23 29 36,,N/A
2009-09-19,12 14 32 39 41 48,,N/A
2009-09-16,14 18 20 21 23 49,,N/A
2009-09-14,4 13 25 27 45 46,,N/A
2009-09-12,8 11 14 16 23 38,,N/A
2009-09-09,15 19 23 24 28 39,,N/A
2009-09-07,1 14 29 32 39 48,,N/A
2009-09-05,6 17 31 34 38 48,,N/A
2009-09-02,1 7 9 14 16 37,,N/A
2009-08-31,1 20 22 24 34 37,,N/A
2009-08-29,3 10 21 35 43 45,,N/A
2009-08-26,3 12 25 31 37 46,,N/A
2009-08-24,13 15 16 32 35 39,,N/A
2009-08-22,5 10 27 28 40 49,,N/A
2009-08-19,2 19 30 35 41 44,,N/A
2009-08-17,4 5 6 7 12 25,,N/A
2009-08-15,1 2 12 22 24 41,,N/A
2009-08-12,6 10 18 20 22 36,,N/A
2009-08-10,6 12 25 30 35 40,,N/A
2009-08-08,9 11 28 33 40 45,,N/A
2009-08-05,8 10 22 30 40 48,,N/A
2009-08-03,1 13 17 21 31 35,,N/A
2009-08-01,7 10 11 22 26 43,,N/A
2009-07-29,11 14 19 26 30 40,,N/A
2009-07-27,6 22 25 26 27 29,,N/A
2009-07-25,4 13 14 20 24 32,,N/A
2009-07-22,5 20 28 35 37 39,,N/A
2009-07-20,8 12 15 24 37 43,,N/A
2009-07-18,14 15 21 30 31 33,,N/A
2009-07-15,1 13 18 32 36 43,,N/A
2009-07-13,2 16 18 24 27 47,,N/A
2009-07-11,5 7 8 14 27 28,,N/A
2009-07-08,10 19 32 35 39 48,,N/A
2009-07-06,5 7 9 13 39 48,,N/A
2009-07-04,4 26 38 44 47 49,,N/A
2009-07-01,3 16 36 43 44 45,,N/A
2009-06-29,7 13 14 19 33 47,,N/A
2009-06-27,5 7 29 36 39 45,,N/A
2009-06-24,6 14 24 28 45 47,,N/A
2009-06-22,3 16 19 26 35 44,,N/A
2009-06-20,15 26 28 33 35 39,,N/A
2009-06-17,2 4 6 19 28 45,,N/A
2009-06-15,2 11 14 26 28 38,,N/A
2009-06-13,4 6 8 9 13 29,,N/A
2009-06-10,13 19 21 27 40 42,,N/A
2009-06-08,9 13 16 31 34 38,,N/A
2009-06-06,5 12 18 39 45 48,,N/A
2009-06-03,1 2 9 19 28 34,,N/A
2009-06-01,6 17 25 30 37 44,,N/A
2009-05-30,2 3 16 22 24 39,,N/A
2009-05-27,13 23 28 31 43 46,,N/A
2009-05-25,6 18 19 31 37 46,,N/A
2009-05-23,4 5 8 17 20 37,,N/A
2009-05-20,15 16 26 29 31 33,,N/A
2009-05-18,27 30 33 36 43 47,,N/A
2009-05-16,12 22 24 36 37 46,,N/A
2009-05-13,7 16 21 27 28 34,,N/A
2009-05-11,12 27 30 31 47 49,,N/A
2009-05-09,5 6 13 25 33 41,,N/A
2009-05-06,5 6 31 38 39 49,,N/A
2009-05-04,2 3 9 18 31 43,,N/A
2009-05-02,13 31 34 35 45 47,,N/A
2009-04-29,16 26 28 30 38 43,,N/A
2009-04-27,8 9 14 16 20 46,,N/A
2009-04-25,10 16 27 44 46 49,,N/A
2009-04-22,6 8 13 24 29 43,,N/A
2009-04-20,2 7 30 31 46 48,,N/A
2009-04-18,9 10 16 26 39 47,,N/A
2009-04-15,2 5 6 28 34 36,,N/A
2009-04-13,2 6 10 34 41 45,,N/A
2009-04-11,7 16 20 31 43 49,,N/A
2009-04-08,6 12 17 19 24 37,,N/A
2009-04-06,4 9 11 24 29 47,,N/A
2009-04-04,1 3 7 27 38 43,,N/A
2009-04-01,15 24 28 33 39 49,,N/A
2009-03-30,9 13 15 21 33 35,,N/A
2009-03-28,19 26 31 33 34 37,,N/A
2009-03-25,8 18 20 21 40 42,,N/A
2009-03-23,1 8 15 20 32 35,,N/A
2009-03-21,10 13 25 39 42 46,,N/A
2009-03-18,3 5 16 20 30 43,,N/A
2009-03-16,8 13 19 21 35 44,,N/A
2009-03-14,6 12 14 20 36 46,,N/A
2009-03-11,10 13 16 30 31 37,,N/A
2009-03-09,6 11 17 25 40 41,,N/A
2009-03-07,11 19 20 29 42 47,,N/A
2009-03-04,15 35 39 41 48 49,,N/A
2009-03-02,13 14 24 41 44 45,,N/A
2009-02-28,6 21 30 31 32 38,,N/A
2009-02-25,1 19 20 26 30 36,,N/A
2009-02-23,4 8 12 14 32 35,,N/A
2009-02-21,4 6 20 44 48 49,,N/A
2009-02-18,1 4 6 15 25 30,,N/A
2009-02-16,7 17 18 21 23 37,,N/A
2009-02-14,2 9 24 26 32 47,,N/A
2009-02-11,4 18 21 22 34 41,,N/A
2009-02-09,22 23 26 38 41 45,,N/A
2009-02-07,14 18 25 28 32 49,,N/A
2009-02-04,1 27 30 36 38 46,,N/A
2009-02-02,1 2 7 11 18 33,,N/A
2009-01-31,5 15 24 25 35 46,,N/A
2009-01-28,8 17 24 29 33 37,,N/A
2009-01-26,4 15 16 18 23 39,,N/A
2009-01-24,11 13 17 27 34 45,,N/A
2009-01-21,1 12 13 23 36 48,,N/A
2009-01-19,6 8 17 29 38 39,,N/A
2009-01-17,6 17 22 27 33 37,,N/A
2009-01-14,15 18 30 41 43 44,,N/A
2009-01-12,10 15 22 23 38 46,,N/A
2009-01-10,9 17 34 38 39 41,,N/A
2009-01-07,3 9 19 24 35 45,,N/A
2009-01-05,13 19 20 31 32 39,,N/A
2009-01-03,2 15 20 22 28 39,,N/A
2008-12-31,8 14 33 34 43 47,,N/A
2008-12-29,2 10 11 32 48 49,,N/A
2008-12-27,6 17 27 39 40 45,,N/A
2008-12-24,3 8 19 40 41 44,,N/A
2008-12-22,18 19 34 37 42 48,,N/A
2008-12-20,3 24 25 36 38 45,,N/A
2008-12-17,22 26 30 31 36 47,,N/A
2008-12-15,18 19 27 31 32 48,,N/A
2008-12-13,10 11 13 40 47 48,,N/A
2008-12-10,16 23 28 37 43 47,,N/A
2008-12-08,9 21 25 26 32 39,,N/A
2008-12-06,7 11 28 30 33 37,,N/A
2008-12-03,6 7 12 21 27 33,,N/A
2008-12-01,3 7 26 30 36 48,,N/A
2008-11-29,16 18 29 35 39 40,,N/A
2008-11-26,9 12 27 33 41 42,,N/A
2008-11-24,3 4 8 26 40 48,,N/A
2008-11-22,3 12 27 34 37 49,,N/A
2008-11-19,11 20 28 31 42 43,,N/A
2008-11-17,1 22 33 37 42 49,,N/A
2008-11-15,9 20 24 31 40 43,,N/A
2008-11-12,5 9 16 18 31 48,,N/A
2008-11-10,18 20 26 36 37 43,,N/A
2008-11-08,3 6 12 16 38 44,,N/A
2008-11-05,2 8 22 26 45 47,,N/A
2008-11-03,7 9 13 18 32 40,,N/A
2008-11-01,13 16 17 19 33 48,,N/A
2008-10-29,6 9 15 17 21 33,,N/A
2008-10-27,16 20 22 25 27 40,,N/A
2008-10-25,1 8 9 13 14 39,,N/A
2008-10-22,5 16 20 28 33 45,,N/A
2008-10-20,6 10 12 13 23 48,,N/A
2008-10-18,5 15 18 20 31 37,,N/A
2008-10-15,14 19 23 29 42 43,,N/A
2008-10-13,13 18 23 27 31 34,,N/A
2008-10-11,8 29 43 47 48 49,,N/A
2008-10-08,3 5 18 25 30 36,,N/A
2008-10-06,17 31 34 42 46 47,,N/A
2008-10-04,14 16 23 28 43 45,,N/A
2008-10-01,7 12 16 31 37 41,,N/A
2008-09-29,1 4 15 16 19 42,,N/A
2008-09-27,11 14 15 22 29 41,,N/A
2008-09-24,6 9 12 17 21 45,,N/A
2008-09-22,17 22 30 33 37 49,,N/A
2008-09-20,11 26 30 37 48 49,,N/A
2008-09-17,3 23 32 33 46 49,,N/A
2008-09-15,5 18 21 22 36 41,,N/A
2008-09-13,2 13 20 38 39 46,,N/A
2008-09-10,4 7 9 12 16 22,,N/A
2008-09-08,3 11 21 24 27 38,,N/A
2008-09-06,8 23 25 29 39 46,,N/A
2008-09-03,5 10 14 18 41 42,,N/A
2008-09-01,2 5 11 20 34 44,,N/A
2008-08-30,9 14 21 27 29 33,,N/A
2008-08-27,13 39 45 46 47 49,,N/A
2008-08-25,16 17 19 28 33 43,,N/A
2008-08-23,7 11 14 30 31 41,,N/A
2008-08-20,4 29 34 35 38 49,,N/A
2008-08-18,4 13 16 19 37 46,,N/A
2008-08-16,2 9 13 23 38 41,,N/A
2008-08-13,6 7 11 32 42 44,,N/A
2008-08-11,2 5 26 33 37 44,,N/A
2008-08-09,4 11 25 32 43 46,,N/A
2008-08-06,7 10 31 32 34 49,,N/A
2008-08-04,9 19 25 26 33 48,,N/A
2008-08-02,11 26 29 35 37 42,,N/A
2008-07-30,19 24 30 45 47 48,,N/A
2008-07-28,1 19 22 26 32 35,,N/A
2008-07-26,1 8 21 30 36 39,,N/A
2008-07-23,15 16 21 31 35 36,,N/A
2008-07-21,8 13 20 37 46 49,,N/A
2008-07-19,11 13 18 35 44 49,,N/A
2008-07-16,7 15 20 28 31 39,,N/A
2008-07-14,15 16 17 18 41 48,,N/A
2008-07-12,1 16 18 25 29 48,,N/A
2008-07-09,1 3 16 29 37 40,,N/A
2008-07-07,1 15 25 31 36 43,,N/A
2008-07-05,5 13 34 36 45 48,,N/A
2008-07-02,8 13 15 39 40 48,,N/A
2008-06-30,14 19 21 28 38 46,,N/A
2008-06-28,11 17 25 37 41 42,,N/A
2008-06-25,19 22 27 29 36 40,,N/A
2008-06-23,21 23 25 26 32 40,,N/A
2008-06-21,8 10 26 31 41 42,,N/A
2008-06-18,15 24 32 41 44 49,,N/A
2008-06-16,2 8 13 16 28 49,,N/A
2008-06-14,23 24 26 40 42 48,,N/A
2008-06-11,17 19 21 39 40 48,,N/A
2008-06-09,13 30 32 33 39 41,,N/A
2008-06-07,14 35 40 42 44 49,,N/A
2008-06-04,8 16 25 27 41 44,,N/A
2008-06-02,2 3 5 8 10 34,,N/A
2008-05-31,7 19 20 25 27 48,,N/A
2008-05-28,12 20 23 27 28 45,,N/A
2008-05-26,15 20 27 30 32 40,,N/A
2008-05-24,7 9 11 28 32 38,,N/A
2008-05-21,4 9 11 18 25 47,,N/A
2008-05-19,4 21 25 36 39 49,,N/A
2008-05-17,1 5 12 16 20 24,,N/A
2008-05-14,1 14 18 25 31 37,,N/A
2008-05-12,21 22 33 34 36 37,,N/A
2008-05-10,21 27 33 34 40 42,,N/A
2008-05-07,1 3 6 12 18 30,,N/A
2008-05-05,2 9 13 19 28 33,,N/A
2008-05-03,15 16 22 38 41 42,,N/A
2008-04-30,3 5 28 31 44 45,,N/A
2008-04-28,4 11 14 19 34 46,,N/A
2008-04-26,12 24 38 44 47 49,,N/A
2008-04-23,5 9 10 12 19 46,,N/A
2008-04-21,9 10 26 28 32 37,,N/A
2008-04-19,10 17 26 39 43 45,,N/A
2008-04-16,2 4 7 17 39 46,,N/A
2008-04-14,6 16 18 39 48 49,,N/A
2008-04-12,2 8 12 27 29 42,,N/A
2008-04-09,3 10 23 34 35 37,,N/A
2008-04-07,7 9 17 28 36 42,,N/A
2008-04-05,5 10 29 30 36 43,,N/A
2008-04-02,1 13 19 23 41 45,,N/A
2008-03-31,9 19 21 27 28 33,,N/A
2008-03-29,12 13 15 20 27 32,,N/A
2008-03-26,3 12 17 22 23 35,,N/A
2008-03-24,15 17 24 44 47 49,,N/A
2008-03-22,1 7 16 29 42 49,,N/A
2008-03-19,16 17 21 26 42 47,,N/A
2008-03-17,2 6 10 33 43 48,,N/A
2008-03-15,2 19 24 26 31 48,,N/A
2008-03-12,7 9 36 37 40 42,,N/A
2008-03-10,20 23 29 34 36 42,,N/A
2008-03-08,10 12 37 39 42 45,,N/A
2008-03-05,1 8 32 41 43 47,,N/A
2008-03-03,10 13 23 32 34 42,,N/A
2008-03-01,2 7 14 17 39 40,,N/A
2008-02-27,6 22 25 29 32 37,,N/A
2008-02-25,8 12 25 34 45 48,,N/A
2008-02-23,14 17 25 31 38 42,,N/A
2008-02-20,1 3 7 18 30 40,,N/A
2008-02-18,1 6 25 38 42 48,,N/A
2008-02-16,11 17 19 35 38 46,,N/A
2008-02-13,1 10 14 27 33 44,,N/A
2008-02-11,13 18 22 26 37 46,,N/A
2008-02-09,17 25 33 35 36 40,,N/A
2008-02-06,2 8 14 27 33 46,,N/A
2008-02-04,2 6 12 23 27 41,,N/A
2008-02-02,4 8 19 29 32 46,,N/A
2008-01-30,15 16 18 34 42 43,,N/A
2008-01-28,6 9 33 35 42 43,,N/A
2008-01-26,2 9 11 20 32 43,,N/A
2008-01-23,16 20 30 36 43 48,,N/A
2008-01-21,2 4 24 31 46 48,,N/A
2008-01-19,12 14 21 23 40 48,,N/A
2008-01-16,12 15 27 32 36 48,,N/A
2008-01-14,8 9 28 36 37 44,,N/A
2008-01-12,2 13 22 30 41 48,,N/A
2008-01-09,16 23 24 28 32 34,,N/A
2008-01-07,2 10 25 33 36 43,,N/A
2008-01-05,1 2 9 21 26 48,,N/A
2008-01-02,6 12 14 16 24 26,,N/A
2007-12-31,1 2 19 30 35 36,,N/A
2007-12-29,29 37 38 41 43 44,,N/A
2007-12-26,4 16 28 35 38 43,,N/A
2007-12-24,12 16 20 36 41 42,,N/A
2007-12-22,10 21 25 27 46 49,,N/A
2007-12-19,3 16 21 22 24 33,,N/A
2007-12-17,10 25 29 37 41 48,,N/A
2007-12-15,13 24 27 30 40 44,,N/A
2007-12-12,7 9 14 24 42 46,,N/A
2007-12-10,9 11 14 17 33 44,,N/A
2007-12-08,6 10 23 25 31 49,,N/A
2007-12-05,13 18 25 38 45 48,,N/A
2007-12-03,10 13 21 29 43 46,,N/A
2007-12-01,13 17 24 26 38 49,,N/A
2007-11-28,10 11 26 30 34 46,,N/A
2007-11-26,2 11 29 32 34 43,,N/A
2007-11-24,5 10 18 33 44 47,,N/A
2007-11-21,20 27 31 32 34 35,,N/A
2007-11-19,1 7 26 37 42 43,,N/A
2007-11-17,13 14 15 18 24 30,,N/A
2007-11-14,14 23 26 30 31 48,,N/A
2007-11-12,4 17 22 34 39 43,,N/A
2007-11-10,1 20 22 29 38 49,,N/A
2007-11-07,24 30 35 39 43 45,,N/A
2007-11-05,4 11 23 27 29 35,,N/A
2007-11-03,1 2 4 6 27 44,,N/A
2007-10-31,4 5 10 11 20 49,,N/A
2007-10-29,11 13 24 39 43 49,,N/A
2007-10-27,17 26 37 38 42 47,,N/A
2007-10-24,23 29 31 34 41 43,,N/A
2007-10-22,20 23 30 34 35 45,,N/A
2007-10-20,15 16 19 29 37 41,,N/A
2007-10-17,9 10 19 21 27 43,,N/A
2007-10-15,4 5 19 20 21 26,,N/A
2007-10-13,5 6 10 21 26 31,,N/A
2007-10-10,3 10 15 18 41 43,,N/A
2007-10-08,3 12 15 17 23 26,,N/A
2007-10-06,9 10 20 40 41 44,,N/A
2007-10-03,1 11 32 33 38 48,,N/A
2007-10-01,11 12 27 33 34 44,,N/A
2007-09-29,4 21 31 36 41 45,,N/A
2007-09-26,4 7 20 25 27 40,,N/A
2007-09-24,14 17 26 29 40 45,,N/A
2007-09-22,7 9 12 16 43 46,,N/A
2007-09-19,5 8 9 15 31 45,,N/A
2007-09-17,1 15 24 29 35 40,,N/A
2007-09-15,1 25 28 32 41 48,,N/A
2007-09-12,19 23 27 36 39 45,,N/A
2007-09-10,14 27 31 37 41 42,,N/A
2007-09-08,3 4 15 20 21 42,,N/A
2007-09-05,6 33 38 40 43 44,,N/A
2007-09-03,22 33 39 42 45 49,,N/A
2007-09-01,1 4 10 11 26 45,,N/A
2007-08-29,9 14 24 36 42 46,,N/A
2007-08-27,8 25 26 30 31 47,,N/A
2007-08-25,1 13 17 30 42 48,,N/A
2007-08-22,3 4 8 10 22 32,,N/A
2007-08-20,11 33 36 37 45 48,,N/A
2007-08-18,5 8 21 22 35 42,,N/A
2007-08-15,16 22 25 27 30 41,,N/A
2007-08-13,16 21 33 37 40 46,,N/A
2007-08-11,4 23 26 34 43 48,,N/A
2007-08-08,17 25 30 39 42 47,,N/A
2007-08-06,7 10 23 30 31 32,,N/A
2007-08-04,3 5 12 14 39 41,,N/A
2007-08-01,3 5 7 20 30 31,,N/A
2007-07-30,5 21 35 40 42 48,,N/A
2007-07-28,1 7 13 16 40 49,,N/A
2007-07-25,2 15 20 23 27 37,,N/A
2007-07-23,10 19 20 23 43 45,,N/A
2007-07-21,17 32 36 41 45 49,,N/A
2007-07-18,2 12 14 18 37 42,,N/A
2007-07-16,19 20 21 27 31 43,,N/A
2007-07-14,1 4 19 21 25 26,,N/A
2007-07-11,13 24 25 36 38 39,,N/A
2007-07-09,9 16 21 35 36 38,,N/A
2007-07-07,1 4 11 12 15 19,,N/A
2007-07-04,4 6 9 13 17 47,,N/A
2007-07-02,2 19 24 30 32 49,,N/A
2007-06-30,2 12 32 37 42 46,,N/A
2007-06-27,12 26 34 39 42 47,,N/A
2007-06-25,4 14 18 20 32 42,,N/A
2007-06-23,10 16 32 39 42 46,,N/A
2007-06-20,9 22 24 36 45 48,,N/A
2007-06-18,4 5 11 24 28 43,,N/A
2007-06-16,5 6 33 34 41 45,,N/A
2007-06-13,8 25 30 38 39 43,,N/A
2007-06-11,2 14 16 21 27 36,,N/A
2007-06-09,2 11 19 20 28 48,,N/A
2007-06-06,3 4 10 13 16 18,,N/A
2007-06-04,1 14 15 24 27 30,,N/A
2007-06-02,6 18 25 39 40 46,,N/A
2007-05-30,7 14 26 35 40 43,,N/A
2007-05-28,14 16 21 23 31 49,,N/A
2007-05-26,10 12 17 27 30 42,,N/A
2007-05-23,6 11 12 25 28 34,,N/A
2007-05-21,6 22 27 30 38 47,,N/A
2007-05-19,21 24 32 38 42 46,,N/A
2007-05-16,4 20 26 36 39 49,,N/A
2007-05-14,2 8 14 17 27 35,,N/A
2007-05-12,11 19 24 25 32 36,,N/A
2007-05-09,16 30 34 36 47 48,,N/A
2007-05-07,3 4 5 10 21 22,,N/A
2007-05-05,15 16 17 18 32 40,,N/A
2007-05-02,1 3 11 26 41 47,,N/A
2007-04-30,11 13 32 37 40 46,,N/A
2007-04-28,15 20 22 31 44 46,,N/A
2007-04-25,4 6 23 26 34 47,,N/A
2007-04-23,4 8 12 22 28 36,,N/A
2007-04-21,10 15 19 20 22 35,,N/A
2007-04-18,13 16 17 33 38 48,,N/A
2007-04-16,7 21 22 24 36 39,,N/A
2007-04-14,1 21 25 31 34 47,,N/A
2007-04-11,10 14 17 24 38 47,,N/A
2007-04-09,4 13 21 27 30 43,,N/A
2007-04-07,5 17 26 33 36 43,,N/A
2007-04-04,12 13 14 22 25 46,,N/A
2007-04-02,2 6 19 32 34 49,,N/A
2007-03-31,20 21 28 29 43 49,,N/A
2007-03-28,5 12 34 36 43 45,,N/A
2007-03-26,4 13 17 29 46 48,,N/A
2007-03-24,5 10 12 15 26 45,,N/A
2007-03-21,3 12 14 21 48 49,,N/A
2007-03-19,6 13 25 27 30 37,,N/A
2007-03-17,8 12 14 30 39 47,,N/A
2007-03-14,6 11 35 44 46 49,,N/A
2007-03-12,3 8 10 14 19 40,,N/A
2007-03-10,16 18 25 33 35 42,,N/A
2007-03-07,9 17 20 24 33 36,,N/A
2007-03-05,6 21 26 33 36 37,,N/A
2007-03-03,3 11 22 24 38 43,,N/A
2007-02-28,8 12 37 39 40 44,,N/A
2007-02-26,7 11 28 39 40 46,,N/A
2007-02-24,4 7 14 20 25 35,,N/A
2007-02-21,9 21 30 35 44 48,,N/A
2007-02-19,1 7 14 15 20 22,,N/A
2007-02-17,1 5 6 43 45 47,,N/A
2007-02-14,7 9 14 18 26 46,,N/A
2007-02-12,16 19 32 38 43 45,,N/A
2007-02-10,10 11 13 15 31 43,,N/A
2007-02-07,18 24 25 33 37 38,,N/A
2007-02-05,15 16 21 23 24 32,,N/A
2007-02-03,1 5 7 26 34 44,,N/A
2007-01-31,2 5 20 23 27 46,,N/A
2007-01-29,1 4 9 41 46 47,,N/A
2007-01-27,2 3 22 35 47 49,,N/A
2007-01-24,11 15 30 34 36 47,,N/A
2007-01-22,2 3 18 22 27 42,,N/A
2007-01-20,1 8 12 28 35 44,,N/A
2007-01-17,12 26 30 34 38 39,,N/A
2007-01-15,3 6 20 25 41 43,,N/A
2007-01-13,18 21 29 35 40 43,,N/A
2007-01-10,2 12 20 35 36 38,,N/A
2007-01-08,8 34 35 37 42 48,,N/A
2007-01-06,2 4 7 24 40 44,,N/A
2007-01-03,6 8 13 22 25 38,,N/A
2007-01-01,8 31 32 36 43 47,,N/A
2006-12-30,12 17 20 41 47 49,,N/A
2006-12-27,2 3 8 33 34 39,,N/A
2006-12-25,15 26 31 34 41 43,,N/A
2006-12-23,3 17 23 26 34 43,,N/A
2006-12-20,8 12 29 35 41 49,,N/A
2006-12-18,6 22 27 39 48 49,,N/A
2006-12-16,13 19 21 34 39 42,,N/A
2006-12-13,14 24 29 34 45 46,,N/A
2006-12-11,9 12 29 34 36 44,,N/A
2006-12-09,2 23 36 40 41 47,,N/A
2006-12-06,2 5 7 9 15 48,,N/A
2006-12-04,8 19 23 26 39 44,,N/A
2006-12-02,14 16 19 20 26 30,,N/A
2006-11-29,3 6 20 26 30 42,,N/A
2006-11-27,14 19 21 22 34 43,,N/A
2006-11-25,3 19 32 38 42 43,,N/A
2006-11-22,6 22 25 26 31 46,,N/A
2006-11-20,7 12 21 32 38 41,,N/A
2006-11-18,1 9 19 25 36 49,,N/A
2006-11-15,8 9 13 26 29 40,,N/A
2006-11-13,2 16 27 38 40 47,,N/A
2006-11-11,3 14 27 28 33 40,,N/A
2006-11-08,17 22 29 35 38 47,,N/A
2006-11-06,19 23 25 28 32 39,,N/A
2006-11-04,5 12 15 19 24 43,,N/A
2006-11-01,2 5 6 16 32 44,,N/A
2006-10-30,3 12 28 32 44 49,,N/A
2006-10-28,20 23 30 35 45 47,,N/A
2006-10-25,1 8 10 18 34 46,,N/A
2006-10-23,3 25 30 31 44 49,,N/A
2006-10-21,1 4 18 19 20 29,,N/A
2006-10-18,2 7 8 10 17 45,,N/A
2006-10-16,3 6 13 22 28 40,,N/A
2006-10-14,10 12 13 23 31 43,,N/A
2006-10-11,16 32 36 38 43 45,,N/A
2006-10-09,1 2 7 13 36 43,,N/A
2006-10-07,3 20 23 34 44 49,,N/A
2006-10-04,14 25 32 33 35 47,,N/A
2006-10-02,1 4 12 13 26 43,,N/A
2006-09-30,1 6 7 13 25 48,,N/A
2006-09-27,5 9 27 31 44 49,,N/A
2006-09-25,8 29 33 34 37 46,,N/A
2006-09-23,16 20 27 30 42 46,,N/A
2006-09-20,3 20 28 30 46 49,,N/A
2006-09-18,5 8 12 16 31 37,,N/A
2006-09-16,6 10 36 39 44 48,,N/A
2006-09-13,1 10 18 20 25 30,,N/A
2006-09-11,7 9 21 35 41 42,,N/A
2006-09-09,10 16 23 24 46 48,,N/A
2006-09-06,9 15 16 19 39 48,,N/A
2006-09-04,3 15 21 23 27 39,,N/A
2006-09-02,3 7 19 29 37 40,,N/A
2006-08-30,13 15 24 28 45 49,,N/A
2006-08-28,8 16 19 28 31 41,,N/A
2006-08-26,10 15 18 22 26 30,,N/A
2006-08-23,9 14 25 29 45 49,,N/A
2006-08-21,24 30 36 37 40 42,,N/A
2006-08-19,3 7 18 26 35 42,,N/A
2006-08-16,8 11 15 30 34 36,,N/A
2006-08-14,2 15 21 32 37 47,,N/A
2006-08-12,5 24 30 32 34 36,,N/A
2006-08-09,1 6 22 33 47 49,,N/A
2006-08-07,12 19 28 32 36 38,,N/A
2006-08-05,16 22 23 32 36 41,,N/A
2006-08-02,9 16 20 29 40 46,,N/A
2006-07-31,8 11 20 28 33 44,,N/A
2006-07-29,1 16 20 22 26 33,,N/A
2006-07-26,15 18 25 26 36 41,,N/A
2006-07-24,9 11 27 39 41 47,,N/A
2006-07-22,7 9 14 15 28 33,,N/A
2006-07-19,8 9 11 26 30 35,,N/A
2006-07-17,7 14 22 30 32 48,,N/A
2006-07-15,2 20 23 25 36 46,,N/A
2006-07-12,1 12 14 17 26 48,,N/A
2006-07-10,15 21 38 41 44 45,,N/A
2006-07-08,11 18 20 23 24 33,,N/A
2006-07-05,15 27 34 40 43 46,,N/A
2006-07-03,5 10 17 21 24 38,,N/A
2006-07-01,10 15 22 27 45 48,,N/A
2006-06-28,21 26 30 37 46 47,,N/A
2006-06-26,4 7 23 28 31 38,,N/A
2006-06-24,8 15 16 28 31 48,,N/A
2006-06-21,14 15 32 42 46 47,,N/A
2006-06-19,1 7 23 31 41 49,,N/A
2006-06-17,13 14 24 26 33 48,,N/A
2006-06-14,7 36 39 47 48 49,,N/A
2006-06-12,3 8 9 10 13 47,,N/A
2006-06-10,13 19 28 36 45 49,,N/A
2006-06-07,5 15 28 43 46 49,,N/A
2006-06-05,3 18 20 38 40 41,,N/A
2006-06-03,11 17 21 24 32 42,,N/A
2006-05-31,3 17 27 28 33 38,,N/A
2006-05-29,1 14 24 30 33 39,,N/A
2006-05-27,10 18 20 25 32 46,,N/A
2006-05-24,4 16 19 25 36 44,,N/A
2006-05-22,2 3 8 29 35 44,,N/A
2006-05-20,3 11 13 17 42 46,,N/A
2006-05-17,2 3 4 9 25 33,,N/A
2006-05-15,3 23 27 28 35 41,,N/A
2006-05-13,8 28 30 37 38 41,,N/A
2006-05-10,3 10 12 42 45 49,,N/A
2006-05-08,8 16 27 38 39 42,,N/A
2006-05-06,4 8 23 24 42 47,,N/A
2006-05-03,1 8 17 19 32 46,,N/A
2006-05-01,1 5 6 17 22 30,,N/A
2006-04-29,2 4 18 22 28 31,,N/A
2006-04-26,4 15 31 41 45 48,,N/A
2006-04-24,4 11 27 30 34 38,,N/A
2006-04-22,7 8 19 38 45 47,,N/A
2006-04-19,1 6 12 15 27 31,,N/A
2006-04-17,9 12 27 28 29 48,,N/A
2006-04-15,4 5 11 28 38 47,,N/A
2006-04-12,3 8 10 30 43 48,,N/A
2006-04-10,1 15 23 28 36 49,,N/A
2006-04-08,1 12 27 37 42 47,,N/A
2006-04-05,11 27 30 45 46 47,,N/A
2006-04-03,5 22 31 38 40 41,,N/A
2006-04-01,12 20 25 28 34 39,,N/A
2006-03-29,1 7 9 21 28 49,,N/A
2006-03-27,14 24 33 34 41 45,,N/A
2006-03-25,4 7 16 21 36 42,,N/A
2006-03-22,2 16 26 29 33 45,,N/A
2006-03-20,13 24 29 36 38 46,,N/A
2006-03-18,2 9 16 23 27 31,,N/A
2006-03-15,19 28 29 34 37 48,,N/A
2006-03-13,2 3 5 17 19 33,,N/A
2006-03-11,4 11 15 20 27 41,,N/A
2006-03-08,9 10 12 13 20 46,,N/A
2006-03-06,4 16 37 39 40 44,,N/A
2006-03-04,1 17 20 25 34 45,,N/A
2006-03-01,19 25 26 29 45 46,,N/A
2006-02-27,4 12 14 16 30 40,,N/A
2006-02-25,21 33 42 44 45 49,,N/A
2006-02-22,1 13 26 27 35 46,,N/A
2006-02-20,4 20 29 32 39 48,,N/A
2006-02-18,1 5 7 16 25 34,,N/A
2006-02-15,2 25 26 35 42 46,,N/A
2006-02-13,1 17 30 36 38 44,,N/A
2006-02-11,6 23 24 32 46 49,,N/A
2006-02-08,6 7 17 19 23 36,,N/A
2006-02-06,7 13 14 28 32 47,,N/A
2006-02-04,5 9 12 13 24 38,,N/A
2006-02-01,4 5 14 15 24 36,,N/A
2006-01-30,2 9 16 18 24 37,,N/A
2006-01-28,22 28 33 35 47 49,,N/A
2006-01-25,10 15 25 26 27 35,,N/A
2006-01-23,7 10 18 21 34 47,,N/A
2006-01-21,2 3 12 22 28 47,,N/A
2006-01-18,6 16 25 32 33 36,,N/A
2006-01-16,12 15 16 21 22 49,,N/A
2006-01-14,3 10 11 31 36 43,,N/A
2006-01-11,9 12 21 32 38 48,,N/A
2006-01-09,8 11 18 27 45 47,,N/A
2006-01-07,1 6 10 17 20 49,,N/A
2006-01-04,7 13 27 39 48 49,,N/A
2006-01-02,16 29 33 42 43 44,,N/A
2005-12-31,3 4 8 11 37 41,,N/A
2005-12-28,18 22 25 34 38 47,,N/A
2005-12-26,6 15 18 20 24 33,,N/A
2005-12-24,13 16 18 20 26 46,,N/A
2005-12-21,18 24 26 33 34 46,,N/A
2005-12-19,8 15 16 28 41 45,,N/A
2005-12-17,13 14 25 37 39 40,,N/A
2005-12-14,6 19 27 37 40 45,,N/A
2005-12-12,1 9 18 37 46 49,,N/A
2005-12-10,5 6 15 37 38 40,,N/A
2005-12-07,2 15 26 28 34 36,,N/A
2005-12-05,5 8 15 22 40 43,,N/A
2005-12-03,1 13 14 35 42 45,,N/A
2005-11-30,3 13 15 24 25 48,,N/A
2005-11-28,9 15 23 42 47 49,,N/A
2005-11-26,4 8 17 41 42 43,,N/A
2005-11-23,1 13 30 37 46 48,,N/A
2005-11-21,3 22 26 28 30 38,,N/A
2005-11-19,9 20 24 34 40 49,,N/A
2005-11-16,17 21 28 37 39 49,,N/A
2005-11-14,1 9 24 28 37 40,,N/A
2005-11-12,2 5 8 14 17 47,,N/A
2005-11-09,5 9 17 25 33 42,,N/A
2005-11-07,7 8 11 18 29 47,,N/A
2005-11-05,25 29 40 46 47 48,,N/A
2005-11-02,1 20 23 36 44 48,,N/A
2005-10-31,16 24 26 28 36 47,,N/A
2005-10-29,5 6 8 9 30 41,,N/A
2005-10-26,5 12 13 19 24 45,,N/A
2005-10-24,13 14 23 31 34 37,,N/A
2005-10-22,15 22 23 40 45 49,,N/A
2005-10-19,4 6 17 22 27 28,,N/A
2005-10-17,23 25 34 44 45 47,,N/A
2005-10-15,4 8 15 17 43 44,,N/A
2005-10-12,5 8 19 20 46 49,,N/A
2005-10-10,6 29 36 40 41 47,,N/A
2005-10-08,3 28 29 31 37 49,,N/A
2005-10-05,1 7 8 15 17 36,,N/A
2005-10-03,8 18 22 26 28 33,,N/A
2005-10-01,2 12 13 20 27 34,,N/A
2005-09-28,7 23 28 33 36 38,,N/A
2005-09-26,3 20 24 27 33 42,,N/A
2005-09-24,1 3 39 40 44 46,,N/A
2005-09-21,5 14 19 21 23 39,,N/A
2005-09-19,13 18 25 30 35 38,,N/A
2005-09-17,3 8 36 43 47 49,,N/A
2005-09-14,18 25 27 29 37 48,,N/A
2005-09-12,10 14 21 34 35 37,,N/A
2005-09-10,9 10 12 18 35 41,,N/A
2005-09-07,22 24 25 27 29 49,,N/A
2005-09-05,11 21 22 24 27 28,,N/A
2005-09-03,3 5 10 13 16 42,,N/A
2005-08-31,4 8 15 28 38 41,,N/A
2005-08-29,10 15 28 38 39 43,,N/A
2005-08-27,10 15 23 26 30 36,,N/A
2005-08-24,1 14 15 29 34 43,,N/A
2005-08-22,12 23 29 31 34 45,,N/A
2005-08-20,7 20 25 26 37 48,,N/A
2005-08-17,15 18 24 39 41 49,,N/A
2005-08-15,4 20 25 30 44 48,,N/A
2005-08-13,8 9 15 34 43 46,,N/A
2005-08-10,11 23 36 38 47 48,,N/A
2004-12-29,7 20 25 35 37 43,,N/A
2004-12-25,2 19 24 28 42 49,,N/A
2004-12-22,1 6 7 32 39 46,,N/A
2004-12-18,9 20 24 26 42 43,,N/A
2004-12-15,5 14 27 28 31 44,,N/A
2004-12-11,3 13 20 29 36 49,,N/A
2004-12-08,4 5 8 13 33 42,,N/A
2004-12-04,4 11 34 36 39 40,,N/A
2004-12-01,2 14 30 31 36 43,,N/A
2004-11-27,4 9 20 23 42 45,,N/A
2004-11-24,11 13 22 34 38 41,,N/A
2004-11-20,2 12 17 23 34 38,,N/A
2004-11-17,3 13 28 31 39 44,,N/A
2004-11-13,9 20 26 33 36 39,,N/A
2004-11-10,5 8 20 21 37 39,,N/A
2004-11-06,6 7 13 22 42 49,,N/A
2004-11-03,5 6 15 19 38 42,,N/A
2004-10-30,2 4 13 24 27 44,,N/A
2004-10-27,2 9 16 22 29 46,,N/A
2004-10-23,4 13 14 20 22 25,,N/A
2004-10-20,6 25 29 36 37 41,,N/A
2004-10-16,18 19 28 29 35 47,,N/A
2004-10-13,8 16 30 35 41 45,,N/A
2004-10-09,8 20 22 33 35 42,,N/A
2004-10-06,1 2 6 25 30 49,,N/A
2004-10-02,12 14 15 23 26 34,,N/A
2004-09-29,4 11 33 38 39 40,,N/A
2004-09-25,8 11 18 23 39 42,,N/A
2004-09-22,10 12 30 34 45 49,,N/A
2004-09-18,5 6 8 21 43 46,,N/A
2004-09-15,4 7 22 33 43 44,,N/A
2004-09-11,10 12 14 25 29 37,,N/A
2004-09-08,1 8 10 11 35 40,,N/A
2004-09-04,2 15 17 19 30 44,,N/A
2004-09-01,17 18 20 23 28 33,,N/A
2004-08-28,7 13 24 32 43 45,,N/A
2004-08-25,6 8 9 28 46 47,,N/A
2004-08-21,1 3 15 26 38 39,,N/A
2004-08-18,7 12 16 32 38 47,,N/A
2004-08-14,3 6 17 23 44 47,,N/A
2004-08-11,14 18 26 32 35 44,,N/A
2004-08-07,1 16 31 37 46 49,,N/A
2004-08-04,3 14 15 17 19 32,,N/A
2004-07-31,1 6 10 13 43 45,,N/A
2004-07-28,3 19 42 44 46 49,,N/A
2004-07-24,3 5 11 16 20 37,,N/A
2004-07-21,3 10 13 15 18 35,,N/A
2004-07-17,3 12 18 28 43 47,,N/A
2004-07-14,7 15 25 35 38 44,,N/A
2004-07-10,3 8 11 28 42 48,,N/A
2004-07-07,11 14 18 20 30 36,,N/A
2004-07-03,7 10 18 26 30 43,,N/A
2004-06-30,8 11 22 31 36 44,,N/A
2004-06-26,6 8 13 18 24 42,,N/A
2004-06-23,8 17 27 28 37 42,,N/A
2004-06-19,6 21 31 33 35 41,,N/A
2004-06-16,1 15 16 24 42 46,,N/A
2004-06-12,9 33 36 39 43 49,,N/A
2004-06-09,1 6 7 20 28 29,,N/A
2004-06-05,1 7 14 23 34 42,,N/A
2004-06-02,3 7 27 30 37 48,,N/A
2004-05-29,6 13 26 35 36 48,,N/A
2004-05-26,6 12 23 35 41 49,,N/A
2004-05-22,15 20 32 35 37 42,,N/A
2004-05-19,18 24 27 30 31 33,,N/A
2004-05-15,1 5 19 37 38 39,,N/A
2004-05-12,3 10 27 28 29 36,,N/A
2004-05-08,3 6 12 38 44 47,,N/A
2004-05-05,23 27 32 39 47 48,,N/A
2004-05-01,8 16 17 31 36 42,,N/A
2004-04-28,2 23 32 34 38 42,,N/A
2004-04-24,2 3 25 33 40 47,,N/A
2004-04-21,1 5 13 22 34 35,,N/A
2004-04-17,2 5 9 20 28 36,,N/A
2004-04-14,5 16 22 33 36 37,,N/A
2004-04-10,8 16 17 20 32 40,,N/A
2004-04-07,5 11 12 15 18 26,,N/A
2004-04-03,4 12 22 27 28 49,,N/A
2004-03-31,9 18 21 24 33 38,,N/A
2004-03-27,2 11 20 28 45 49,,N/A
2004-03-24,3 10 14 15 38 41,,N/A
2004-03-20,6 15 33 39 41 47,,N/A
2004-03-17,14 20 31 35 36 40,,N/A
2004-03-13,1 27 34 40 41 44,,N/A
2004-03-10,5 10 17 30 34 39,,N/A
2004-03-06,1 9 13 16 32 42,,N/A
2004-03-03,6 16 22 33 40 44,,N/A
2004-02-28,1 15 17 30 37 47,,N/A
2004-02-25,1 5 18 43 44 48,,N/A
2004-02-21,1 11 23 39 40 41,,N/A
2004-02-18,4 21 24 27 44 47,,N/A
2004-02-14,9 15 16 18 24 30,,N/A
2004-02-11,24 36 38 39 44 48,,N/A
2004-02-07,1 15 18 24 32 37,,N/A
2004-02-04,1 17 37 40 43 49,,N/A
2004-01-31,2 8 10 14 25 34,,N/A
2004-01-28,9 21 28 33 41 46,,N/A
2004-01-24,13 26 28 31 44 47,,N/A
2004-01-21,19 21 31 37 45 49,,N/A
2004-01-17,4 9 11 35 47 49,,N/A
2004-01-14,2 14 15 19 31 39,,N/A
2004-01-10,5 14 29 41 44 45,,N/A
2004-01-07,13 15 20 28 29 48,,N/A
2004-01-03,4 18 20 24 33 44,,N/A
2003-12-31,9 10 11 26 27 30,,N/A
2003-12-27,2 21 22 35 36 40,,N/A
2003-12-24,9 33 34 42 45 49,,N/A
2003-12-20,10 11 14 31 42 49,,N/A
2003-12-17,5 19 22 24 29 43,,N/A
2003-12-13,18 19 26 35 36 40,,N/A
2003-12-10,5 6 19 33 41 49,,N/A
2003-12-06,4 7 9 16 19 31,,N/A
2003-12-03,1 25 29 32 35 42,,N/A
2003-11-29,2 19 22 23 40 43,,N/A
2003-11-26,17 34 46 47 48 49,,N/A
2003-11-22,1 9 19 20 27 34,,N/A
2003-11-19,9 19 20 27 41 44,,N/A
2003-11-15,9 15 18 43 44 46,,N/A
2003-11-12,26 27 37 39 41 43,,N/A
2003-11-08,5 14 27 38 40 47,,N/A
2003-11-05,1 3 4 30 34 38,,N/A
2003-11-01,4 6 12 14 26 40,,N/A
2003-10-29,10 17 20 28 40 48,,N/A
2003-10-25,6 8 15 16 21 43,,N/A
2003-10-22,3 6 7 19 38 44,,N/A
2003-10-18,4 6 14 26 38 48,,N/A
2003-10-15,5 12 21 28 31 39,,N/A
2003-10-11,3 20 21 35 37 40,,N/A
2003-10-08,13 17 25 28 45 47,,N/A
2002-04-27,8 10 12 39 44 46,,N/A
2002-04-24,7 33 41 43 44 48,,N/A
2002-04-20,16 20 21 23 28 48,,N/A
2002-04-17,1 4 21 28 43 48,,N/A
2002-04-13,9 12 15 27 48 49,,N/A
2002-04-10,4 31 32 37 42 47,,N/A
2002-04-06,10 11 13 28 32 43,,N/A
2002-04-03,7 16 17 20 23 38,,N/A
2002-03-30,12 30 33 39 41 45,,N/A
2002-03-27,4 7 28 32 43 46,,N/A
2002-03-23,7 9 16 18 25 26,,N/A
2002-03-20,5 15 17 28 43 49,,N/A
2002-03-16,11 24 25 35 38 41,,N/A
2002-03-13,1 3 33 39 41 42,,N/A
2002-03-09,12 17 18 19 39 47,,N/A
2002-03-06,5 12 13 14 44 46,,N/A
2002-03-02,1 11 12 13 15 28,,N/A
2002-02-27,3 22 26 32 34 49,,N/A
2002-02-23,10 12 17 26 38 39,,N/A
2002-02-20,6 16 17 30 47 49,,N/A
2002-02-16,1 9 20 27 28 37,,N/A
2002-02-13,3 8 28 31 44 48,,N/A
2002-02-09,16 20 31 37 38 40,,N/A
2002-02-06,1 3 12 36 37 40,,N/A
2002-02-02,6 21 26 31 45 47,,N/A
2002-01-30,10 15 20 38 44 46,,N/A
2002-01-26,5 26 27 29 38 40,,N/A
2002-01-23,9 22 24 25 36 39,,N/A
2002-01-19,7 12 16 18 20 47,,N/A
2002-01-16,8 20 24 36 40 44,,N/A
2002-01-12,6 13 19 32 35 39,,N/A
2002-01-09,4 18 28 29 36 41,,N/A
2002-01-05,12 17 20 22 41 44,,N/A
2002-01-02,10 21 24 29 44 46,,N/A
2001-12-29,10 23 24 27 38 40,,N/A
2001-12-26,2 6 23 32 45 49,,N/A
2001-12-22,8 13 23 24 26 37,,N/A
2001-12-19,1 2 19 28 46 47,,N/A
2001-12-15,2 25 36 44 45 49,,N/A
2001-12-12,2 5 9 11 25 44,,N/A
2001-12-08,6 11 17 26 34 41,,N/A
2001-12-05,7 10 25 34 35 41,,N/A
2001-12-01,4 7 21 22 23 28,,N/A
2001-11-28,3 16 20 25 46 49,,N/A
2001-11-24,19 24 30 33 38 47,,N/A
2001-11-21,8 16 35 39 42 43,,N/A
2001-11-17,7 14 19 33 42 43,,N/A
2001-11-14,2 20 21 27 28 45,,N/A
2001-11-10,8 10 12 21 24 49,,N/A
2001-11-07,6 15 18 22 33 47,,N/A
2001-11-03,6 12 16 17 34 48,,N/A
2001-10-31,11 21 23 26 37 40,,N/A
2001-10-27,29 30 32 41 46 49,,N/A
2001-10-24,2 6 15 25 36 37,,N/A
2001-10-20,8 19 23 27 30 41,,N/A
2001-10-17,4 19 22 24 27 33,,N/A
2001-10-13,10 17 35 37 46 49,,N/A
2001-10-10,17 28 30 37 41 46,,N/A
2001-10-06,5 12 19 40 41 49,,N/A
2001-10-03,1 4 25 28 39 40,,N/A
2001-09-29,8 9 10 15 30 49,,N/A
2001-09-26,9 16 19 26 44 45,,N/A
2001-09-22,5 27 33 38 45 48,,N/A
2001-09-19,9 14 23 31 35 39,,N/A
2001-09-15,6 7 8 13 15 33,,N/A
2001-09-12,16 17 29 42 43 46,,N/A
2001-09-08,3 12 14 19 31 35,,N/A
2001-09-05,2 6 8 11 15 30,,N/A
2001-09-01,1 4 23 25 30 37,,N/A
2001-08-29,11 24 27 31 33 34,,N/A
2001-08-25,5 22 27 40 45 47,,N/A
2001-08-22,10 29 31 35 39 43,,N/A
2001-08-18,5 6 12 22 26 36,,N/A
2001-08-15,2 18 19 22 43 44,,N/A
2001-08-11,2 9 14 24 25 47,,N/A
2001-08-08,8 18 20 21 36 43,,N/A
2001-08-04,13 15 25 38 40 44,,N/A
2001-08-01,11 17 30 33 42 48,,N/A
2001-07-28,1 3 5 6 17 18,,N/A
2001-07-25,28 32 37 45 47 48,,N/A
2001-07-21,3 4 9 14 43 47,,N/A
2001-07-18,3 4 13 26 42 46,,N/A
2001-07-14,1 12 19 22 39 49,,N/A
2001-07-11,2 24 30 37 38 43,,N/A
2001-07-07,2 10 16 29 42 43,,N/A
2001-07-04,5 10 11 16 25 33,,N/A
2001-06-30,20 32 35 39 42 46,,N/A
2001-06-27,12 14 22 26 47 49,,N/A
2001-06-23,2 4 14 18 27 35,,N/A
2001-06-20,9 18 25 27 35 40,,N/A
2001-06-16,3 17 19 28 33 38,,N/A
2001-06-13,14 22 26 27 37 43,,N/A
2001-06-09,4 10 19 30 38 42,,N/A
2001-06-06,11 22 25 37 46 49,,N/A
2001-06-02,4 16 24 27 29 35,,N/A
2001-05-30,1 2 8 18 21 27,,N/A
2001-05-26,5 15 23 34 38 41,,N/A
2001-05-23,2 13 17 35 36 40,,N/A
2001-05-19,3 12 26 29 36 45,,N/A
2001-05-16,1 17 22 26 32 48,,N/A
2001-05-12,1 9 13 25 44 49,,N/A
2001-05-09,7 21 34 37 43 46,,N/A
2001-05-05,24 26 30 37 38 46,,N/A
2001-05-02,5 9 12 15 28 44,,N/A
2001-04-28,18 25 30 33 35 44,,N/A
2001-04-25,13 19 23 26 32 48,,N/A
2001-04-21,4 8 11 27 36 48,,N/A
2001-04-18,7 21 35 38 39 49,,N/A
2001-04-14,2 9 13 25 32 43,,N/A
2001-04-11,4 6 9 13 29 42,,N/A
2001-04-07,1 13 14 20 22 28,,N/A
2001-04-04,15 29 33 37 41 48,,N/A
2001-03-31,7 11 13 18 22 44,,N/A
2001-03-28,4 10 11 19 24 38,,N/A
2001-03-24,3 11 27 42 47 49,,N/A
2001-03-21,1 4 13 24 37 47,,N/A
2001-03-17,19 21 27 31 38 46,,N/A
2001-03-14,13 14 18 31 35 37,,N/A
2001-03-10,2 7 12 24 40 48,,N/A
2001-03-07,10 24 28 36 46 47,,N/A
2001-03-03,4 6 15 18 35 45,,N/A
2001-02-28,17 19 24 33 43 44,,N/A
2001-02-24,16 20 39 41 44 46,,N/A
2001-02-21,15 18 20 22 41 45,,N/A
2001-02-17,1 4 10 29 34 49,,N/A
2001-02-14,5 34 35 40 43 48,,N/A
2001-02-10,22 25 28 30 40 42,,N/A
2001-02-07,2 4 21 34 37 39,,N/A
2001-02-03,3 29 32 37 38 41,,N/A
2001-01-31,9 16 35 38 41 42,,N/A
2001-01-27,9 15 20 26 35 37,,N/A
2001-01-24,8 9 12 14 41 49,,N/A
2001-01-20,1 3 12 18 33 40,,N/A
2001-01-17,6 12 21 25 31 33,,N/A
2001-01-13,3 4 11 29 35 46,,N/A
2001-01-10,2 4 6 20 24 36,,N/A
2001-01-06,5 20 39 40 42 44,,N/A
2001-01-03,3 13 19 31 35 42,,N/A
2000-12-30,5 25 30 31 36 46,,N/A
2000-12-27,11 14 18 20 42 47,,N/A
2000-12-23,4 14 35 37 38 45,,N/A
2000-12-20,12 16 18 20 21 23,,N/A
2000-12-16,13 19 35 39 48 49,,N/A
2000-12-13,7 8 9 24 26 46,,N/A
2000-12-09,7 12 24 28 29 33,,N/A
2000-12-06,8 18 19 23 25 34,,N/A
2000-12-02,5 6 29 38 47 49,,N/A
2000-11-29,6 20 34 36 43 48,,N/A
2000-11-25,5 10 16 17 42 49,,N/A
2000-11-22,2 7 10 11 23 28,,N/A
2000-11-18,6 8 23 24 35 46,,N/A
2000-11-15,1 5 9 15 24 38,,N/A
2000-11-11,3 7 15 32 37 49,,N/A
2000-11-08,2 7 8 31 38 44,,N/A
2000-11-04,1 2 28 30 34 35,,N/A
2000-11-01,3 7 14 23 30 48,,N/A
2000-10-28,3 14 15 34 42 48,,N/A
2000-10-25,20 26 30 33 35 41,,N/A
2000-10-21,7 18 26 33 43 46,,N/A
2000-10-18,4 15 17 19 28 46,,N/A
2000-10-14,18 25 27 37 39 45,,N/A
2000-10-11,11 14 28 36 38 46,,N/A
2000-10-07,12 20 21 28 30 47,,N/A
2000-10-04,2 3 15 35 43 48,,N/A
2000-09-30,6 17 23 29 31 36,,N/A
2000-09-27,7 29 31 38 42 46,,N/A
2000-09-23,4 12 13 17 43 47,,N/A
2000-09-20,4 16 19 24 37 46,,N/A
2000-09-16,16 21 26 40 47 49,,N/A
2000-09-13,5 8 32 36 39 45,,N/A
2000-09-09,1 2 5 34 39 41,,N/A
2000-09-06,26 29 32 43 44 49,,N/A
2000-09-02,5 10 27 28 34 47,,N/A
2000-08-30,9 12 13 42 44 48,,N/A
2000-08-26,5 6 17 32 40 48,,N/A
2000-08-23,5 13 22 23 45 47,,N/A
2000-08-19,1 20 21 26 31 39,,N/A
2000-08-16,9 16 33 40 43 44,,N/A
2000-08-12,2 7 19 24 25 39,,N/A
2000-08-09,4 6 11 23 30 43,,N/A
2000-08-05,3 4 14 26 31 39,,N/A
2000-08-02,9 23 36 37 38 43,,N/A
2000-07-29,12 20 33 34 39 48,,N/A
2000-07-26,14 19 30 34 36 47,,N/A
2000-07-22,5 7 12 17 27 49,,N/A
2000-07-19,7 8 18 19 28 32,,N/A
2000-07-15,18 27 37 40 43 48,,N/A
2000-07-12,6 14 27 34 40 42,,N/A
2000-07-08,2 17 18 23 33 35,,N/A
2000-07-05,11 16 18 19 20 22,,N/A
2000-07-01,21 23 24 40 41 44,,N/A
2000-06-28,6 12 14 23 27 30,,N/A
2000-06-24,2 32 36 41 42 46,,N/A
2000-06-21,3 31 36 37 38 43,,N/A
2000-06-17,4 5 10 11 18 37,,N/A
2000-06-14,11 17 20 28 45 47,,N/A
2000-06-10,12 15 20 23 25 28,,N/A
2000-06-07,9 15 21 23 30 41,,N/A
2000-06-03,15 16 17 26 30 38,,N/A
2000-05-31,2 5 15 17 39 44,,N/A
2000-05-27,8 13 20 28 33 47,,N/A
2000-05-24,19 20 23 30 40 46,,N/A
2000-05-20,3 4 8 10 17 42,,N/A
2000-05-17,13 20 24 31 33 39,,N/A
2000-05-13,1 6 8 32 35 37,,N/A
2000-05-10,1 27 38 40 46 47,,N/A
2000-05-06,7 13 17 41 47 49,,N/A
2000-05-03,1 12 13 26 38 44,,N/A
2000-04-29,7 12 19 21 32 37,,N/A
2000-04-26,3 4 5 10 25 40,,N/A
2000-04-22,3 10 25 31 33 35,,N/A
2000-04-19,1 2 3 6 22 36,,N/A
2000-04-15,9 31 37 43 44 46,,N/A
2000-04-12,14 15 17 28 33 45,,N/A
2000-04-08,20 25 37 38 42 48,,N/A
2000-04-05,1 11 31 32 38 49,,N/A
2000-04-01,7 10 11 15 33 42,,N/A
2000-03-29,2 6 7 8 29 30,,N/A
2000-03-25,5 6 25 30 34 44,,N/A
2000-03-22,5 25 33 37 41 48,,N/A
2000-03-18,13 19 30 33 38 48,,N/A
2000-03-15,11 20 44 45 47 49,,N/A
2000-03-11,8 10 19 37 38 46,,N/A
2000-03-08,3 14 21 23 31 46,,N/A
2000-03-04,6 8 10 11 21 34,,N/A
2000-03-01,10 12 19 34 45 48,,N/A
2000-02-26,1 3 6 25 29 38,,N/A
2000-02-23,3 10 13 14 20 31,,N/A
2000-02-19,3 6 16 23 24 44,,N/A
2000-02-16,5 7 13 26 27 35,,N/A
2000-02-12,2 10 23 28 34 38,,N/A
2000-02-09,1 2 5 11 31 39,,N/A
2000-02-05,13 23 31 34 39 43,,N/A
2000-02-02,1 17 30 38 43 46,,N/A
2000-01-29,10 12 23 27 36 37,,N/A
2000-01-26,4 7 16 19 21 31,,N/A
2000-01-22,1 12 14 36 39 43,,N/A
2000-01-19,1 10 12 14 40 46,,N/A
2000-01-15,2 12 13 26 34 40,,N/A
2000-01-12,3 4 12 21 40 42,,N/A
2000-01-08,5 19 22 27 38 49,,N/A
2000-01-05,2 7 16 26 34 43,,N/A
2000-01-01,9 10 27 33 34 44,,N/A
1999-12-29,9 12 13 33 41 42,,N/A
1999-12-22,8 26 31 37 43 49,,N/A
1999-12-18,1 13 24 35 41 46,,N/A
1999-12-15,3 6 7 27 38 45,,N/A
1999-12-11,8 15 32 33 46 49,,N/A
1999-12-08,2 6 7 13 24 39,,N/A
1999-12-04,5 15 30 34 42 46,,N/A
1999-12-01,1 3 6 11 36 41,,N/A
1999-11-27,18 23 24 27 33 41,,N/A
1999-11-24,3 12 20 24 35 44,,N/A
1999-11-20,1 22 40 42 44 46,,N/A
1999-11-17,23 24 28 30 36 41,,N/A
1999-11-13,3 5 15 23 29 46,,N/A
1999-11-10,5 7 10 27 29 48,,N/A
1999-11-06,3 17 25 27 28 49,,N/A
1999-11-03,6 10 16 18 33 36,,N/A
1999-10-30,2 3 8 33 44 46,,N/A
1999-10-27,2 15 17 25 37 45,,N/A
1999-10-23,21 24 30 45 47 49,,N/A
1999-10-20,5 7 16 21 35 38,,N/A
1999-10-16,8 17 33 43 46 49,,N/A
1999-10-13,9 15 19 21 37 48,,N/A
1999-10-09,10 11 14 15 40 44,,N/A
1999-10-06,4 13 20 28 29 34,,N/A
1999-10-02,6 11 21 25 26 44,,N/A
1999-09-29,6 10 11 17 36 44,,N/A
1999-09-25,10 13 16 23 45 47,,N/A
1999-09-22,8 33 35 38 44 46,,N/A
1999-09-18,6 9 23 38 42 47,,N/A
1999-09-15,10 15 19 35 39 41,,N/A
1999-09-11,11 15 17 32 42 48,,N/A
1999-09-08,2 5 12 30 39 43,,N/A
1999-09-04,1 8 13 21 43 49,,N/A
1999-09-01,2 24 29 41 43 48,,N/A
1999-08-28,6 11 21 34 35 48,,N/A
1999-08-25,8 17 23 24 31 45,,N/A
1999-08-21,11 14 15 21 22 26,,N/A
1999-08-18,4 7 25 35 36 43,,N/A
1999-08-14,7 9 12 37 46 47,,N/A
1999-08-11,3 8 16 19 30 40,,N/A
1999-08-07,3 13 14 17 32 34,,N/A
1999-08-04,6 8 12 22 41 48,,N/A
1999-07-31,1 4 21 25 39 44,,N/A
1999-07-28,3 5 9 14 16 45,,N/A
1999-07-24,6 7 33 37 43 47,,N/A
1999-07-21,1 16 21 44 46 48,,N/A
1999-07-17,10 13 36 40 45 47,,N/A
1999-07-14,3 17 19 25 27 46,,N/A
1999-07-10,6 15 16 30 31 49,,N/A
1999-07-07,5 21 23 35 39 47,,N/A
1999-07-03,2 4 9 10 30 45,,N/A
1999-06-30,9 11 13 18 39 46,,N/A
1999-06-26,17 19 38 40 47 48,,N/A
1999-06-23,1 9 13 23 35 37,,N/A
1999-06-19,5 7 8 24 36 47,,N/A
1999-06-16,6 9 10 23 25 28,,N/A
1999-06-12,12 13 29 34 37 44,,N/A
1999-06-09,14 33 37 41 43 46,,N/A
1999-06-05,4 9 27 38 41 44,,N/A
1999-06-02,15 18 21 28 34 39,,N/A
1999-05-29,5 12 17 21 36 37,,N/A
1999-05-26,8 19 30 40 42 44,,N/A
1999-05-22,11 29 41 42 44 46,,N/A
1999-05-19,17 23 27 32 42 43,,N/A
1999-05-15,12 17 23 24 33 34,,N/A
1999-05-12,1 5 17 30 37 45,,N/A
1999-05-08,7 20 21 23 35 40,,N/A
1999-05-05,5 16 22 25 29 47,,N/A
1999-05-01,4 14 21 24 34 40,,N/A
1999-04-28,12 16 25 38 41 46,,N/A
1999-04-24,5 11 15 25 33 46,,N/A
1999-04-21,3 11 20 37 48 49,,N/A
1999-04-17,5 6 19 26 39 49,,N/A
1999-04-14,9 21 35 41 47 49,,N/A
1999-04-10,8 17 20 30 31 42,,N/A
1999-04-07,1 27 43 46 47 48,,N/A
1999-04-03,4 16 20 30 41 43,,N/A
1999-03-31,12 15 16 32 40 49,,N/A
1999-03-27,8 13 29 36 37 41,,N/A
1999-03-24,6 11 33 36 42 47,,N/A
1999-03-20,14 25 30 34 36 47,,N/A
1999-03-17,1 3 11 16 39 47,,N/A
1999-03-13,10 23 36 37 44 45,,N/A
1999-03-10,1 7 26 29 45 49,,N/A
1999-03-06,9 10 12 23 35 47,,N/A
1999-03-03,16 23 24 33 34 37,,N/A
1999-02-27,4 11 22 25 29 39,,N/A
1999-02-24,8 12 18 36 38 44,,N/A
1999-02-20,7 12 23 25 28 33,,N/A
1999-02-17,1 8 9 15 20 45,,N/A
1999-02-13,1 18 35 36 38 41,,N/A
1999-02-10,8 10 22 23 30 46,,N/A
1999-02-06,2 5 6 8 31 48,,N/A
1999-02-03,4 7 14 30 36 43,,N/A
1999-01-30,6 9 25 36 37 41,,N/A
1999-01-27,6 20 22 28 41 46,,N/A
1999-01-23,2 4 24 32 36 44,,N/A
1999-01-20,5 25 31 37 43 47,,N/A
1999-01-16,12 14 16 33 35 45,,N/A
1999-01-13,2 25 32 35 41 45,,N/A
1999-01-09,3 10 11 12 19 35,,N/A
1999-01-06,19 24 32 37 41 42,,N/A
1999-01-02,3 8 20 36 38 39,,N/A
1998-12-30,9 18 22 39 41 48,,N/A
1998-12-26,22 27 33 35 39 44,,N/A
1998-12-23,1 5 8 19 26 41,,N/A
1998-12-19,5 11 28 31 40 46,,N/A
1998-12-16,22 29 30 32 35 36,,N/A
1998-12-12,5 19 22 23 38 47,,N/A
1998-12-09,2 4 6 33 42 46,,N/A
1998-12-05,15 22 31 41 46 47,,N/A
1998-12-02,3 4 19 20 28 35,,N/A
1998-11-28,7 9 23 25 36 41,,N/A
1998-11-25,4 13 21 24 26 35,,N/A
1998-11-21,8 11 19 37 43 48,,N/A
1998-11-18,6 7 8 25 28 43,,N/A
1998-11-14,1 2 12 22 28 49,,N/A
1998-11-11,2 14 25 35 41 45,,N/A
1998-11-07,2 11 19 20 23 33,,N/A
1998-11-04,3 12 14 20 27 39,,N/A
1998-10-31,16 23 25 37 41 43,,N/A
1998-10-28,4 5 7 24 27 32,,N/A
1998-10-24,23 28 30 31 38 43,,N/A
1998-10-21,7 20 23 41 42 49,,N/A
1998-10-17,8 20 26 29 38 46,,N/A
1998-10-14,14 42 43 45 46 47,,N/A
1998-10-10,7 10 23 37 41 45,,N/A
1998-10-07,4 7 8 10 21 45,,N/A
1998-10-03,10 11 20 21 25 47,,N/A
1998-09-30,2 7 12 17 39 40,,N/A
1998-09-26,10 21 39 46 47 49,,N/A
1998-09-23,18 21 25 30 37 42,,N/A
1998-09-19,15 19 20 26 31 39,,N/A
1998-09-16,3 6 21 23 29 46,,N/A
1998-09-12,3 10 19 22 41 45,,N/A
1998-09-09,3 15 26 27 29 39,,N/A
1998-09-05,1 5 21 32 36 44,,N/A
1998-09-02,10 11 12 25 41 47,,N/A
1998-08-29,13 16 32 36 37 44,,N/A
1998-08-26,3 10 25 41 42 49,,N/A
1998-08-22,1 4 15 17 45 49,,N/A
1998-08-19,11 22 25 26 37 40,,N/A
1998-08-15,2 4 8 9 18 21,,N/A
1998-08-12,1 18 25 29 44 48,,N/A
1998-08-08,6 7 15 20 25 27,,N/A
1998-08-05,3 4 14 29 43 49,,N/A
1998-08-01,2 26 37 38 40 41,,N/A
1998-07-29,15 24 25 42 46 48,,N/A
1998-07-25,2 4 21 34 45 48,,N/A
1998-07-22,1 11 14 16 29 48,,N/A
1998-07-18,12 16 18 19 35 47,,N/A
1998-07-15,2 11 13 18 21 33,,N/A
1998-07-11,31 33 36 37 48 49,,N/A
1998-07-08,1 23 25 27 33 44,,N/A
1998-07-04,8 10 15 17 26 30,,N/A
1998-07-01,9 12 18 22 27 29,,N/A
1998-06-27,1 18 24 31 36 44,,N/A
1998-06-24,11 12 17 27 31 34,,N/A
1998-06-20,12 21 25 35 44 48,,N/A
1998-06-17,2 3 13 17 25 35,,N/A
1998-06-13,2 13 19 25 28 36,,N/A
1998-06-10,13 15 36 46 47 48,,N/A
1998-06-06,2 23 24 28 32 38,,N/A
1998-06-03,2 4 5 19 44 48,,N/A
1998-05-30,6 19 26 33 34 37,,N/A
1998-05-27,1 3 5 32 33 45,,N/A
1998-05-23,3 12 15 16 17 48,,N/A
1998-05-20,2 7 13 22 23 33,,N/A
1998-05-16,7 11 12 27 31 45,,N/A
1998-05-13,1 4 17 30 33 42,,N/A
1998-05-09,4 5 6 16 27 37,,N/A
1998-05-06,22 24 27 33 43 48,,N/A
1998-05-02,3 5 13 22 39 45,,N/A
1998-04-29,6 25 28 39 43 45,,N/A
1998-04-25,17 24 32 38 41 44,,N/A
1998-04-22,1 5 6 21 24 40,,N/A
1998-04-18,5 25 27 36 38 41,,N/A
1998-04-15,3 6 11 26 37 49,,N/A
1998-04-11,3 11 14 24 36 42,,N/A
1998-04-08,2 4 8 22 39 42,,N/A
1998-04-04,2 3 13 32 42 44,,N/A
1998-04-01,6 7 21 23 42 47,,N/A
1998-03-28,13 15 18 36 46 49,,N/A
1998-03-25,9 25 31 35 42 43,,N/A
1998-03-21,2 10 13 29 33 49,,N/A
1998-03-18,5 10 14 28 36 39,,N/A
1998-03-14,3 19 21 24 42 47,,N/A
1998-03-11,1 17 25 28 32 48,,N/A
1998-03-07,9 24 27 41 45 48,,N/A
1998-03-04,3 25 27 28 33 45,,N/A
1998-02-28,10 19 25 34 37 40,,N/A
1998-02-25,6 7 19 20 32 47,,N/A
1998-02-21,6 10 11 29 31 42,,N/A
1998-02-18,1 4 24 27 29 41,,N/A
1998-02-14,7 11 24 39 45 49,,N/A
1998-02-11,5 13 18 26 27 35,,N/A
1998-02-07,8 19 29 40 41 45,,N/A
1998-02-04,16 27 29 40 44 45,,N/A
1998-01-31,6 10 42 44 45 49,,N/A
1998-01-28,3 8 22 25 41 45,,N/A
1998-01-24,11 19 29 34 35 49,,N/A
1998-01-21,2 7 29 40 43 49,,N/A
1998-01-17,7 8 28 32 42 48,,N/A
1998-01-14,2 3 29 37 38 42,,N/A
1998-01-10,11 16 17 37 42 49,,N/A
1998-01-07,13 16 19 24 36 43,,N/A
1998-01-03,12 20 26 32 46 48,,N/A
1997-12-31,7 16 21 22 34 47,,N/A
1997-12-27,6 8 11 26 28 49,,N/A
1997-12-24,1 4 11 15 23 45,,N/A
1997-12-20,8 12 32 42 46 47,,N/A
1997-12-17,5 21 28 31 38 47,,N/A
1997-12-13,1 10 23 36 38 48,,N/A
1997-12-10,3 38 42 43 44 46,,N/A
1997-12-06,4 7 23 35 36 44,,N/A
1997-12-03,12 13 14 18 38 46,,N/A
1997-11-29,1 12 14 18 29 43,,N/A
1997-11-26,11 14 16 24 47 49,,N/A
1997-11-22,10 16 24 32 40 44,,N/A
1997-11-19,1 6 13 24 39 44,,N/A
1997-11-15,13 31 36 37 41 42,,N/A
1997-11-12,14 22 31 32 43 48,,N/A
1997-11-08,5 7 11 35 41 42,,N/A
1997-11-05,6 13 14 30 39 40,,N/A
1997-11-01,2 24 25 27 28 31,,N/A
1997-10-29,6 7 8 22 38 42,,N/A
1997-10-25,12 13 28 34 45 47,,N/A
1997-10-22,8 12 17 18 39 40,,N/A
1997-10-18,3 11 12 17 32 47,,N/A
1997-10-15,6 7 9 24 35 49,,N/A
1997-10-11,7 16 25 40 46 49,,N/A
1997-10-08,12 19 20 22 42 44,,N/A
1997-10-04,15 18 33 42 45 49,,N/A
1997-10-01,5 13 21 22 29 45,,N/A
1997-09-27,13 18 30 37 38 45,,N/A
1997-09-24,12 13 21 30 34 47,,N/A
1997-09-20,4 12 26 28 47 49,,N/A
1997-09-17,9 16 17 26 39 48,,N/A
1997-09-13,1 2 3 9 16 20,,N/A
1997-09-10,17 22 29 33 42 45,,N/A
1997-09-06,1 8 13 14 30 34,,N/A
1997-09-03,3 12 14 17 32 38,,N/A
1997-08-30,5 18 20 23 31 35,,N/A
1997-08-27,7 27 28 36 38 47,,N/A
1997-08-23,1 13 33 38 39 46,,N/A
1997-08-20,3 7 8 17 22 27,,N/A
1997-08-16,4 11 17 37 48 49,,N/A
1997-08-13,10 11 16 20 31 45,,N/A
1997-08-09,8 10 11 20 26 40,,N/A
1997-08-06,13 14 17 18 28 37,,N/A
1997-08-02,3 5 14 21 27 34,,N/A
1997-07-30,11 16 19 33 38 49,,N/A
1997-07-26,2 5 7 8 30 41,,N/A
1997-07-23,6 9 15 26 44 48,,N/A
1997-07-19,17 20 23 27 47 49,,N/A
1997-07-16,3 6 8 19 21 49,,N/A
1997-07-12,7 13 30 34 37 46,,N/A
1997-07-09,9 10 14 23 32 39,,N/A
1997-07-05,3 4 23 25 34 41,,N/A
1997-07-02,19 31 32 36 40 49,,N/A
1997-06-28,16 22 24 26 32 42,,N/A
1997-06-25,3 15 30 32 37 48,,N/A
1997-06-21,2 7 12 14 16 33,,N/A
1997-06-18,14 17 18 30 40 48,,N/A
1997-06-14,12 20 30 37 46 49,,N/A
1997-06-11,2 9 19 20 33 40,,N/A
1997-06-07,1 22 34 42 43 47,,N/A
1997-06-04,3 20 26 33 34 41,,N/A
1997-05-31,3 4 14 19 28 47,,N/A
1997-05-28,4 15 20 21 24 26,,N/A
1997-05-24,12 15 34 36 40 44,,N/A
1997-05-21,1 7 9 13 19 24,,N/A
1997-05-17,2 5 8 13 18 21,,N/A
1997-05-14,13 14 17 19 29 36,,N/A
1997-05-10,18 21 25 26 28 43,,N/A
1997-05-07,2 8 9 11 19 39,,N/A
1997-05-03,17 28 31 36 40 44,,N/A
1997-04-30,28 31 34 37 42 48,,N/A
1997-04-26,9 12 14 30 37 39,,N/A
1997-04-23,1 6 24 33 35 42,,N/A
1997-04-19,2 12 17 27 34 43,,N/A
1997-04-16,11 14 24 39 43 48,,N/A
1997-04-12,9 22 23 28 37 47,,N/A
1997-04-09,28 32 41 42 44 48,,N/A
1997-04-05,9 18 24 32 47 49,,N/A
1997-04-02,7 10 16 17 33 46,,N/A
1997-03-29,11 19 34 37 43 49,,N/A
1997-03-26,2 6 9 12 21 24,,N/A
1997-03-22,3 4 22 25 41 45,,N/A
1997-03-19,10 22 34 37 41 48,,N/A
1997-03-15,3 4 8 13 18 34,,N/A
1997-03-12,2 5 7 10 18 37,,N/A
1997-03-08,1 15 24 26 29 31,,N/A
1997-03-05,10 15 21 24 26 33,,N/A
1997-03-01,2 5 7 13 14 44,,N/A
1997-02-26,10 21 29 32 43 47,,N/A
1997-02-22,4 18 20 22 39 44,,N/A
1997-02-19,5 13 15 24 25 41,,N/A
1997-02-15,12 15 25 32 47 48,,N/A
1997-02-12,2 13 33 34 36 46,,N/A
1997-02-08,3 12 15 29 39 41,,N/A
1997-02-05,1 7 10 27 28 49,,N/A
1997-02-01,6 20 21 37 39 48,,N/A
1997-01-29,12 22 23 27 32 40,,N/A
1997-01-25,4 12 17 38 40 47,,N/A
1997-01-22,25 29 31 39 46 49,,N/A
1997-01-18,14 21 23 25 37 47,,N/A
1997-01-15,8 17 20 27 37 42,,N/A
1997-01-11,2 20 37 44 47 48,,N/A
1997-01-08,13 19 22 38 40 41,,N/A
1997-01-04,23 26 32 35 39 49,,N/A
1997-01-01,7 14 18 32 37 49,,N/A
1996-12-28,13 31 35 38 44 45,,N/A
1996-12-21,2 5 11 16 28 44,,N/A
1996-12-18,2 5 24 39 40 47,,N/A
1996-12-14,12 17 25 32 48 49,,N/A
1996-12-11,11 17 29 37 38 41,,N/A
1996-12-07,1 11 19 28 45 46,,N/A
1996-12-04,10 15 17 27 47 49,,N/A
1996-11-30,4 11 19 42 46 49,,N/A
1996-11-27,2 4 5 17 36 46,,N/A
1996-11-23,2 12 25 26 31 34,,N/A
1996-11-20,10 11 24 34 38 45,,N/A
1996-11-16,8 10 19 40 44 45,,N/A
1996-11-13,14 15 22 31 32 39,,N/A
1996-11-09,2 5 21 22 37 46,,N/A
1996-11-06,7 13 14 44 45 48,,N/A
1996-11-02,12 13 26 32 38 46,,N/A
1996-10-30,15 21 33 43 45 49,,N/A
1996-10-26,4 5 26 27 28 31,,N/A
1996-10-23,7 33 36 42 45 47,,N/A
1996-10-19,8 12 15 17 31 35,,N/A
1996-10-16,2 7 20 28 38 48,,N/A
1996-10-12,5 11 16 22 25 29,,N/A
1996-10-09,14 18 22 29 39 44,,N/A
1996-10-05,8 19 39 43 44 48,,N/A
1996-10-02,18 19 34 36 37 43,,N/A
1996-09-28,16 18 19 22 28 35,,N/A
1996-09-25,4 6 39 43 45 47,,N/A
1996-09-21,10 13 28 30 34 48,,N/A
1996-09-18,5 9 17 27 47 49,,N/A
1996-09-14,5 19 25 31 40 46,,N/A
1996-09-11,9 12 14 24 36 49,,N/A
1996-09-07,2 4 14 23 41 49,,N/A
1996-09-04,15 17 22 33 39 46,,N/A
1996-08-31,3 20 29 41 45 49,,N/A
1996-08-28,5 6 10 24 41 45,,N/A
1996-08-24,6 7 27 30 42 47,,N/A
1996-08-21,3 10 15 16 26 49,,N/A
1996-08-17,1 10 11 32 36 45,,N/A
1996-08-14,8 31 32 37 38 39,,N/A
1996-08-10,7 19 24 34 36 39,,N/A
1996-08-07,1 14 24 25 36 41,,N/A
1996-08-03,18 26 32 34 35 45,,N/A
1996-07-31,1 11 14 38 43 49,,N/A
1996-07-27,2 5 13 26 28 46,,N/A
1996-07-24,17 18 32 33 34 47,,N/A
1996-07-20,15 18 29 35 42 49,,N/A
1996-07-17,12 21 37 40 44 48,,N/A
1996-07-13,3 4 7 8 13 49,,N/A
1996-07-10,3 10 16 38 43 48,,N/A
1996-07-06,5 12 18 25 40 47,,N/A
1996-07-03,14 16 29 35 37 38,,N/A
1996-06-29,4 10 13 16 27 38,,N/A
1996-06-26,16 24 28 36 37 45,,N/A
1996-06-22,6 20 21 24 35 49,,N/A
1996-06-19,4 22 25 26 33 37,,N/A
1996-06-15,3 22 27 30 36 40,,N/A
1996-06-12,3 4 9 10 17 23,,N/A
1996-06-08,2 3 15 19 25 30,,N/A
1996-06-05,14 32 33 34 42 43,,N/A
1996-06-01,1 11 14 34 38 41,,N/A
1996-05-29,1 2 6 29 34 49,,N/A
1996-05-25,1 29 32 37 41 47,,N/A
1996-05-22,4 17 25 28 35 40,,N/A
1996-05-18,3 16 24 28 38 46,,N/A
1996-05-15,17 19 27 29 31 39,,N/A
1996-05-11,1 5 8 42 45 48,,N/A
1996-05-08,18 21 24 39 45 46,,N/A
1996-05-04,3 23 28 29 38 45,,N/A
1996-05-01,2 8 20 22 27 46,,N/A
1996-04-27,1 10 13 27 29 47,,N/A
1996-04-24,12 17 20 26 39 48,,N/A
1996-04-20,11 22 25 32 38 41,,N/A
1996-04-17,8 12 22 23 38 43,,N/A
1996-04-13,13 15 20 22 33 41,,N/A
1996-04-10,4 11 31 41 43 46,,N/A
1996-04-06,1 3 20 26 31 44,,N/A
1996-04-03,5 18 21 27 30 41,,N/A
1996-03-30,2 23 32 38 45 48,,N/A
1996-03-27,3 6 20 27 43 44,,N/A
1996-03-23,12 16 23 27 28 34,,N/A
1996-03-20,1 8 10 16 21 34,,N/A
1996-03-16,2 5 10 12 39 40,,N/A
1996-03-13,8 13 18 26 35 42,,N/A
1996-03-09,5 6 8 15 27 39,,N/A
1996-03-06,12 17 19 27 37 49,,N/A
1996-03-02,5 18 28 37 44 45,,N/A
1996-02-28,1 7 19 32 34 47,,N/A
1996-02-24,11 27 28 33 36 45,,N/A
1996-02-21,3 8 20 27 38 47,,N/A
1996-02-17,3 12 15 32 47 48,,N/A
1996-02-14,3 13 14 21 25 34,,N/A
1996-02-10,3 15 21 28 35 43,,N/A
1996-02-07,3 14 24 26 48 49,,N/A
1996-02-03,29 33 37 42 44 45,,N/A
1996-01-31,10 12 16 19 31 41,,N/A
1996-01-27,1 34 35 40 47 49,,N/A
1996-01-24,7 11 13 22 28 39,,N/A
1996-01-20,11 17 21 23 35 46,,N/A
1996-01-17,8 25 32 36 41 43,,N/A
1996-01-13,13 17 25 27 39 45,,N/A
1996-01-10,21 22 27 28 33 42,,N/A
1996-01-06,15 16 19 41 45 47,,N/A
1996-01-03,18 30 34 37 40 49,,N/A
1995-12-30,11 25 29 32 39 42,,N/A
1995-12-27,17 22 26 29 37 47,,N/A
1995-12-23,1 11 26 32 35 39,,N/A
1995-12-20,1 4 13 21 39 42,,N/A
1995-12-16,8 11 27 28 31 43,,N/A
1995-12-13,6 20 25 39 43 46,,N/A
1995-12-09,9 10 26 47 48 49,,N/A
1995-12-06,1 17 34 37 41 42,,N/A
1995-12-02,18 29 30 31 40 49,,N/A
1995-11-29,2 11 16 30 35 43,,N/A
1995-11-25,12 21 23 31 32 43,,N/A
1995-11-22,13 17 20 25 28 35,,N/A
1995-11-18,6 7 10 11 33 47,,N/A
1995-11-15,15 21 24 34 37 38,,N/A
1995-11-11,7 9 29 32 43 46,,N/A
1995-11-08,10 14 19 26 32 41,,N/A
1995-11-04,1 2 8 15 20 33,,N/A
1995-11-01,1 7 13 14 17 33,,N/A
1995-10-28,8 23 27 28 39 48,,N/A
1995-10-25,10 17 23 37 39 42,,N/A
1995-10-21,9 31 33 37 39 47,,N/A
1995-10-18,3 13 24 34 35 43,,N/A
1995-10-14,6 9 26 34 41 43,,N/A
1995-10-11,3 28 30 33 38 45,,N/A
1995-10-07,1 10 11 19 24 40,,N/A
1995-10-04,20 21 34 37 41 43,,N/A
1995-09-30,4 15 26 34 39 47,,N/A
1995-09-27,13 30 35 36 37 46,,N/A
1995-09-23,15 23 27 33 34 44,,N/A
1995-09-20,18 19 20 29 39 49,,N/A
1995-09-16,4 19 22 31 32 45,,N/A
1995-09-13,9 27 31 33 47 49,,N/A
1995-09-09,3 5 12 30 31 32,,N/A
1995-09-06,3 4 8 23 26 41,,N/A
1995-09-02,7 9 21 28 43 47,,N/A
1995-08-30,7 11 24 31 32 46,,N/A
1995-08-26,14 26 28 30 45 47,,N/A
1995-08-23,2 14 17 40 42 49,,N/A
1995-08-19,13 16 21 26 37 41,,N/A
1995-08-16,5 7 9 12 28 29,,N/A
1995-08-12,10 16 20 31 43 44,,N/A
1995-08-09,1 3 26 27 43 44,,N/A
1995-08-05,5 9 12 14 28 49,,N/A
1995-08-02,8 9 10 14 18 37,,N/A
1995-07-29,3 8 13 16 31 48,,N/A
1995-07-26,1 4 13 21 24 27,,N/A
1995-07-22,14 20 21 35 38 43,,N/A
1995-07-19,3 23 33 37 43 45,,N/A
1995-07-15,5 11 13 15 23 49,,N/A
1995-07-12,3 22 37 38 40 49,,N/A
1995-07-08,4 14 16 27 28 30,,N/A
1995-07-05,3 8 28 32 36 39,,N/A
1995-07-01,6 10 20 28 29 35,,N/A
1995-06-28,11 14 17 19 29 41,,N/A
1995-06-24,6 25 26 32 43 44,,N/A
1995-06-21,3 6 10 26 47 48,,N/A
1995-06-17,10 18 19 30 35 37,,N/A
1995-06-14,14 19 31 32 37 44,,N/A
1995-06-10,2 10 17 23 31 42,,N/A
1995-06-07,5 8 14 27 36 41,,N/A
1995-06-03,8 9 15 20 21 33,,N/A
1995-05-31,7 8 10 25 26 37,,N/A
1995-05-27,1 2 4 11 40 43,,N/A
1995-05-24,4 6 24 36 41 46,,N/A
1995-05-20,3 10 12 28 38 49,,N/A
1995-05-17,1 4 12 23 27 44,,N/A
1995-05-13,5 24 30 34 43 48,,N/A
1995-05-10,4 12 39 41 44 47,,N/A
1995-05-06,13 17 19 22 38 48,,N/A
1995-05-03,10 15 20 28 33 48,,N/A
1995-04-29,2 14 21 25 37 39,,N/A
1995-04-26,2 14 24 27 39 44,,N/A
1995-04-22,2 3 4 26 43 48,,N/A
1995-04-19,10 12 13 26 27 46,,N/A
1995-04-15,1 6 9 13 18 19,,N/A
1995-04-12,15 24 35 36 40 48,,N/A
1995-04-08,16 24 25 41 42 47,,N/A
1995-04-05,12 22 23 28 40 43,,N/A
1995-04-01,9 17 26 32 40 48,,N/A
1995-03-29,4 8 11 19 38 48,,N/A
1995-03-25,7 19 31 33 34 46,,N/A
1995-03-22,7 16 17 26 31 35,,N/A
1995-03-18,6 13 23 24 30 40,,N/A
1995-03-15,8 22 23 29 31 41,,N/A
1995-03-11,12 17 20 22 25 46,,N/A
1995-03-08,3 4 10 25 31 33,,N/A
1995-03-04,11 17 23 35 43 47,,N/A
1995-03-01,10 15 21 22 26 33,,N/A
1995-02-25,8 10 21 28 37 48,,N/A
1995-02-22,1 2 5 29 30 31,,N/A
1995-02-18,16 18 35 38 41 43,,N/A
1995-02-15,2 10 15 27 28 36,,N/A
1995-02-11,7 16 21 31 33 49,,N/A
1995-02-08,13 16 17 26 38 47,,N/A
1995-02-04,1 8 17 41 45 46,,N/A
1995-02-01,1 3 16 26 37 43,,N/A
1995-01-28,5 6 10 21 24 48,,N/A
1995-01-25,10 21 22 30 36 48,,N/A
1995-01-21,13 39 41 42 44 47,,N/A
1995-01-18,3 16 22 24 28 43,,N/A
1995-01-14,2 8 19 23 27 34,,N/A
1995-01-11,6 17 19 26 28 31,,N/A
1995-01-07,6 13 24 29 30 37,,N/A
1995-01-04,10 12 17 22 30 38,,N/A
1994-12-31,1 17 26 29 33 41,,N/A
1994-12-28,6 14 21 28 31 39,,N/A
1994-12-24,1 9 11 26 40 43,,N/A
1994-12-21,10 16 25 31 41 49,,N/A
1994-12-17,13 35 38 41 45 49,,N/A
1994-12-14,7 28 36 37 38 40,,N/A
1994-12-10,4 19 20 27 37 39,,N/A
1994-12-07,9 13 16 22 24 49,,N/A
1994-12-03,1 2 22 23 38 46,,N/A
1994-11-30,1 13 15 16 20 21,,N/A
1994-11-26,3 5 25 41 45 48,,N/A
1994-11-23,8 18 20 28 32 42,,N/A
1994-11-19,12 19 30 32 39 47,,N/A
1994-11-16,16 18 32 37 38 42,,N/A
1994-11-12,9 16 17 22 26 49,,N/A
1994-11-09,5 25 34 35 40 47,,N/A
1994-11-05,5 11 18 22 38 41,,N/A
1994-11-02,15 17 22 26 41 42,,N/A
1994-10-29,28 29 30 32 36 44,,N/A
1994-10-26,10 18 25 39 40 43,,N/A
1994-10-22,1 4 8 41 42 49,,N/A
1994-10-19,1 17 32 42 45 46,,N/A
1994-10-15,4 8 16 17 24 47,,N/A
1994-10-12,6 13 16 29 32 41,,N/A
1994-10-08,8 18 27 32 36 49,,N/A
1994-10-05,6 10 13 28 29 46,,N/A
1994-10-01,3 13 18 28 36 44,,N/A
1994-09-28,21 28 32 35 38 43,,N/A
1994-09-24,5 7 12 32 40 47,,N/A
1994-09-21,6 9 19 24 26 30,,N/A
1994-09-17,13 15 21 31 38 46,,N/A
1994-09-14,3 7 21 25 27 30,,N/A
1994-09-10,4 18 23 35 36 37,,N/A
1994-09-07,9 13 21 23 32 41,,N/A
1994-09-03,5 20 21 29 36 37,,N/A
1994-08-31,5 7 12 13 20 25,,N/A
1994-08-27,4 24 36 38 43 49,,N/A
1994-08-24,3 6 13 14 23 31,,N/A
1994-08-20,20 23 24 40 42 44,,N/A
1994-08-17,4 13 15 23 44 45,,N/A
1994-08-13,20 22 31 39 44 47,,N/A
1994-08-10,4 17 19 20 23 42,,N/A
1994-08-06,2 8 13 17 20 47,,N/A
1994-08-03,1 3 21 24 27 35,,N/A
1994-07-30,18 30 32 38 39 45,,N/A
1994-07-27,6 10 19 25 31 46,,N/A
1994-07-23,18 23 27 39 42 44,,N/A
1994-07-20,2 10 15 16 25 42,,N/A
1994-07-16,13 17 24 36 43 47,,N/A
1994-07-13,14 17 18 27 30 47,,N/A
1994-07-09,6 18 30 33 35 48,,N/A
1994-07-06,3 5 15 17 36 39,,N/A
1994-07-02,13 26 27 36 37 38,,N/A
1994-06-29,4 12 21 25 27 48,,N/A
1994-06-25,1 3 11 34 35 36,,N/A
1994-06-22,16 17 19 23 33 34,,N/A
1994-06-18,9 12 23 27 32 35,,N/A
1994-06-15,9 14 15 16 22 39,,N/A
1994-06-11,1 11 19 38 39 47,,N/A
1994-06-08,11 17 21 25 42 44,,N/A
1994-06-04,2 3 11 23 29 38,,N/A
1994-06-01,3 4 7 8 22 23,,N/A
1994-05-28,4 23 25 34 43 46,,N/A
1994-05-25,3 12 20 35 39 45,,N/A
1994-05-21,3 4 24 32 34 36,,N/A
1994-05-18,1 3 21 22 36 40,,N/A
1994-05-14,7 15 22 28 41 43,,N/A
1994-05-11,8 16 18 19 30 32,,N/A
1994-05-07,16 17 21 28 31 34,,N/A
1994-05-04,4 8 11 17 26 27,,N/A
1994-04-30,8 21 22 23 27 43,,N/A
1994-04-27,3 4 6 7 29 30,,N/A
1994-04-23,2 16 18 37 39 49,,N/A
1994-04-20,9 26 38 41 42 48,,N/A
1994-04-16,7 19 25 27 33 48,,N/A
1994-04-13,6 11 34 39 40 44,,N/A
1994-04-09,1 20 21 33 38 46,,N/A
1994-04-06,2 12 20 24 36 44,,N/A
1994-04-02,7 8 14 15 23 32,,N/A
1994-03-30,10 11 28 33 35 40,,N/A
1994-03-26,8 11 16 20 27 49,,N/A
1994-03-23,10 31 34 40 42 49,,N/A
1994-03-19,5 6 7 16 39 46,,N/A
1994-03-16,3 8 22 29 43 49,,N/A
1994-03-12,13 22 40 42 45 47,,N/A
1994-03-09,5 8 17 39 43 45,,N/A
1994-03-05,4 5 11 14 15 18,,N/A
1994-03-02,15 21 24 32 35 39,,N/A
1994-02-26,8 17 20 27 31 49,,N/A
1994-02-23,18 24 30 32 33 35,,N/A
1994-02-19,2 3 11 23 24 26,,N/A
1994-02-16,2 16 28 33 41 48,,N/A
1994-02-12,5 14 31 43 47 49,,N/A
1994-02-09,4 11 15 24 28 33,,N/A
1994-02-05,11 13 16 19 25 36,,N/A
1994-02-02,5 14 15 25 46 49,,N/A
1994-01-29,22 25 27 30 34 42,,N/A
1994-01-26,2 11 24 34 44 45,,N/A
1994-01-22,6 11 15 42 46 47,,N/A
1994-01-19,5 17 21 23 32 40,,N/A
1994-01-15,8 15 28 39 40 45,,N/A
1994-01-12,1 7 14 15 19 47,,N/A
1994-01-08,3 5 6 13 28 49,,N/A
1994-01-05,3 4 5 32 39 49,,N/A
1994-01-01,1 2 24 28 38 44,,N/A
1993-12-29,2 10 18 29 34 46,,N/A
1993-12-22,5 30 36 42 43 46,,N/A
1993-12-18,1 13 28 29 30 49,,N/A
1993-12-15,2 3 24 33 41 49,,N/A
1993-12-11,1 6 12 16 30 37,,N/A
1993-12-08,13 18 27 28 39 49,,N/A
1993-12-04,16 20 31 37 46 48,,N/A
1993-12-01,11 12 14 21 28 42,,N/A
1993-11-27,3 5 6 25 42 44,,N/A
1993-11-24,17 21 26 27 33 49,,N/A
1993-11-20,5 13 23 25 38 49,,N/A
1993-11-17,15 19 22 24 28 39,,N/A
1993-11-13,7 11 16 35 42 43,,N/A
1993-11-10,1 3 6 18 34 43,,N/A
1993-11-06,8 18 19 25 37 38,,N/A
1993-11-03,5 13 16 20 35 49,,N/A
1993-10-30,4 8 18 25 27 38,,N/A
1993-10-27,3 6 16 27 38 42,,N/A
1993-10-23,15 20 36 37 46 49,,N/A
1993-10-20,6 9 22 25 28 29,,N/A
1993-10-16,14 16 32 36 41 44,,N/A
1993-10-13,5 7 21 27 42 43,,N/A
1993-10-09,7 8 24 32 34 38,,N/A
1993-10-06,4 23 33 35 45 49,,N/A
1993-10-02,17 19 28 35 39 49,,N/A
1993-09-29,2 11 16 30 36 43,,N/A
1993-09-25,13 27 28 38 42 45,,N/A
1993-09-22,3 18 21 25 30 32,,N/A
1993-09-18,4 8 19 33 37 38,,N/A
1993-09-15,21 24 40 41 44 46,,N/A
1993-09-11,2 20 25 26 28 47,,N/A
1993-09-08,2 16 26 27 39 42,,N/A
1993-09-04,21 24 27 32 33 48,,N/A
1993-09-01,3 8 12 28 34 45,,N/A
1993-08-28,9 10 29 30 43 47,,N/A
1993-08-25,13 17 20 23 25 43,,N/A
1993-08-21,12 26 36 38 40 45,,N/A
1993-08-18,1 4 10 28 36 39,,N/A
1993-08-14,8 16 20 29 36 43,,N/A
1993-08-11,2 3 29 32 38 48,,N/A
1993-08-07,6 16 25 26 27 41,,N/A
1993-08-04,7 14 17 21 26 46,,N/A
1993-07-31,10 22 25 35 40 43,,N/A
1993-07-28,16 24 30 34 42 45,,N/A
1993-07-24,6 7 8 12 24 39,,N/A
1993-07-21,1 8 17 24 32 45,,N/A
1993-07-17,5 25 34 37 38 41,,N/A
1993-07-14,15 28 34 39 41 47,,N/A
1993-07-10,4 11 24 43 45 47,,N/A
1993-07-07,7 9 12 20 28 46,,N/A
1993-07-03,7 8 19 27 28 40,,N/A
1993-06-30,2 5 13 17 25 45,,N/A
1993-06-26,10 17 21 35 37 38,,N/A
1993-06-23,2 10 13 23 37 39,,N/A
1993-06-19,10 19 35 38 47 49,,N/A
1993-06-16,1 7 8 9 21 26,,N/A
1993-06-12,11 19 21 33 37 45,,N/A
1993-06-09,9 12 15 34 39 47,,N/A
1993-06-05,4 10 30 40 42 46,,N/A
1993-06-02,8 12 27 30 34 36,,N/A
1993-05-29,19 20 24 29 43 45,,N/A
1993-05-26,10 12 13 25 28 34,,N/A
1993-05-22,3 4 11 17 42 44,,N/A
1993-05-19,1 3 27 33 38 49,,N/A
1993-05-15,11 13 15 22 32 49,,N/A
1993-05-12,6 7 27 30 41 45,,N/A
1993-05-08,7 13 24 31 35 39,,N/A
1993-05-05,4 26 34 35 46 48,,N/A
1993-05-01,2 3 23 33 43 48,,N/A
1993-04-28,7 14 15 28 38 42,,N/A
1993-04-24,2 10 11 32 39 43,,N/A
1993-04-21,6 18 20 24 41 47,,N/A
1993-04-17,16 20 23 36 41 43,,N/A
1993-04-14,14 17 28 32 34 40,,N/A
1993-04-10,2 21 23 34 46 48,,N/A
1993-04-07,6 15 25 36 47 49,,N/A
1993-04-03,5 11 23 30 33 45,,N/A
1993-03-31,3 5 9 12 29 32,,N/A
1993-03-27,5 8 13 29 42 44,,N/A
1993-03-24,2 10 11 19 26 40,,N/A
1993-03-20,11 12 22 26 38 49,,N/A
1993-03-17,2 9 10 37 39 46,,N/A
1993-03-13,7 24 28 33 41 49,,N/A
1993-03-10,2 34 35 36 38 41,,N/A
1993-03-06,3 6 13 18 19 20,,N/A
1993-03-03,4 8 13 25 35 38,,N/A
1993-02-27,4 11 13 17 23 43,,N/A
1993-02-24,6 10 24 27 35 42,,N/A
1993-02-20,1 3 20 24 26 41,,N/A
1993-02-17,10 11 17 25 28 48,,N/A
1993-02-13,14 17 20 30 34 44,,N/A
1993-02-10,6 10 37 38 42 46,,N/A
1993-02-06,5 14 19 25 32 47,,N/A
1993-02-03,1 2 4 14 46 47,,N/A
1993-01-30,6 9 21 26 29 39,,N/A
1993-01-27,6 9 34 37 40 47,,N/A
1993-01-23,8 13 18 34 37 42,,N/A
1993-01-20,6 25 26 32 35 43,,N/A
1993-01-16,10 19 21 30 32 40,,N/A
1993-01-13,5 17 27 34 36 46,,N/A
1993-01-09,2 14 19 32 35 42,,N/A
1993-01-06,14 21 22 29 46 48,,N/A
1993-01-02,2 23 31 42 43 49,,N/A
1992-12-30,16 18 24 27 28 29,,N/A
1992-12-26,7 9 16 39 44 45,,N/A
1992-12-23,8 11 21 22 32 45,,N/A
1992-12-19,1 24 30 38 39 45,,N/A
1992-12-16,5 19 22 35 40 45,,N/A
1992-12-12,7 10 14 19 27 38,,N/A
1992-12-09,11 14 25 27 37 46,,N/A
1992-12-05,2 11 15 25 45 49,,N/A
1992-12-02,6 26 31 36 38 47,,N/A
1992-11-28,1 6 9 35 47 49,,N/A
1992-11-25,3 10 27 35 42 43,,N/A
1992-11-21,15 17 19 28 42 47,,N/A
1992-11-18,5 11 25 35 40 41,,N/A
1992-11-14,1 4 17 33 45 47,,N/A
1992-11-11,4 5 9 14 25 39,,N/A
1992-11-07,2 5 15 22 31 36,,N/A
1992-11-04,1 9 28 29 31 33,,N/A
1992-10-31,3 7 25 27 35 36,,N/A
1992-10-28,5 9 16 20 38 46,,N/A
1992-10-24,18 20 26 36 41 47,,N/A
1992-10-21,6 11 19 22 45 48,,N/A
1992-10-17,6 37 38 40 44 47,,N/A
1992-10-14,8 9 27 32 35 42,,N/A
1992-10-10,17 22 23 27 29 40,,N/A
1992-10-07,11 18 24 33 41 43,,N/A
1992-10-03,10 25 30 38 39 42,,N/A
1992-09-30,5 11 24 45 46 47,,N/A
1992-09-26,14 21 33 35 40 44,,N/A
1992-09-23,5 6 22 26 31 42,,N/A
1992-09-19,3 4 24 35 40 42,,N/A
1992-09-16,3 18 27 35 47 49,,N/A
1992-09-12,10 23 26 32 36 39,,N/A
1992-09-09,5 28 36 41 45 49,,N/A
1992-09-05,8 23 28 32 33 40,,N/A
1992-09-02,21 22 31 32 34 48,,N/A
1992-08-29,12 15 23 24 30 43,,N/A
1992-08-26,6 18 32 33 35 41,,N/A
1992-08-22,4 22 25 29 43 44,,N/A
1992-08-19,15 24 29 42 46 47,,N/A
1992-08-15,2 3 29 37 38 46,,N/A
1992-08-12,2 3 6 10 21 48,,N/A
1992-08-08,2 7 13 15 31 48,,N/A
1992-08-05,6 23 24 30 34 39,,N/A
1992-08-01,11 13 19 27 39 41,,N/A
1992-07-29,3 12 34 37 43 45,,N/A
1992-07-25,2 19 20 23 25 42,,N/A
1992-07-22,5 32 34 43 47 49,,N/A
1992-07-18,14 18 20 34 47 49,,N/A
1992-07-15,5 10 15 16 33 48,,N/A
1992-07-11,2 6 13 24 33 49,,N/A
1992-07-08,17 31 33 35 36 41,,N/A
1992-07-04,22 25 41 42 45 48,,N/A
1992-07-01,3 14 15 23 33 35,,N/A
1992-06-27,1 17 19 30 37 40,,N/A
1992-06-24,2 20 28 30 41 45,,N/A
1992-06-20,1 17 25 34 41 48,,N/A
1992-06-17,2 11 17 18 23 48,,N/A
1992-06-13,2 5 12 20 33 39,,N/A
1992-06-10,6 11 13 24 28 37,,N/A
1992-06-06,4 5 12 21 36 38,,N/A
1992-06-03,5 14 17 23 29 42,,N/A
1992-05-30,17 18 21 23 39 40,,N/A
1992-05-27,1 3 14 20 45 48,,N/A
1992-05-23,3 4 8 15 19 29,,N/A
1992-05-20,4 7 14 16 18 20,,N/A
1992-05-16,1 25 30 37 38 42,,N/A
1992-05-13,17 18 25 29 38 43,,N/A
1992-05-09,5 6 10 28 35 40,,N/A
1992-05-06,6 7 25 40 44 46,,N/A
1992-05-02,7 9 10 21 46 48,,N/A
1992-04-29,9 10 16 24 26 44,,N/A
1992-04-25,5 18 26 27 37 46,,N/A
1992-04-22,1 13 25 37 38 40,,N/A
1992-04-18,10 27 37 41 44 47,,N/A
1992-04-15,10 29 37 45 47 49,,N/A
1992-04-11,12 14 18 22 26 33,,N/A
1992-04-08,6 11 13 17 33 41,,N/A
1992-04-04,2 14 19 22 23 46,,N/A
1992-04-01,8 14 15 23 32 41,,N/A
1992-03-28,13 19 38 40 42 46,,N/A
1992-03-25,3 5 20 21 30 36,,N/A
1992-03-21,3 8 21 28 39 45,,N/A
1992-03-18,8 9 13 18 28 40,,N/A
1992-03-14,1 5 15 19 37 39,,N/A
1992-03-11,7 8 16 23 34 35,,N/A
1992-03-07,12 17 34 45 47 49,,N/A
1992-03-04,9 15 32 40 43 45,,N/A
1992-02-29,15 28 31 34 40 43,,N/A
1992-02-26,7 18 35 37 45 47,,N/A
1992-02-22,5 18 29 31 33 39,,N/A
1992-02-19,11 12 26 32 33 40,,N/A
1992-02-15,1 18 20 28 31 48,,N/A
1992-02-12,8 32 37 40 43 46,,N/A
1992-02-08,7 20 27 32 40 41,,N/A
1992-02-05,2 8 14 37 38 46,,N/A
1992-02-01,8 13 16 35 38 43,,N/A
1992-01-29,2 11 16 24 29 47,,N/A
1992-01-25,5 7 17 27 38 45,,N/A
1992-01-22,7 13 22 26 38 40,,N/A
1992-01-18,2 7 12 16 28 47,,N/A
1992-01-15,8 24 25 29 41 43,,N/A
1992-01-11,3 15 19 27 30 35,,N/A
1992-01-08,3 15 26 28 36 39,,N/A
1992-01-04,10 14 17 38 39 46,,N/A
1992-01-01,14 15 17 18 20 35,,N/A
1991-12-28,3 14 17 34 36 40,,N/A
1991-12-21,2 6 26 35 40 43,,N/A
1991-12-18,21 23 30 38 45 47,,N/A
1991-12-14,2 12 30 33 39 47,,N/A
1991-12-11,9 18 20 22 34 46,,N/A
1991-12-07,17 20 22 24 35 47,,N/A
1991-12-04,17 22 24 39 40 48,,N/A
1991-11-30,16 21 22 31 40 45,,N/A
1991-11-27,2 26 32 37 38 41,,N/A
1991-11-23,3 26 43 44 47 49,,N/A
1991-11-20,5 13 17 26 35 46,,N/A
1991-11-16,14 16 22 25 30 36,,N/A
1991-11-13,2 4 11 24 41 46,,N/A
1991-11-09,1 7 11 28 37 40,,N/A
1991-11-06,7 31 35 38 41 49,,N/A
1991-11-02,5 15 17 19 22 26,,N/A
1991-10-30,11 19 22 38 42 47,,N/A
1991-10-26,5 15 18 22 38 46,,N/A
1991-10-23,7 18 20 28 30 32,,N/A
1991-10-19,5 15 27 33 36 40,,N/A
1991-10-16,2 13 19 34 40 48,,N/A
1991-10-12,10 16 33 37 40 41,,N/A
1991-10-09,6 22 27 28 32 49,,N/A
1991-10-05,1 11 33 41 43 46,,N/A
1991-10-02,4 19 26 30 31 36,,N/A
1991-09-28,1 15 16 17 29 40,,N/A
1991-09-25,15 18 23 24 47 48,,N/A
1991-09-21,8 12 17 30 36 42,,N/A
1991-09-18,10 15 27 32 39 43,,N/A
1991-09-14,6 8 10 25 38 48,,N/A
1991-09-11,8 11 21 36 39 46,,N/A
1991-09-07,6 9 17 21 26 34,,N/A
1991-09-04,2 5 6 27 31 46,,N/A
1991-08-31,12 25 28 35 40 44,,N/A
1991-08-28,29 30 31 38 42 45,,N/A
1991-08-24,1 3 32 36 41 49,,N/A
1991-08-21,1 11 13 24 28 36,,N/A
1991-08-17,6 26 30 35 38 45,,N/A
1991-08-14,4 7 12 20 43 45,,N/A
1991-08-10,9 30 32 34 46 48,,N/A
1991-08-07,11 14 15 16 23 44,,N/A
1991-08-03,3 4 6 16 28 30,,N/A
1991-07-31,1 8 31 35 46 47,,N/A
1991-07-27,1 11 14 29 35 39,,N/A
1991-07-24,3 8 12 31 45 49,,N/A
1991-07-20,9 25 30 41 45 49,,N/A
1991-07-17,5 10 19 21 22 34,,N/A
1991-07-13,3 16 28 40 41 44,,N/A
1991-07-10,4 11 28 31 34 45,,N/A
1991-07-06,8 13 37 38 41 47,,N/A
1991-07-03,1 7 14 22 27 28,,N/A
1991-06-29,3 7 18 23 26 49,,N/A
1991-06-26,4 18 26 29 42 44,,N/A
1991-06-22,2 7 14 15 17 32,,N/A
1991-06-19,4 11 17 25 33 44,,N/A
1991-06-15,10 12 13 15 18 38,,N/A
1991-06-12,11 23 29 33 38 46,,N/A
1991-06-08,12 17 27 42 48 49,,N/A
1991-06-05,1 5 8 22 32 46,,N/A
1991-06-01,18 27 29 30 39 40,,N/A
1991-05-29,15 17 22 36 42 47,,N/A
1991-05-25,2 22 26 29 41 44,,N/A
1991-05-22,3 7 15 31 46 48,,N/A
1991-05-18,6 12 20 31 35 36,,N/A
1991-05-15,1 5 9 10 32 40,,N/A
1991-05-11,2 18 30 37 38 43,,N/A
1991-05-08,4 6 28 33 45 48,,N/A
1991-05-04,24 25 27 28 44 45,,N/A
1991-05-01,3 14 24 26 48 49,,N/A
1991-04-27,8 10 21 37 40 46,,N/A
1991-04-24,2 17 21 36 41 49,,N/A
1991-04-20,2 8 14 18 27 38,,N/A
1991-04-17,15 17 31 32 37 45,,N/A
1991-04-13,15 19 25 29 32 40,,N/A
1991-04-10,3 4 10 20 28 29,,N/A
1991-04-06,10 15 33 38 42 44,,N/A
1991-04-03,26 27 29 32 34 44,,N/A
1991-03-30,3 17 35 43 47 48,,N/A
1991-03-27,1 6 10 13 34 46,,N/A
1991-03-23,8 10 23 29 46 49,,N/A
1991-03-20,1 16 23 30 39 47,,N/A
1991-03-16,9 10 28 30 34 38,,N/A
1991-03-13,1 2 15 17 22 42,,N/A
1991-03-09,15 23 29 32 42 48,,N/A
1991-03-06,3 19 22 27 36 45,,N/A
1991-03-02,6 9 20 35 42 44,,N/A
1991-02-27,1 24 25 32 36 47,,N/A
1991-02-23,12 22 32 41 44 47,,N/A
1991-02-20,6 19 25 30 41 47,,N/A
1991-02-16,16 17 19 24 35 49,,N/A
1991-02-13,7 11 21 26 42 47,,N/A
1991-02-09,5 8 11 30 38 47,,N/A
1991-02-06,4 23 33 34 41 44,,N/A
1991-02-02,7 18 24 25 26 46,,N/A
1991-01-30,11 16 19 24 33 42,,N/A
1991-01-26,6 13 19 26 29 48,,N/A
1991-01-23,9 18 21 40 41 44,,N/A
1991-01-19,4 15 24 33 45 47,,N/A
1991-01-16,13 15 24 29 30 32,,N/A
1991-01-12,11 17 20 33 35 44,,N/A
1991-01-09,16 17 21 46 47 48,,N/A
1991-01-05,2 17 31 35 43 44,,N/A
1991-01-02,20 33 34 35 38 42,,N/A
1990-12-29,2 17 19 22 25 47,,N/A
1990-12-26,4 20 28 30 41 46,,N/A
1990-12-22,7 14 23 43 46 47,,N/A
1990-12-19,1 2 12 18 23 25,,N/A
1990-12-15,1 7 29 37 45 46,,N/A
1990-12-12,13 24 27 36 40 42,,N/A
1990-12-08,5 14 30 32 41 44,,N/A
1990-12-05,6 9 27 39 42 45,,N/A
1990-12-01,17 21 25 28 40 45,,N/A
1990-11-28,1 11 18 19 26 29,,N/A
1990-11-24,11 14 33 39 40 49,,N/A
1990-11-21,1 16 19 24 40 43,,N/A
1990-11-17,3 5 11 12 21 37,,N/A
1990-11-14,5 6 28 31 38 41,,N/A
1990-11-10,8 9 28 34 35 38,,N/A
1990-11-07,1 6 21 29 45 49,,N/A
1990-11-03,3 16 21 35 39 47,,N/A
1990-10-31,1 6 24 25 32 38,,N/A
1990-10-27,2 19 27 32 48 49,,N/A
1990-10-24,4 10 13 21 28 30,,N/A
1990-10-20,3 18 22 33 38 39,,N/A
1990-10-17,1 7 14 30 35 42,,N/A
1990-10-13,4 7 10 32 41 43,,N/A
1990-10-10,5 12 16 32 33 44,,N/A
1990-10-06,2 19 25 34 38 44,,N/A
1990-10-03,14 17 24 27 32 44,,N/A
1990-09-29,6 12 18 24 26 41,,N/A
1990-09-26,6 9 10 18 25 40,,N/A
1990-09-22,3 19 21 34 37 41,,N/A
1990-09-19,1 2 28 33 38 39,,N/A
1990-09-15,3 20 23 24 26 36,,N/A
1990-09-12,2 6 9 21 27 43,,N/A
1990-09-08,9 27 32 36 37 43,,N/A
1990-09-05,9 18 21 25 30 32,,N/A
1990-09-01,3 24 30 35 38 44,,N/A
1990-08-29,2 12 15 20 21 26,,N/A
1990-08-25,11 15 18 25 34 37,,N/A
1990-08-22,2 18 26 30 31 33,,N/A
1990-08-18,14 17 18 26 29 33,,N/A
1990-08-15,5 7 11 22 40 41,,N/A
1990-08-11,13 14 28 29 31 42,,N/A
1990-08-08,1 13 21 24 34 42,,N/A
1990-08-04,13 18 21 22 25 34,,N/A
1990-08-01,6 7 8 40 41 43,,N/A
1990-07-28,2 3 8 18 19 30,,N/A
1990-07-25,16 18 28 30 31 42,,N/A
1990-07-21,8 9 12 29 31 36,,N/A
1990-07-18,4 18 21 23 24 31,,N/A
1990-07-14,11 20 26 33 38 40,,N/A
1990-07-11,1 3 12 23 26 40,,N/A
1990-07-07,1 7 18 36 37 39,,N/A
1990-07-04,1 2 16 22 26 33,,N/A
1990-06-30,9 10 25 27 30 32,,N/A
1990-06-27,4 19 29 32 37 39,,N/A
1990-06-23,5 13 23 38 42 44,,N/A
1990-06-20,6 7 12 18 22 39,,N/A
1990-06-16,1 2 7 24 37 42,,N/A
1990-06-13,1 10 12 13 15 32,,N/A
1990-06-09,9 13 16 27 33 41,,N/A
1990-06-06,7 15 24 25 33 42,,N/A
1990-06-02,14 21 23 33 39 43,,N/A
1990-05-30,3 8 11 19 35 44,,N/A
1990-05-26,5 12 17 24 33 40,,N/A
1990-05-23,5 8 21 32 40 41,,N/A
1990-05-19,22 23 32 34 39 41,,N/A
1990-05-16,1 7 16 20 34 40,,N/A
1990-05-12,13 30 32 33 34 37,,N/A
1990-05-09,2 12 17 19 32 37,,N/A
1990-05-05,4 5 8 28 30 36,,N/A
1990-05-02,5 6 10 25 38 40,,N/A
1990-04-28,4 14 26 27 36 39,,N/A
1990-04-25,5 10 14 33 36 39,,N/A
1990-04-21,6 17 25 28 35 42,,N/A
1990-04-18,1 10 11 16 17 22,,N/A
1990-04-14,3 6 12 28 30 35,,N/A
1990-04-11,7 17 31 33 34 35,,N/A
1990-04-07,4 7 16 19 30 44,,N/A
1990-04-04,3 5 15 16 36 43,,N/A
1990-03-31,5 18 22 24 27 43,,N/A
1990-03-28,14 15 21 30 31 32,,N/A
1990-03-24,16 21 25 28 29 43,,N/A
1990-03-21,10 11 18 23 26 33,,N/A
1990-03-17,6 13 30 35 40 42,,N/A
1990-03-14,9 14 17 21 34 39,,N/A
1990-03-10,9 14 16 27 31 44,,N/A
1990-03-07,6 17 25 28 31 43,,N/A
1990-03-03,7 10 12 13 26 43,,N/A
1990-02-28,2 14 18 27 34 42,,N/A
1990-02-24,2 4 8 28 40 44,,N/A
1990-02-21,3 7 9 34 36 40,,N/A
1990-02-17,2 8 18 22 37 38,,N/A
1990-02-14,22 33 36 41 42 44,,N/A
1990-02-10,5 22 27 29 40 43,,N/A
1990-02-07,7 12 13 18 34 41,,N/A
1990-02-03,6 8 16 18 31 42,,N/A
1990-01-31,6 16 17 23 26 27,,N/A
1990-01-27,17 19 20 23 25 32,,N/A
1990-01-24,6 16 22 23 28 42,,N/A
1990-01-20,20 23 29 30 38 40,,N/A
1990-01-17,6 7 22 28 37 42,,N/A
1990-01-13,7 11 24 33 38 42,,N/A
1990-01-10,1 4 12 23 42 43,,N/A
1990-01-06,4 24 28 31 42 44,,N/A
1990-01-03,7 19 23 24 31 33,,N/A
1989-12-30,10 21 26 39 41 44,,N/A
1989-12-27,7 11 15 17 21 44,,N/A
1989-12-23,20 25 33 38 40 42,,N/A
1989-12-20,10 19 34 38 41 44,,N/A
1989-12-16,1 2 3 12 31 37,,N/A
1989-12-13,20 31 32 35 38 42,,N/A
1989-12-09,3 4 27 30 42 43,,N/A
1989-12-06,10 17 32 33 34 41,,N/A
1989-12-02,10 26 27 35 38 41,,N/A
1989-11-29,7 11 13 27 32 39,,N/A
1989-11-25,16 17 30 31 33 38,,N/A
1989-11-22,5 14 16 26 37 41,,N/A
1989-11-18,9 16 25 40 41 42,,N/A
1989-11-15,2 6 7 8 22 25,,N/A
1989-11-11,3 5 16 17 18 40,,N/A
1989-11-08,3 11 13 24 39 40,,N/A
1989-11-04,7 10 19 22 36 41,,N/A
1989-11-01,9 19 27 30 31 38,,N/A
1989-10-28,2 5 10 11 29 32,,N/A
1989-10-25,1 8 17 21 26 33,,N/A
1989-10-21,2 13 14 19 22 26,,N/A
1989-10-18,2 16 19 29 32 33,,N/A
1989-10-14,6 17 24 32 41 43,,N/A
1989-10-11,7 10 19 28 29 37,,N/A
1989-10-07,19 23 30 32 33 39,,N/A
1989-10-04,5 8 18 19 22 38,,N/A
1989-09-30,5 6 7 9 27 37,,N/A
1989-09-27,9 21 26 28 31 34,,N/A
1989-09-23,4 11 14 25 42 43,,N/A
1989-09-20,1 18 24 26 29 40,,N/A
1989-09-16,5 9 15 21 29 41,,N/A
1989-09-13,10 15 19 22 31 38,,N/A
1989-09-09,5 6 10 14 43 44,,N/A
1989-09-06,1 3 13 20 40 43,,N/A
1989-09-02,2 27 33 39 40 44,,N/A
1989-08-30,8 17 24 35 39 43,,N/A
1989-08-26,4 8 23 27 30 43,,N/A
1989-08-23,5 10 15 16 26 33,,N/A
1989-08-19,4 20 28 30 32 43,,N/A
1989-08-16,5 13 23 37 42 43,,N/A
1989-08-12,3 12 30 35 36 40,,N/A
1989-08-09,3 20 21 33 35 39,,N/A
1989-08-05,8 16 17 32 40 41,,N/A
1989-08-02,1 10 19 21 38 42,,N/A
1989-07-29,1 2 38 39 43 44,,N/A
1989-07-26,6 12 15 23 29 44,,N/A
1989-07-22,9 12 23 30 42 44,,N/A
1989-07-19,10 13 15 18 25 35,,N/A
1989-07-15,5 26 27 31 33 36,,N/A
1989-07-12,10 11 22 28 30 31,,N/A
1989-07-08,7 21 22 27 32 34,,N/A
1989-07-05,5 6 19 24 30 36,,N/A
1989-07-01,3 19 31 34 35 43,,N/A
1989-06-28,1 7 11 12 23 38,,N/A
1989-06-24,1 3 5 19 32 37,,N/A
1989-06-21,5 22 31 34 39 41,,N/A
1989-06-17,1 4 13 17 24 36,,N/A
1989-06-14,7 11 20 33 37 39,,N/A
1989-06-10,18 20 23 26 30 43,,N/A
1989-06-07,6 21 30 31 32 35,,N/A
1989-06-03,3 15 20 23 31 41,,N/A
1989-05-31,3 8 22 25 32 37,,N/A
1989-05-27,3 4 27 31 35 36,,N/A
1989-05-24,5 7 15 17 22 31,,N/A
1989-05-20,5 8 13 23 29 35,,N/A
1989-05-17,21 23 24 27 30 35,,N/A
1989-05-13,14 27 33 34 37 39,,N/A
1989-05-10,9 23 25 32 37 40,,N/A
1989-05-06,3 5 17 23 31 43,,N/A
1989-05-03,3 10 27 30 31 37,,N/A
1989-04-29,5 7 13 25 26 40,,N/A
1989-04-26,3 21 22 24 25 36,,N/A
1989-04-22,2 3 19 25 30 31,,N/A
1989-04-19,9 10 15 21 31 44,,N/A
1989-04-15,7 8 16 18 27 41,,N/A
1989-04-12,3 10 13 31 36 39,,N/A
1989-04-08,3 17 19 24 27 30,,N/A
1989-04-05,6 12 16 27 36 43,,N/A
1989-04-01,2 5 10 24 34 40,,N/A
1989-03-29,8 13 14 22 33 42,,N/A
1989-03-25,2 21 22 27 32 43,,N/A
1989-03-22,4 9 12 26 29 41,,N/A
1989-03-18,7 15 18 20 26 27,,N/A
1989-03-15,6 10 20 25 30 39,,N/A
1989-03-11,15 22 25 26 33 44,,N/A
1989-03-08,5 6 15 18 24 30,,N/A
1989-03-04,3 5 7 8 14 33,,N/A
1989-03-01,4 25 34 40 43 44,,N/A
1989-02-25,9 10 15 18 28 43,,N/A
1989-02-22,14 26 29 33 35 39,,N/A
1989-02-18,2 5 11 22 36 38,,N/A
1989-02-15,11 16 25 28 29 44,,N/A
1989-02-11,9 21 28 30 38 42,,N/A
1989-02-08,15 16 22 25 28 33,,N/A
1989-02-04,8 15 27 36 39 43,,N/A
1989-02-01,4 17 20 22 33 44,,N/A
1989-01-28,6 9 13 16 24 43,,N/A
1989-01-25,2 7 9 14 28 33,,N/A
1989-01-21,2 10 11 20 29 40,,N/A
1989-01-18,8 25 29 36 37 40,,N/A
1989-01-14,4 24 29 31 36 42,,N/A
1989-01-11,9 11 18 27 28 38,,N/A
1989-01-07,9 26 27 32 33 35,,N/A
1989-01-04,3 26 35 40 41 43,,N/A
1988-12-31,4 17 19 26 27 31,,N/A
1988-12-28,2 23 26 31 36 40,,N/A
1988-12-24,14 19 26 29 31 35,,N/A
1988-12-21,1 3 14 17 18 33,,N/A
1988-12-17,7 12 14 22 26 28,,N/A
1988-12-14,2 4 16 23 29 32,,N/A
1988-12-10,5 12 26 31 40 43,,N/A
1988-12-07,5 6 15 16 34 42,,N/A
1988-12-03,10 15 16 40 43 44,,N/A
1988-11-30,1 14 18 32 34 36,,N/A
1988-11-26,4 17 21 27 29 43,,N/A
1988-11-23,2 5 14 17 29 39,,N/A
1988-11-19,2 13 19 21 26 42,,N/A
1988-11-16,3 8 12 16 22 31,,N/A
1988-11-12,1 10 12 18 22 25,,N/A
1988-11-09,3 14 18 19 32 39,,N/A
1988-11-05,13 17 21 25 32 44,,N/A
1988-11-02,5 8 9 22 24 44,,N/A
1988-10-29,2 8 25 29 34 35,,N/A
1988-10-26,6 14 18 27 39 43,,N/A
1988-10-22,3 17 25 29 33 35,,N/A
1988-10-19,23 25 27 36 41 43,,N/A
1988-10-15,2 5 11 31 33 34,,N/A
1988-10-12,17 23 30 32 33 35,,N/A
1988-10-08,17 21 25 26 37 44,,N/A
1988-10-05,8 12 21 26 30 34,,N/A
1988-10-01,13 15 23 26 37 40,,N/A
1988-09-28,1 4 14 16 21 29,,N/A
1988-09-24,15 24 30 40 41 42,,N/A
1988-09-21,12 23 25 28 30 31,,N/A
1988-09-17,4 5 11 18 30 39,,N/A
1988-09-14,1 11 13 16 24 37,,N/A
1988-09-10,1 15 23 25 26 42,,N/A
1988-09-07,3 6 17 30 37 38,,N/A
1988-09-03,4 25 26 29 35 43,,N/A
1988-08-31,5 14 17 19 21 28,,N/A
1988-08-27,10 16 20 21 24 40,,N/A
1988-08-24,6 8 23 34 35 37,,N/A
1988-08-20,6 17 29 34 39 44,,N/A
1988-08-17,7 9 29 31 35 36,,N/A
1988-08-13,8 10 16 30 39 42,,N/A
1988-08-10,6 19 22 29 36 37,,N/A
1988-08-06,10 11 15 21 31 40,,N/A
1988-08-03,1 9 16 17 20 43,,N/A
1988-07-30,14 20 26 31 33 36,,N/A
1988-07-27,4 6 9 14 21 32,,N/A
1988-07-23,21 24 26 29 39 44,,N/A
1988-07-20,2 4 10 20 21 37,,N/A
1988-07-16,9 12 18 19 33 40,,N/A
1988-07-13,2 5 9 20 30 34,,N/A
1988-07-09,1 2 4 17 19 43,,N/A
1988-07-06,5 18 22 24 32 33,,N/A
1988-07-02,7 15 34 35 36 39,,N/A
1988-06-29,7 13 23 24 25 28,,N/A
1988-06-25,5 12 20 24 25 26,,N/A
1988-06-22,10 22 27 29 31 34,,N/A
1988-06-18,8 11 14 16 29 30,,N/A
1988-06-15,2 8 9 27 32 43,,N/A
1988-06-11,10 16 20 21 29 35,,N/A
1988-06-08,7 11 18 21 28 41,,N/A
1988-06-04,1 2 3 9 17 35,,N/A
1988-06-01,12 13 15 27 38 44,,N/A
1988-05-28,13 15 28 29 31 40,,N/A
1988-05-25,11 12 19 29 33 44,,N/A
1988-05-21,3 12 14 25 41 42,,N/A
1988-05-18,2 5 12 16 21 42,,N/A
1988-05-14,1 10 12 34 38 44,,N/A
1988-05-11,6 9 18 20 27 43,,N/A
1988-05-07,5 9 14 15 19 39,,N/A
1988-05-04,9 10 27 35 40 44,,N/A
1988-04-30,13 17 19 26 29 37,,N/A
1988-04-27,5 7 24 34 38 39,,N/A
1988-04-23,12 16 25 31 36 41,,N/A
1988-04-20,9 13 24 32 35 40,,N/A
1988-04-16,8 17 19 20 37 44,,N/A
1988-04-13,6 12 17 25 41 44,,N/A
1988-04-09,5 20 23 37 38 43,,N/A
1988-04-06,4 5 24 27 34 39,,N/A
1988-04-02,4 18 21 23 33 41,,N/A
1988-03-30,7 8 10 12 15 25,,N/A
1988-03-26,13 14 18 22 38 40,,N/A
1988-03-23,5 7 26 27 30 39,,N/A
1988-03-19,15 19 20 26 39 44,,N/A
1988-03-16,6 23 27 28 30 38,,N/A
1988-03-12,13 17 18 20 23 35,,N/A
1988-03-09,10 18 20 21 36 41,,N/A
1988-03-05,4 14 19 22 23 32,,N/A
1988-03-02,1 10 12 23 24 32,,N/A
1988-02-27,9 11 16 33 36 37,,N/A
1988-02-24,2 5 7 12 34 42,,N/A
1988-02-20,2 5 8 9 31 42,,N/A
1988-02-17,5 8 12 19 23 42,,N/A
1988-02-13,1 2 3 9 29 37,,N/A
1988-02-10,7 12 25 30 31 41,,N/A
1988-02-06,6 8 11 32 37 42,,N/A
1988-02-03,6 10 17 23 30 35,,N/A
1988-01-30,9 12 22 27 31 43,,N/A
1988-01-27,2 6 16 28 31 39,,N/A
1988-01-23,1 13 16 26 27 44,,N/A
1988-01-20,6 10 20 22 34 35,,N/A
1988-01-16,1 16 22 26 42 44,,N/A
1988-01-13,2 7 20 22 28 37,,N/A
1988-01-09,1 9 18 25 40 42,,N/A
1988-01-06,2 5 30 36 42 44,,N/A
1988-01-02,8 18 25 41 43 44,,N/A
1987-12-30,14 16 22 23 39 43,,N/A
1987-12-26,12 21 24 33 34 37,,N/A
1987-12-23,11 16 33 35 36 39,,N/A
1987-12-19,1 5 11 20 30 34,,N/A
1987-12-16,5 21 32 33 38 42,,N/A
1987-12-12,1 13 14 29 32 42,,N/A
1987-12-09,7 13 16 33 36 38,,N/A
1987-12-05,5 7 8 19 22 37,,N/A
1987-12-02,1 12 24 33 37 42,,N/A
1987-11-28,7 18 19 25 33 40,,N/A
1987-11-25,15 18 28 31 35 43,,N/A
1987-11-21,5 8 12 36 40 43,,N/A
1987-11-18,6 7 13 17 40 43,,N/A
1987-11-14,16 17 22 31 32 42,,N/A
1987-11-07,3 15 21 28 34 43,,N/A
1987-10-31,15 22 26 27 32 34,,N/A
1987-10-24,5 14 15 16 31 37,,N/A
1987-10-17,9 28 29 33 39 43,,N/A
1987-10-10,1 9 14 22 30 41,,N/A
1987-10-03,1 4 14 16 17 41,,N/A
1987-09-26,7 17 19 33 35 40,,N/A
1987-09-19,5 12 25 26 27 39,,N/A
1987-09-12,2 8 14 30 34 44,,N/A
1987-09-05,9 22 24 36 39 41,,N/A
1987-08-29,10 13 14 27 37 41,,N/A
1987-08-22,7 21 23 27 29 35,,N/A
1987-08-15,14 17 21 26 38 39,,N/A
1987-08-08,8 12 20 22 33 39,,N/A
1987-08-01,6 13 23 26 42 43,,N/A
1987-07-25,4 11 24 27 42 44,,N/A
1987-07-18,15 16 18 26 31 40,,N/A
1987-07-11,3 8 16 29 38 40,,N/A
1987-07-04,9 10 19 28 33 36,,N/A
1987-06-27,6 9 15 24 26 34,,N/A
1987-06-20,2 25 33 34 42 43,,N/A
1987-06-13,16 17 24 36 37 41,,N/A
1987-06-06,2 4 13 16 17 30,,N/A
1987-05-30,20 26 28 34 43 44,,N/A
1987-05-23,8 9 11 22 23 43,,N/A
1987-05-16,6 27 33 35 38 44,,N/A
1987-05-09,6 8 15 22 26 42,,N/A
1987-05-02,19 27 28 32 40 42,,N/A
1987-04-25,1 6 14 18 21 38,,N/A
1987-04-18,6 11 12 13 38 40,,N/A
1987-04-11,3 9 14 20 39 44,,N/A
1987-04-04,5 6 17 20 25 34,,N/A
1987-03-28,12 23 24 36 37 41,,N/A
1987-03-21,5 14 30 35 38 40,,N/A
1987-03-14,9 15 20 22 26 34,,N/A
1987-03-07,2 4 7 18 22 29,,N/A
1987-02-28,9 18 19 23 30 39,,N/A
1987-02-21,6 21 22 38 43 44,,N/A
1987-02-14,9 13 16 25 32 37,,N/A
1987-02-07,8 10 27 28 32 40,,N/A
1987-01-31,18 20 28 33 39 41,,N/A
1987-01-24,12 13 16 32 37 39,,N/A
1987-01-17,2 9 18 22 23 33,,N/A
1987-01-10,6 7 11 18 20 31,,N/A
1987-01-03,17 20 23 28 32 39,,N/A
1986-12-27,9 10 11 13 14 20,,N/A
1986-12-20,7 23 26 28 33 41,,N/A
1986-12-13,16 19 21 25 28 34,,N/A
1986-12-06,2 18 29 33 36 42,,N/A
1986-11-29,4 8 12 13 42 43,,N/A
1986-11-22,4 7 18 21 28 35,,N/A
1986-11-15,2 5 16 20 25 28,,N/A
1986-11-08,1 3 6 7 21 44,,N/A
1986-11-01,1 11 22 26 31 40,,N/A
1986-10-25,2 3 4 18 22 44,,N/A
1986-10-18,5 9 22 29 39 41,,N/A
1986-10-11,3 8 27 30 33 34,,N/A
1986-10-04,9 14 19 31 33 35,,N/A
1986-09-27,9 16 19 23 29 37,,N/A
1986-09-20,12 29 31 34 37 38,,N/A
1986-09-13,2 10 16 20 36 38,,N/A
1986-09-06,4 15 20 28 31 38,,N/A
1986-08-30,2 11 17 19 25 36,,N/A
1986-08-23,11 20 26 27 33 41,,N/A
1986-08-16,10 12 15 22 25 36,,N/A
1986-08-09,1 5 6 11 13 41,,N/A
1986-08-02,9 13 28 29 42 44,,N/A
1986-07-26,14 15 17 24 37 44,,N/A
1986-07-19,14 17 26 27 42 43,,N/A
1986-07-12,9 10 11 24 32 38,,N/A
1986-07-05,1 20 34 36 37 39,,N/A
1986-06-28,4 10 23 24 30 34,,N/A
1986-06-21,8 10 16 23 35 39,,N/A
1986-06-14,8 9 14 37 38 39,,N/A
1986-06-07,17 18 26 33 38 39,,N/A
1986-05-31,6 11 13 18 27 35,,N/A
1986-05-24,7 23 27 30 39 41,,N/A
1986-05-17,1 7 11 21 29 31,,N/A
1986-05-10,4 5 9 26 40 42,,N/A
1986-05-03,6 10 13 24 26 38,,N/A
1986-04-26,7 13 18 21 27 38,,N/A
1986-04-19,2 3 9 13 28 33,,N/A
1986-04-12,7 17 18 21 26 37,,N/A
1986-04-05,7 11 14 16 20 21,,N/A
1986-03-29,1 7 9 12 30 38,,N/A
1986-03-22,2 5 11 25 31 38,,N/A
1986-03-15,3 11 12 18 19 41,,N/A
1986-03-08,5 18 19 20 39 40,,N/A
1986-03-01,7 10 15 29 31 32,,N/A
1986-02-22,9 18 21 35 40 41,,N/A
1986-02-15,2 13 23 30 38 43,,N/A
1986-02-08,3 4 13 24 26 34,,N/A
1986-02-01,3 7 11 21 23 44,,N/A
1986-01-25,7 8 18 30 38 43,,N/A
1986-01-18,4 13 14 15 19 43,,N/A
1986-01-11,3 9 10 22 38 42,,N/A
1986-01-04,13 17 19 20 24 36,,N/A
1985-12-28,9 21 22 24 25 29,,N/A
1985-12-21,28 34 35 37 40 43,,N/A
1985-12-14,3 4 22 36 40 41,,N/A
1985-12-07,4 8 10 28 32 43,,N/A
1985-11-30,7 12 18 29 32 38,,N/A
1985-11-23,1 13 14 20 25 40,,N/A
1985-11-16,6 7 9 13 28 43,,N/A
1985-11-09,10 22 28 29 35 37,,N/A
1985-11-02,5 11 13 17 33 41,,N/A
1985-10-26,8 13 19 27 29 36,,N/A
1985-10-19,1 4 8 11 14 23,,N/A
1985-10-12,8 9 12 19 22 24,,N/A
1985-10-05,9 10 14 24 26 38,,N/A
1985-09-28,1 2 6 21 28 30,,N/A
1985-09-21,10 12 21 28 29 33,,N/A
1985-09-14,3 5 8 21 22 33,,N/A
1985-09-07,15 18 30 35 38 40,,N/A
1985-08-31,6 24 27 33 34 40,,N/A
1985-08-24,3 6 18 27 29 39,,N/A
1985-08-17,1 7 14 19 21 22,,N/A
1985-08-10,8 21 26 32 35 40,,N/A
1985-08-03,11 16 29 30 35 38,,N/A
1985-07-27,4 6 21 32 34 38,,N/A
1985-07-20,2 4 6 15 34 35,,N/A
1985-07-13,3 19 22 25 26 27,,N/A
1985-07-06,1 10 17 19 20 28,,N/A
1985-06-29,3 18 22 26 27 33,,N/A
1985-06-22,11 20 22 33 36 39,,N/A
1985-06-15,8 14 17 23 27 38,,N/A
1985-06-08,4 14 15 21 29 33,,N/A
1985-06-01,6 7 13 14 23 27,,N/A
1985-05-25,4 8 18 19 38 39,,N/A
1985-05-18,10 15 17 27 36 39,,N/A
1985-05-11,9 14 18 23 31 32,,N/A
1985-05-04,6 7 8 21 25 26,,N/A
1985-04-27,5 6 14 16 30 35,,N/A
1985-04-20,11 13 33 37 38 40,,N/A
1985-04-13,2 13 18 31 33 38,,N/A
1985-04-06,9 12 15 27 35 37,,N/A
1985-03-30,2 3 4 20 23 40,,N/A
1985-03-23,13 17 19 23 29 34,,N/A
1985-03-16,1 4 22 29 33 35,,N/A
1985-03-09,4 12 15 26 37 39,,N/A
1985-03-02,12 17 18 28 29 31,,N/A
1985-02-23,7 15 16 17 22 34,,N/A
1985-02-16,11 14 15 18 26 35,,N/A
1985-02-09,3 4 16 21 23 24,,N/A
1985-02-02,3 10 24 26 27 39,,N/A
1985-01-26,4 5 17 24 31 38,,N/A
1985-01-19,1 10 12 26 34 38,,N/A
1985-01-12,12 14 22 27 34 40,,N/A
1985-01-05,10 19 24 25 30 37,,N/A
1984-12-29,22 24 27 36 39 40,,N/A
1984-12-22,3 11 13 14 15 39,,N/A
1984-12-15,3 22 23 25 33 36,,N/A
1984-12-08,4 6 17 29 33 40,,N/A
1984-12-01,5 11 24 28 32 33,,N/A
1984-11-24,2 3 11 13 15 34,,N/A
1984-11-17,2 6 8 17 19 21,,N/A
1984-11-10,6 7 13 16 34 37,,N/A
1984-11-03,6 14 23 26 37 38,,N/A
1984-10-27,10 11 14 19 27 39,,N/A
1984-10-20,14 21 24 28 29 39,,N/A
1984-10-13,13 15 22 25 37 38,,N/A
1984-10-06,20 27 28 29 37 40,,N/A
1984-09-29,3 9 14 15 24 38,,N/A
1984-09-22,1 12 28 29 31 34,,N/A
1984-09-15,3 11 15 20 23 29,,N/A
1984-09-08,8 11 16 17 29 40,,N/A
1984-09-01,8 20 21 25 32 40,,N/A
1984-08-25,3 4 9 17 21 29,,N/A
1984-08-18,1 8 10 15 32 39,,N/A
1984-08-11,3 6 9 12 32 34,,N/A
1984-08-04,17 27 29 30 34 40,,N/A
1984-07-28,6 16 23 29 33 40,,N/A
1984-07-21,3 21 22 28 29 35,,N/A
